t,d0_x,d0_y,d0_z,d0_zerr,d0_velxy,d0_arm,d0_nav,d0_mpc,d0_solve_ms,d0_fallback,d0_hover,d0_poserr,d1_x,d1_y,d1_z,d1_zerr,d1_velxy,d1_arm,d1_nav,d1_mpc,d1_solve_ms,d1_fallback,d1_hover,d1_poserr,d2_x,d2_y,d2_z,d2_zerr,d2_velxy,d2_arm,d2_nav,d2_mpc,d2_solve_ms,d2_fallback,d2_hover,d2_poserr,min_spacing,formation_max_err,safety_violations,total_fallbacks,max_solve_ms,leader_x,leader_y,leader_vx,leader_vy
1.0,3.029,-0.152,-0.504,4.496,0.062,2,14,0,0.250,0,0,0.127,-0.967,2.562,-0.055,4.945,0.076,2,14,0,0.216,0,0,0.163,-1.649,-2.577,-0.567,4.433,0.048,2,14,0,0.320,0,0,0.020,4.851,0.534,0,0,0.320,0.000,0.000,0.000,0.000
2.0,3.121,-0.086,-1.331,3.669,0.126,2,14,0,0.238,0,0,0.046,-0.799,2.444,-0.762,4.238,0.087,2,14,0,0.244,0,0,0.154,-1.605,-2.570,-1.318,3.682,0.094,2,14,0,0.263,0,0,0.057,4.700,0.718,0,0,0.263,0.000,0.000,0.000,0.000
3.0,3.281,-0.064,-2.439,2.561,0.076,2,14,0,0.262,0,0,0.142,-0.788,2.369,-1.954,3.046,0.073,2,14,0,0.240,0,0,0.161,-1.627,-2.541,-2.435,2.565,0.052,2,14,0,0.258,0,0,0.040,4.765,0.748,0,0,0.262,0.000,0.000,0.000,0.000
4.0,3.309,-0.088,-3.700,1.300,0.039,2,14,0,0.164,0,0,0.161,-0.869,2.295,-3.163,1.837,0.114,2,14,0,0.276,0,0,0.131,-1.718,-2.571,-3.675,1.325,0.053,2,14,0,0.161,0,0,0.057,4.839,0.700,0,0,0.276,0.000,0.000,0.000,0.000
5.0,3.189,-0.105,-4.502,0.498,0.081,2,14,0,0.233,0,0,0.041,-0.911,2.300,-4.260,0.740,0.106,2,14,0,0.188,0,0,0.105,-1.805,-2.522,-4.479,0.521,0.036,2,14,0,0.170,0,0,0.148,4.759,0.660,0,0,0.233,0.000,0.000,0.000,0.000
6.0,3.140,-0.132,-4.777,0.223,0.065,2,14,0,0.165,0,0,0.015,-0.982,2.282,-4.680,0.320,0.084,2,14,0,0.171,0,0,0.123,-1.772,-2.599,-4.722,0.278,0.065,2,14,0,0.163,0,0,0.118,4.778,0.607,0,0,0.171,0.000,0.000,0.000,0.000
7.0,3.072,-0.214,-4.939,0.061,0.048,2,14,0,0.159,0,0,0.122,-1.032,2.312,-4.845,0.155,0.072,2,14,0,0.167,0,0,0.122,-1.697,-2.653,-4.882,0.118,0.074,2,14,0,0.135,0,0,0.099,4.819,0.549,0,0,0.167,0.000,0.000,0.000,0.000
8.0,3.138,-0.238,-4.913,0.087,0.032,2,14,0,0.161,0,0,0.119,-1.100,2.370,-4.935,0.065,0.073,2,14,0,0.138,0,0,0.156,-1.708,-2.691,-4.924,0.076,0.051,2,14,0,0.161,0,0,0.138,4.976,0.461,0,0,0.161,0.000,0.000,0.000,0.000
9.0,3.162,-0.156,-4.950,0.050,0.058,2,14,0,0.156,0,0,0.036,-1.033,2.416,-4.916,0.084,0.076,2,14,0,0.136,0,0,0.088,-1.590,-2.649,-4.945,0.055,0.074,2,14,0,0.154,0,0,0.113,4.921,0.502,0,0,0.156,0.000,0.000,0.000,0.000
10.0,3.132,-0.175,-4.944,0.056,0.054,2,14,0,0.160,0,0,0.057,-0.987,2.483,-4.931,0.069,0.070,2,14,0,0.169,0,0,0.093,-1.580,-2.628,-4.916,0.084,0.068,2,14,0,0.160,0,0,0.106,4.903,0.525,0,0,0.169,0.000,0.000,0.000,0.000
11.0,3.137,-0.135,-4.910,0.090,0.048,2,14,0,0.153,0,0,0.020,-0.893,2.515,-4.998,0.002,0.056,2,14,0,0.149,0,0,0.127,-1.632,-2.574,-5.019,-0.019,0.081,2,14,0,0.162,0,0,0.032,4.824,0.613,0,0,0.162,0.000,0.000,0.000,0.000
12.0,3.037,-0.074,-4.994,0.006,0.043,2,14,0,0.140,0,0,0.124,-0.862,2.451,-5.009,-0.009,0.061,2,14,0,0.180,0,0,0.099,-1.615,-2.535,-5.002,-0.002,0.057,2,14,0,0.165,0,0,0.053,4.645,0.655,0,0,0.180,0.000,0.000,0.000,0.000
13.0,3.054,-0.021,-4.982,0.018,0.056,2,14,0,0.139,0,0,0.140,-0.882,2.371,-4.994,0.006,0.083,2,14,0,0.181,0,0,0.071,-1.683,-2.507,-4.964,0.036,0.044,2,14,0,0.169,0,0,0.058,4.606,0.659,0,0,0.181,0.000,0.000,0.000,0.000
14.0,3.078,-0.037,-4.951,0.049,0.081,2,14,0,0.161,0,0,0.111,-0.976,2.352,-4.975,0.025,0.065,2,14,0,0.207,0,0,0.057,-1.787,-2.453,-4.962,0.038,0.025,2,14,0,0.161,0,0,0.165,4.706,0.579,0,0,0.207,0.000,0.000,0.000,0.000
15.0,3.164,-0.084,-5.032,-0.032,0.091,2,14,0,0.172,0,0,0.039,-1.053,2.367,-5.004,-0.004,0.041,2,14,0,0.186,0,0,0.112,-1.791,-2.478,-5.060,-0.060,0.076,2,14,0,0.211,0,0,0.155,4.879,0.503,0,0,0.211,0.000,0.000,0.000,0.000
16.0,3.264,-0.145,-5.037,-0.037,0.062,2,14,0,0.133,0,0,0.115,-1.111,2.405,-5.071,-0.071,0.027,2,14,0,0.146,0,0,0.164,-1.659,-2.520,-5.016,-0.016,0.105,2,14,0,0.155,0,0,0.041,4.956,0.435,0,0,0.155,0.000,0.000,0.000,0.000
17.0,3.373,-0.081,-5.017,-0.017,0.023,2,14,0,0.193,0,0,0.225,-1.059,2.461,-5.019,-0.019,0.076,2,14,0,0.152,0,0,0.129,-1.590,-2.598,-5.030,-0.030,0.081,2,14,0,0.169,0,0,0.079,5.087,0.462,0,0,0.193,0.000,0.000,0.000,0.000
18.0,3.267,-0.076,-4.951,0.049,0.117,2,14,0,0.156,0,0,0.126,-0.909,2.440,-4.989,0.011,0.098,2,14,0,0.165,0,0,0.055,-1.526,-2.618,-5.071,-0.071,0.024,2,14,0,0.129,0,0,0.146,4.876,0.612,0,0,0.165,0.000,0.000,0.000,0.000
19.0,3.028,-0.095,-5.073,-0.073,0.126,2,14,0,0.170,0,0,0.122,-0.824,2.379,-4.982,0.018,0.052,2,14,0,0.209,0,0,0.132,-1.509,-2.642,-4.898,0.102,0.049,2,14,0,0.191,0,0,0.188,4.579,0.720,0,0,0.209,-0.000,0.029,-0.000,0.132
20.0,2.942,-0.063,-4.972,0.028,0.113,2,14,0,0.161,0,0,0.326,-0.844,2.431,-5.000,-0.000,0.136,2,14,0,0.196,0,0,0.300,-1.547,-2.539,-5.017,-0.017,0.200,2,14,0,0.164,0,0,0.313,4.534,0.815,0,0,0.196,-0.005,0.311,-0.013,0.432
21.0,2.959,0.204,-5.020,-0.020,0.434,2,14,0,0.266,0,0,0.590,-0.841,2.743,-5.047,-0.047,0.467,2,14,0,0.269,0,0,0.572,-1.731,-2.233,-4.943,0.057,0.510,2,14,0,0.187,0,0,0.565,4.570,1.023,0,0,0.269,-0.040,0.892,-0.065,0.729
22.0,3.061,0.859,-5.012,-0.012,0.794,2,14,0,0.219,0,0,0.788,-0.871,3.402,-5.006,-0.006,0.834,2,14,0,0.201,0,0,0.799,-1.780,-1.565,-4.935,0.065,0.857,2,14,0,0.187,0,0,0.771,4.682,1.243,0,0,0.219,-0.157,1.766,-0.182,1.016
23.0,3.076,1.804,-5.078,-0.078,1.155,2,14,0,0.189,0,0,1.052,-1.095,4.358,-4.990,0.010,1.228,2,14,0,0.317,0,0,0.998,-1.946,-0.541,-5.002,-0.002,1.246,2,14,0,0.187,0,0,0.906,4.891,1.427,0,0,0.317,-0.434,2.914,-0.388,1.274
24.0,2.836,3.094,-5.017,-0.017,1.594,2,14,0,0.207,0,0,1.233,-1.479,5.785,-4.981,0.019,1.696,2,14,0,0.191,0,0,0.980,-2.232,0.905,-5.004,-0.004,1.701,2,14,0,0.180,0,0,0.890,4.937,1.458,0,0,0.207,-0.957,4.268,-0.640,1.356
25.0,2.311,4.843,-4.974,0.026,2.043,2,14,0,0.191,0,0,1.050,-2.109,7.612,-5.022,-0.022,2.062,2,14,0,0.162,0,0,0.643,-2.719,2.705,-4.998,0.002,2.022,2,14,0,0.188,0,0,0.708,4.945,1.243,0,0,0.191,-1.696,5.572,-0.836,1.246
26.0,1.378,6.775,-4.945,0.055,2.205,2,14,0,0.238,0,0,0.861,-3.015,9.437,-5.039,-0.039,2.105,2,14,0,0.191,0,0,0.624,-3.588,4.505,-5.036,-0.036,2.063,2,14,0,0.183,0,0,0.764,4.965,1.111,0,0,0.238,-2.622,6.750,-1.013,1.107
27.0,0.080,8.620,-4.951,0.049,2.270,2,14,0,0.220,0,0,1.159,-4.256,11.123,-4.949,0.051,2.104,2,14,0,0.232,0,0,1.029,-4.839,6.167,-5.028,-0.028,2.099,2,14,0,0.220,0,0,1.091,4.991,1.215,0,0,0.232,-3.714,7.777,-1.167,0.943
28.0,-1.545,10.244,-4.949,0.051,2.268,2,14,0,0.215,0,0,1.744,-5.726,12.603,-4.936,0.064,2.047,2,14,0,0.207,0,0,1.573,-6.409,7.569,-5.007,-0.007,2.061,2,14,0,0.186,0,0,1.506,4.800,1.664,0,0,0.215,-4.946,8.629,-1.294,0.758
29.0,-3.304,11.650,-4.986,0.014,2.127,2,14,0,0.222,0,0,2.490,-7.316,13.870,-4.979,0.021,1.929,2,14,0,0.232,0,0,2.184,-8.037,8.710,-5.010,-0.010,1.922,2,14,0,0.202,0,0,1.971,4.585,2.363,0,0,0.232,-6.293,9.287,-1.393,0.556
30.0,-5.037,12.665,-4.985,0.015,1.865,2,14,0,0.208,0,0,3.075,-8.993,14.799,-4.998,0.002,1.751,2,14,0,0.237,0,0,2.674,-9.652,9.625,-5.020,-0.020,1.729,2,14,0,0.195,0,0,2.464,4.495,2.944,0,0,0.237,-7.722,9.737,-1.461,0.342
31.0,-6.697,13.357,-4.892,0.108,1.556,2,14,0,0.351,0,0,3.569,-10.536,15.402,-4.985,0.015,1.549,2,14,0,0.232,0,0,3.059,-11.208,10.100,-4.946,0.054,1.523,2,14,0,0.245,0,0,2.714,4.351,3.425,0,0,0.351,-9.203,9.968,-1.495,0.120
32.0,-8.013,13.694,-4.953,0.047,1.286,2,14,0,0.222,0,0,3.868,-11.972,15.638,-5.043,-0.043,1.399,2,14,0,0.265,0,0,3.279,-12.698,10.245,-4.942,0.058,1.399,2,14,0,0.215,0,0,2.851,4.411,3.732,0,0,0.265,-10.701,9.975,-1.496,-0.105
33.0,-9.337,13.636,-5.017,-0.017,1.245,2,14,0,0.257,0,0,4.010,-13.342,15.479,-5.043,-0.043,1.412,2,14,0,0.223,0,0,3.327,-14.125,10.011,-4.979,0.021,1.408,2,14,0,0.242,0,0,2.828,4.408,3.880,0,0,0.257,-12.184,9.759,-1.464,-0.328
34.0,-10.592,13.163,-5.026,-0.026,1.388,2,14,0,0.668,0,0,3.969,-14.710,14.915,-5.000,0.000,1.558,2,14,0,0.253,0,0,3.202,-15.473,9.362,-5.024,-0.024,1.546,2,14,0,0.262,0,0,2.614,4.475,3.840,0,0,0.668,-13.618,9.323,-1.398,-0.543
35.0,-11.843,12.271,-5.039,-0.039,1.663,2,14,0,0.227,0,0,3.724,-16.038,13.925,-4.952,0.048,1.801,2,14,0,0.243,0,0,2.865,-16.734,8.279,-5.039,-0.039,1.801,2,14,0,0.198,0,0,2.175,4.510,3.596,0,0,0.243,-14.971,8.677,-1.302,-0.746
36.0,-13.152,10.994,-5.034,-0.034,1.995,2,14,0,0.296,0,0,3.291,-17.423,12.491,-4.944,0.056,2.103,2,14,0,0.244,0,0,2.282,-17.938,6.797,-5.087,-0.087,2.115,2,14,0,0.208,0,0,1.522,4.526,3.158,0,0,0.296,-16.211,7.837,-1.176,-0.932
37.0,-14.392,9.306,-4.964,0.036,2.300,2,14,0,0.276,0,0,2.632,-18.589,10.570,-4.955,0.045,2.426,2,14,0,0.178,0,0,1.405,-19.137,4.895,-5.028,-0.028,2.342,2,14,0,0.164,0,0,0.656,4.383,2.487,0,0,0.276,-17.313,6.821,-1.023,-1.097
38.0,-15.456,7.167,-4.995,0.005,2.626,2,14,0,0.192,0,0,1.692,-19.623,8.313,-5.035,-0.035,2.507,2,14,0,0.204,0,0,0.504,-20.130,2.850,-5.025,-0.025,2.212,2,14,0,0.193,0,0,0.325,4.323,1.529,0,0,0.204,-18.250,5.651,-0.848,-1.238
39.0,-16.268,4.581,-5.008,-0.008,2.771,2,14,0,0.206,0,0,0.543,-20.336,6.085,-5.037,-0.037,2.296,2,14,0,0.210,0,0,0.774,-20.980,0.957,-5.003,-0.003,1.971,2,14,0,0.249,0,0,0.895,4.338,0.932,0,0,0.249,-19.002,4.355,-0.653,-1.350
40.0,-16.871,2.012,-5.034,-0.034,2.587,2,14,0,0.215,0,0,0.933,-20.837,4.028,-4.987,0.013,2.056,2,14,0,0.195,0,0,1.359,-21.570,-0.716,-5.053,-0.053,1.681,2,14,0,0.259,0,0,1.171,4.449,1.545,0,0,0.259,-19.552,2.961,-0.444,-1.433
41.0,-17.116,-0.463,-5.007,-0.007,2.399,2,14,0,0.298,0,0,1.880,-21.177,2.184,-5.003,-0.003,1.796,2,14,0,0.276,0,0,1.750,-21.778,-2.188,-5.047,-0.047,1.382,2,14,0,0.191,0,0,1.150,4.413,1.976,0,0,0.298,-19.887,1.500,-0.225,-1.483
42.0,-17.070,-2.764,-5.037,-0.037,2.197,2,14,0,0.210,0,0,2.657,-21.223,0.537,-5.064,-0.064,1.530,2,14,0,0.210,0,0,1.889,-21.790,-3.398,-4.946,0.054,1.093,2,14,0,0.148,0,0,0.853,3.977,2.770,0,0,0.210,-20.000,0.006,-0.001,-1.500
43.0,-16.871,-4.835,-5.020,-0.020,1.977,2,14,0,0.237,0,0,3.227,-21.086,-0.819,-4.995,0.005,1.261,2,14,0,0.213,0,0,1.749,-21.680,-4.388,-5.016,-0.016,1.018,2,14,0,0.159,0,0,0.363,3.618,3.346,0,0,0.237,-19.889,-1.489,0.223,-1.483
44.0,-16.442,-6.591,-4.980,0.020,1.718,2,14,0,0.218,0,0,3.520,-20.659,-1.920,-4.906,0.094,1.054,2,14,0,0.215,0,0,1.380,-21.467,-5.471,-5.005,-0.005,1.162,2,14,0,0.160,0,0,0.253,3.643,3.643,0,0,0.218,-19.555,-2.950,0.442,-1.433
45.0,-15.870,-8.091,-5.008,-0.008,1.476,2,14,0,0.319,0,0,3.625,-19.943,-2.667,-5.000,-0.000,0.956,2,14,0,0.159,0,0,0.722,-21.031,-6.651,-4.942,0.058,1.399,2,14,0,0.154,0,0,0.443,4.130,3.749,0,0,0.319,-19.007,-4.344,0.652,-1.351
46.0,-15.162,-9.200,-4.978,0.022,1.237,2,14,0,0.242,0,0,3.437,-19.038,-3.282,-5.019,-0.019,1.066,2,14,0,0.175,0,0,0.170,-20.423,-7.972,-4.942,0.058,1.628,2,14,0,0.173,0,0,0.555,4.891,3.559,0,0,0.242,-18.257,-5.642,0.846,-1.239
47.0,-14.323,-9.982,-5.004,-0.004,1.089,2,14,0,0.223,0,0,3.053,-18.094,-4.125,-5.013,-0.013,1.283,2,14,0,0.183,0,0,0.336,-19.436,-9.380,-4.972,0.028,1.797,2,14,0,0.167,0,0,0.453,5.148,3.170,0,0,0.223,-17.321,-6.812,1.022,-1.098
48.0,-13.293,-10.429,-5.017,-0.017,1.136,2,14,0,0.304,0,0,2.488,-17.243,-5.094,-4.989,0.011,1.483,2,14,0,0.175,0,0,0.345,-18.168,-10.716,-4.999,0.001,1.837,2,14,0,0.239,0,0,0.434,4.884,2.601,0,0,0.304,-16.221,-7.830,1.174,-0.933
49.0,-12.123,-10.512,-4.993,0.007,1.320,2,14,0,0.187,0,0,1.744,-16.173,-6.212,-5.018,-0.018,1.651,2,14,0,0.175,0,0,0.253,-16.714,-11.759,-5.041,-0.041,1.756,2,14,0,0.228,0,0,0.531,4.757,1.846,0,0,0.228,-14.981,-8.671,1.301,-0.747
50.0,-10.650,-10.189,-5.022,-0.022,1.586,2,14,0,0.163,0,0,0.769,-14.928,-7.198,-5.046,-0.046,1.699,2,14,0,0.198,0,0,0.450,-15.268,-12.527,-5.053,-0.053,1.632,2,14,0,0.229,0,0,0.648,5.176,0.871,0,0,0.229,-13.629,-9.318,1.398,-0.544
51.0,-9.087,-9.747,-5.049,-0.049,1.661,2,14,0,0.194,0,0,0.138,-13.379,-8.008,-5.042,-0.042,1.762,2,14,0,0.205,0,0,0.693,-13.730,-12.891,-5.037,-0.037,1.572,2,14,0,0.173,0,0,0.583,4.631,0.907,0,0,0.205,-12.196,-9.756,1.463,-0.329
52.0,-7.537,-9.403,-4.969,0.031,1.647,2,14,0,0.186,0,0,0.691,-11.674,-8.406,-4.999,0.001,1.742,2,14,0,0.217,0,0,0.829,-12.202,-12.933,-5.068,-0.068,1.538,2,14,0,0.157,0,0,0.429,4.255,1.162,0,0,0.217,-10.713,-9.975,1.496,-0.107
53.0,-5.990,-9.360,-4.910,0.090,1.618,2,14,0,0.161,0,0,0.734,-10.018,-8.452,-5.010,-0.010,1.694,2,14,0,0.189,0,0,0.893,-10.752,-12.757,-5.014,-0.014,1.528,2,14,0,0.194,0,0,0.255,4.130,1.286,0,0,0.194,-9.215,-9.969,1.495,0.118
54.0,-4.491,-9.453,-5.002,-0.002,1.573,2,14,0,0.156,0,0,0.417,-8.387,-8.174,-4.991,0.009,1.668,2,14,0,0.187,0,0,0.884,-9.255,-12.514,-4.993,0.007,1.547,2,14,0,0.156,0,0,0.252,4.100,1.336,0,0,0.187,-7.734,-9.740,1.461,0.340
55.0,-3.003,-9.503,-4.951,0.049,1.512,2,14,0,0.191,0,0,0.174,-6.909,-7.478,-4.927,0.073,1.683,2,14,0,0.160,0,0,0.678,-7.776,-12.047,-5.003,-0.003,1.556,2,14,0,0.157,0,0,0.271,4.400,1.190,0,0,0.191,-6.304,-9.292,1.394,0.554
56.0,-1.587,-9.316,-4.971,0.029,1.435,2,14,0,0.236,0,0,0.601,-5.524,-6.503,-5.010,-0.010,1.690,2,14,0,0.159,0,0,0.464,-6.371,-11.372,-4.919,0.081,1.552,2,14,0,0.152,0,0,0.304,4.838,1.043,0,0,0.236,-4.957,-8.635,1.295,0.757
57.0,-0.287,-8.769,-5.003,-0.003,1.444,2,14,0,0.180,0,0,0.909,-4.283,-5.369,-5.002,-0.002,1.639,2,14,0,0.153,0,0,0.387,-5.022,-10.539,-4.980,0.020,1.543,2,14,0,0.155,0,0,0.411,5.055,1.077,0,0,0.180,-3.723,-7.784,1.168,0.942
58.0,0.885,-7.855,-5.015,-0.015,1.528,2,14,0,0.208,0,0,1.041,-3.211,-4.170,-4.997,0.003,1.530,2,14,0,0.204,0,0,0.412,-3.921,-9.422,-5.040,-0.040,1.517,2,14,0,0.155,0,0,0.385,5.055,1.211,0,0,0.208,-2.630,-6.759,1.014,1.105
59.0,1.868,-6.599,-4.964,0.036,1.716,2,14,0,0.182,0,0,0.989,-2.355,-2.977,-5.002,-0.002,1.422,2,14,0,0.153,0,0,0.358,-2.994,-8.256,-5.081,-0.081,1.503,2,14,0,0.152,0,0,0.387,5.137,1.167,0,0,0.182,-1.703,-5.582,0.837,1.245
60.0,2.709,-4.947,-4.987,0.013,1.917,2,14,0,0.153,0,0,0.761,-1.683,-1.750,-5.003,-0.003,1.373,2,14,0,0.153,0,0,0.250,-2.276,-6.957,-5.036,-0.036,1.517,2,14,0,0.151,0,0,0.365,5.241,0.947,0,0,0.153,-0.962,-4.279,0.642,1.356
61.0,3.139,-3.058,-5.014,-0.014,1.967,2,14,0,0.168,0,0,0.417,-1.151,-0.540,-4.958,0.042,1.374,2,14,0,0.178,0,0,0.228,-1.824,-5.498,-4.949,0.051,1.571,2,14,0,0.201,0,0,0.267,4.975,0.814,0,0,0.201,-0.424,-2.880,0.432,1.436
62.0,3.347,-1.142,-5.054,-0.054,1.836,2,14,0,0.251,0,0,0.483,-0.848,0.855,-5.051,-0.051,1.478,2,14,0,0.161,0,0,0.241,-1.507,-3.987,-5.003,-0.003,1.585,2,14,0,0.155,0,0,0.256,4.646,0.820,0,0,0.251,-0.101,-1.417,0.213,1.485
63.0,3.485,0.569,-5.052,-0.052,1.609,2,14,0,0.208,0,0,0.687,-0.686,2.392,-5.008,-0.008,1.580,2,14,0,0.157,0,0,0.278,-1.355,-2.394,-4.994,0.006,1.596,2,14,0,0.155,0,0,0.319,4.552,0.862,0,0,0.208,-0.000,0.078,-0.012,1.500
64.0,3.283,2.007,-4.993,0.007,1.389,2,14,0,0.151,0,0,0.604,-0.683,4.014,-4.965,0.035,1.633,2,14,0,0.161,0,0,0.390,-1.406,-0.779,-4.952,0.048,1.572,2,14,0,0.152,0,0,0.433,4.445,0.954,0,0,0.161,-0.124,1.572,-0.236,1.481
65.0,2.901,3.277,-4.959,0.041,1.324,2,14,0,0.157,0,0,0.429,-0.979,5.631,-5.030,-0.030,1.646,2,14,0,0.158,0,0,0.481,-1.833,0.712,-4.935,0.065,1.562,2,14,0,0.152,0,0,0.385,4.539,0.991,0,0,0.158,-0.470,3.030,-0.454,1.429
66.0,2.418,4.471,-4.981,0.019,1.359,2,14,0,0.156,0,0,0.343,-1.487,7.106,-5.067,-0.067,1.629,2,14,0,0.163,0,0,0.567,-2.359,2.153,-5.000,-0.000,1.544,2,14,0,0.158,0,0,0.444,4.712,1.046,0,0,0.163,-1.030,4.420,-0.663,1.346
67.0,1.621,5.623,-4.971,0.029,1.477,2,14,0,0.156,0,0,0.263,-2.377,8.470,-5.040,-0.040,1.654,2,14,0,0.203,0,0,0.509,-3.076,3.484,-4.987,0.013,1.559,2,14,0,0.154,0,0,0.503,4.909,0.928,0,0,0.203,-1.791,5.711,-0.857,1.231
68.0,0.609,6.762,-4.977,0.023,1.583,2,14,0,0.152,0,0,0.194,-3.459,9.683,-5.010,-0.010,1.626,2,14,0,0.164,0,0,0.467,-4.103,4.628,-4.965,0.035,1.582,2,14,0,0.146,0,0,0.432,5.008,0.806,0,0,0.164,-2.737,6.873,-1.031,1.090
69.0,-0.589,7.898,-5.033,-0.033,1.664,2,14,0,0.150,0,0,0.173,-4.685,10.655,-5.048,-0.048,1.602,2,14,0,0.153,0,0,0.389,-5.427,5.573,-5.016,-0.016,1.635,2,14,0,0.150,0,0,0.265,4.938,0.683,0,0,0.153,-3.845,7.882,-1.182,0.923
70.0,-1.975,8.809,-5.008,-0.008,1.653,2,14,0,0.154,0,0,0.213,-6.079,11.383,-4.979,0.021,1.592,2,14,0,0.158,0,0,0.267,-6.802,6.376,-5.017,-0.017,1.609,2,14,0,0.146,0,0,0.222,4.844,0.519,0,0,0.158,-5.092,8.713,-1.307,0.736
71.0,-3.385,9.520,-4.985,0.015,1.590,2,14,0,0.155,0,0,0.298,-7.542,11.980,-4.979,0.021,1.574,2,14,0,0.163,0,0,0.264,-8.264,7.041,-4.994,0.006,1.571,2,14,0,0.157,0,0,0.296,4.830,0.428,0,0,0.163,-6.449,9.348,-1.402,0.533
72.0,-4.805,10.098,-4.992,0.008,1.530,2,14,0,0.156,0,0,0.445,-8.981,12.457,-5.024,-0.024,1.522,2,14,0,0.155,0,0,0.312,-9.764,7.478,-5.003,-0.003,1.518,2,14,0,0.151,0,0,0.343,4.797,0.484,0,0,0.156,-7.886,9.774,-1.466,0.317
73.0,-6.275,10.388,-4.972,0.028,1.525,2,14,0,0.258,0,0,0.532,-10.430,12.695,-5.064,-0.064,1.497,2,14,0,0.157,0,0,0.335,-11.217,7.800,-5.032,-0.032,1.459,2,14,0,0.153,0,0,0.423,4.753,0.543,0,0,0.258,-9.371,9.980,-1.497,0.094
74.0,-7.848,10.324,-4.983,0.017,1.548,2,14,0,0.155,0,0,0.500,-11.955,12.665,-4.975,0.025,1.515,2,14,0,0.158,0,0,0.334,-12.614,7.811,-5.000,0.000,1.450,2,14,0,0.151,0,0,0.419,4.728,0.510,0,0,0.158,-10.869,9.962,-1.494,-0.130
75.0,-9.291,9.986,-4.968,0.032,1.576,2,14,0,0.155,0,0,0.398,-13.430,12.470,-4.983,0.017,1.530,2,14,0,0.158,0,0,0.375,-14.112,7.556,-5.065,-0.065,1.525,2,14,0,0.156,0,0,0.410,4.827,0.508,0,0,0.158,-12.348,9.720,-1.458,-0.352
76.0,-10.815,9.361,-5.040,-0.040,1.630,2,14,0,0.158,0,0,0.293,-14.838,11.996,-4.985,0.015,1.559,2,14,0,0.160,0,0,0.355,-15.542,7.037,-5.000,-0.000,1.585,2,14,0,0.189,0,0,0.354,4.809,0.460,0,0,0.189,-13.774,9.260,-1.389,-0.566
77.0,-12.239,8.632,-5.028,-0.028,1.601,2,14,0,0.158,0,0,0.319,-16.260,11.310,-4.991,0.009,1.613,2,14,0,0.155,0,0,0.374,-16.926,6.204,-4.986,0.014,1.628,2,14,0,0.153,0,0,0.228,4.830,0.375,0,0,0.158,-15.116,8.592,-1.289,-0.767
78.0,-13.458,7.733,-4.944,0.056,1.562,2,14,0,0.151,0,0,0.294,-17.627,10.344,-4.931,0.069,1.634,2,14,0,0.155,0,0,0.400,-18.237,5.311,-4.969,0.031,1.610,2,14,0,0.183,0,0,0.272,4.920,0.433,0,0,0.183,-16.342,7.731,-1.160,-0.951
79.0,-14.578,6.624,-5.024,-0.024,1.555,2,14,0,0.191,0,0,0.301,-18.772,9.221,-5.001,-0.001,1.601,2,14,0,0.162,0,0,0.413,-19.413,4.224,-5.018,-0.018,1.587,2,14,0,0.153,0,0,0.331,4.933,0.502,0,0,0.191,-17.426,6.697,-1.005,-1.114
80.0,-15.547,5.493,-5.021,-0.021,1.521,2,14,0,0.155,0,0,0.365,-19.703,7.922,-5.029,-0.029,1.567,2,14,0,0.154,0,0,0.408,-20.406,3.006,-5.043,-0.043,1.552,2,14,0,0.152,0,0,0.399,4.813,0.570,0,0,0.155,-18.344,5.512,-0.827,-1.252
81.0,-16.318,4.204,-5.005,-0.005,1.538,2,14,0,0.169,0,0,0.412,-20.324,6.587,-5.016,-0.016,1.519,2,14,0,0.181,0,0,0.299,-21.155,1.744,-5.062,-0.062,1.526,2,14,0,0.204,0,0,0.429,4.662,0.598,0,0,0.204,-19.074,4.203,-0.630,-1.361
82.0,-16.891,2.769,-4.972,0.028,1.570,2,14,0,0.154,0,0,0.451,-20.764,5.164,-5.054,-0.054,1.523,2,14,0,0.156,0,0,0.221,-21.707,0.304,-4.935,0.065,1.550,2,14,0,0.152,0,0,0.450,4.555,0.615,0,0,0.156,-19.600,2.800,-0.420,-1.440
83.0,-17.219,1.215,-4.971,0.029,1.609,2,14,0,0.153,0,0,0.460,-21.062,3.721,-5.003,-0.003,1.530,2,14,0,0.160,0,0,0.205,-22.020,-1.213,-4.987,0.013,1.586,2,14,0,0.150,0,0,0.448,4.588,0.611,0,0,0.160,-19.911,1.334,-0.200,-1.487
84.0,-17.266,-0.412,-4.981,0.019,1.620,2,14,0,0.153,0,0,0.438,-21.224,2.226,-5.025,-0.025,1.553,2,14,0,0.157,0,0,0.279,-21.995,-2.790,-5.018,-0.018,1.610,2,14,0,0.153,0,0,0.342,4.756,0.498,0,0,0.157,-19.999,-0.162,0.024,-1.500
85.0,-17.024,-1.989,-5.010,-0.010,1.603,2,14,0,0.186,0,0,0.378,-21.140,0.704,-5.051,-0.051,1.574,2,14,0,0.157,0,0,0.334,-21.638,-4.338,-4.997,0.003,1.611,2,14,0,0.157,0,0,0.167,4.919,0.371,0,0,0.186,-19.862,-1.655,0.248,-1.479
86.0,-16.555,-3.509,-5.039,-0.039,1.574,2,14,0,0.164,0,0,0.344,-20.829,-0.822,-4.984,0.016,1.614,2,14,0,0.171,0,0,0.394,-21.185,-5.896,-4.988,0.012,1.591,2,14,0,0.197,0,0,0.226,5.048,0.403,0,0,0.197,-19.504,-3.110,0.466,-1.426
87.0,-15.842,-4.925,-4.985,0.015,1.524,2,14,0,0.163,0,0,0.314,-20.261,-2.372,-4.968,0.032,1.643,2,14,0,0.161,0,0,0.472,-20.791,-7.359,-5.064,-0.064,1.513,2,14,0,0.149,0,0,0.362,5.016,0.505,0,0,0.163,-18.933,-4.495,0.674,-1.340
88.0,-15.091,-6.185,-4.937,0.063,1.474,2,14,0,0.184,0,0,0.296,-19.404,-3.739,-5.026,-0.026,1.638,2,14,0,0.175,0,0,0.466,-20.130,-8.676,-5.004,-0.004,1.486,2,14,0,0.169,0,0,0.456,4.959,0.613,0,0,0.184,-18.161,-5.780,0.867,-1.224
89.0,-14.154,-7.276,-5.001,-0.001,1.462,2,14,0,0.181,0,0,0.238,-18.280,-4.959,-5.059,-0.059,1.609,2,14,0,0.173,0,0,0.438,-19.237,-9.820,-4.988,0.012,1.513,2,14,0,0.167,0,0,0.493,4.732,0.754,0,0,0.181,-17.205,-6.934,1.040,-1.081
90.0,-13.105,-8.289,-5.032,-0.032,1.503,2,14,0,0.155,0,0,0.288,-17.031,-6.024,-5.003,-0.003,1.568,2,14,0,0.161,0,0,0.483,-18.005,-10.806,-5.048,-0.048,1.602,2,14,0,0.154,0,0,0.405,4.532,0.886,0,0,0.161,-16.088,-7.933,1.190,-0.913
91.0,-11.890,-9.163,-4.956,0.044,1.550,2,14,0,0.154,0,0,0.356,-15.732,-6.757,-4.977,0.023,1.500,2,14,0,0.156,0,0,0.400,-16.668,-11.640,-4.999,0.001,1.647,2,14,0,0.155,0,0,0.369,4.533,0.851,0,0,0.156,-14.834,-8.754,1.313,-0.725
92.0,-10.439,-9.844,-4.984,0.016,1.620,2,14,0,0.149,0,0,0.364,-14.375,-7.263,-4.962,0.038,1.490,2,14,0,0.155,0,0,0.284,-15.133,-12.298,-4.982,0.018,1.661,2,14,0,0.149,0,0,0.355,4.707,0.768,0,0,0.155,-13.472,-9.378,1.407,-0.521
93.0,-8.918,-10.306,-5.006,-0.006,1.627,2,14,0,0.157,0,0,0.393,-12.970,-7.573,-4.948,0.052,1.493,2,14,0,0.156,0,0,0.179,-13.560,-12.675,-4.989,0.011,1.613,2,14,0,0.156,0,0,0.343,4.888,0.678,0,0,0.157,-12.032,-9.791,1.469,-0.305
94.0,-7.406,-10.474,-5.044,-0.044,1.617,2,14,0,0.155,0,0,0.368,-11.516,-7.770,-4.962,0.038,1.546,2,14,0,0.158,0,0,0.188,-11.956,-12.844,-5.063,-0.063,1.559,2,14,0,0.151,0,0,0.389,4.920,0.654,0,0,0.158,-10.545,-9.985,1.498,-0.082
95.0,-5.804,-10.392,-5.069,-0.069,1.644,2,14,0,0.152,0,0,0.327,-9.987,-7.766,-5.018,-0.018,1.583,2,14,0,0.154,0,0,0.213,-10.481,-12.805,-5.067,-0.067,1.481,2,14,0,0.153,0,0,0.368,4.939,0.694,0,0,0.154,-9.047,-9.955,1.493,0.143
96.0,-4.131,-10.097,-4.957,0.043,1.631,2,14,0,0.159,0,0,0.398,-8.367,-7.610,-5.012,-0.012,1.617,2,14,0,0.163,0,0,0.344,-8.993,-12.526,-4.997,0.003,1.491,2,14,0,0.154,0,0,0.356,4.912,0.867,0,0,0.163,-7.570,-9.700,1.455,0.364
97.0,-2.648,-9.598,-4.969,0.031,1.555,2,14,0,0.156,0,0,0.428,-6.812,-7.150,-5.054,-0.054,1.595,2,14,0,0.158,0,0,0.427,-7.512,-12.057,-4.975,0.025,1.491,2,14,0,0.153,0,0,0.400,4.832,0.984,0,0,0.158,-6.148,-9.228,1.384,0.578
98.0,-1.267,-8.870,-4.960,0.040,1.519,2,14,0,0.157,0,0,0.442,-5.398,-6.472,-5.087,-0.087,1.570,2,14,0,0.155,0,0,0.484,-6.230,-11.351,-4.983,0.017,1.490,2,14,0,0.153,0,0,0.343,4.778,1.052,0,0,0.157,-4.812,-8.549,1.282,0.778
99.0,-0.078,-8.010,-5.034,-0.034,1.484,2,14,0,0.156,0,0,0.421,-4.169,-5.566,-5.002,-0.002,1.556,2,14,0,0.161,0,0,0.469,-5.028,-10.423,-5.040,-0.040,1.537,2,14,0,0.156,0,0,0.292,4.767,1.043,0,0,0.161,-3.593,-7.678,1.152,0.961
100.0,0.961,-6.944,-4.984,0.016,1.508,2,14,0,0.270,0,0,0.378,-3.144,-4.449,-4.957,0.043,1.575,2,14,0,0.159,0,0,0.385,-3.933,-9.374,-5.096,-0.096,1.555,2,14,0,0.149,0,0,0.304,4.804,0.966,0,0,0.270,-2.517,-6.634,0.995,1.122
101.0,1.821,-5.660,-5.000,-0.000,1.541,2,14,0,0.160,0,0,0.294,-2.227,-3.179,-5.021,-0.021,1.590,2,14,0,0.163,0,0,0.355,-3.020,-8.120,-4.987,0.013,1.569,2,14,0,0.189,0,0,0.276,4.748,0.945,0,0,0.189,-1.610,-5.441,0.816,1.258
102.0,2.492,-4.304,-5.042,-0.042,1.566,2,14,0,0.158,0,0,0.236,-1.516,-1.811,-4.977,0.023,1.594,2,14,0,0.164,0,0,0.331,-2.294,-6.694,-5.025,-0.025,1.587,2,14,0,0.152,0,0,0.253,4.720,0.920,0,0,0.164,-0.891,-4.127,0.619,1.366
103.0,2.983,-2.839,-5.001,-0.001,1.583,2,14,0,0.158,0,0,0.205,-0.968,-0.274,-5.010,-0.010,1.611,2,14,0,0.162,0,0,0.353,-1.736,-5.222,-4.947,0.053,1.567,2,14,0,0.155,0,0,0.302,4.710,0.922,0,0,0.162,-0.377,-2.719,0.408,1.443
104.0,3.362,-1.257,-4.984,0.016,1.579,2,14,0,0.153,0,0,0.305,-0.707,1.344,-5.107,-0.107,1.583,2,14,0,0.159,0,0,0.365,-1.406,-3.687,-5.003,-0.003,1.542,2,14,0,0.154,0,0,0.349,4.831,0.871,0,0,0.159,-0.078,-1.250,0.188,1.488
105.0,3.481,0.277,-4.927,0.073,1.544,2,14,0,0.165,0,0,0.366,-0.645,2.932,-4.997,0.003,1.529,2,14,0,0.162,0,0,0.418,-1.266,-2.190,-4.964,0.036,1.521,2,14,0,0.158,0,0,0.417,4.907,0.862,0,0,0.165,-0.003,0.246,-0.037,1.500
106.0,3.430,1.793,-4.969,0.031,1.531,2,14,0,0.156,0,0,0.466,-0.776,4.365,-5.030,-0.030,1.454,2,14,0,0.162,0,0,0.395,-1.389,-0.690,-5.001,-0.001,1.528,2,14,0,0.152,0,0,0.445,4.931,0.877,0,0,0.162,-0.152,1.737,-0.261,1.477
107.0,3.034,3.300,-5.020,-0.020,1.555,2,14,0,0.191,0,0,0.467,-1.079,5.815,-4.976,0.024,1.482,2,14,0,0.149,0,0,0.451,-1.854,0.790,-4.997,0.003,1.581,2,14,0,0.144,0,0,0.367,4.821,0.944,0,0,0.191,-0.522,3.190,-0.478,1.422
108.0,2.409,4.718,-5.023,-0.023,1.562,2,14,0,0.172,0,0,0.452,-1.716,7.193,-5.002,-0.002,1.532,2,14,0,0.160,0,0,0.403,-2.504,2.207,-4.992,0.008,1.594,2,14,0,0.160,0,0,0.329,4.811,0.890,0,0,0.172,-1.105,4.570,-0.686,1.334
109.0,1.580,6.020,-5.030,-0.030,1.579,2,14,0,0.153,0,0,0.432,-2.530,8.463,-4.979,0.021,1.566,2,14,0,0.157,0,0,0.373,-3.285,3.538,-5.049,-0.049,1.581,2,14,0,0.154,0,0,0.365,4.782,0.858,0,0,0.157,-1.888,5.848,-0.877,1.217
110.0,0.435,7.211,-4.937,0.063,1.614,2,14,0,0.152,0,0,0.365,-3.639,9.561,-5.025,-0.025,1.611,2,14,0,0.152,0,0,0.232,-4.215,4.767,-5.040,-0.040,1.602,2,14,0,0.148,0,0,0.449,4.704,0.715,0,0,0.152,-2.853,6.995,-1.049,1.072
111.0,-0.799,8.195,-4.988,0.012,1.583,2,14,0,0.170,0,0,0.333,-4.938,10.586,-4.944,0.056,1.640,2,14,0,0.166,0,0,0.203,-5.459,5.753,-5.014,-0.014,1.633,2,14,0,0.162,0,0,0.377,4.780,0.541,0,0,0.170,-3.979,7.984,-1.198,0.903
112.0,-2.140,8.996,-5.042,-0.042,1.548,2,14,0,0.155,0,0,0.328,-6.284,11.438,-4.971,0.029,1.593,2,14,0,0.158,0,0,0.263,-6.872,6.562,-4.984,0.016,1.638,2,14,0,0.188,0,0,0.330,4.810,0.458,0,0,0.188,-5.239,8.794,-1.319,0.714
113.0,-3.496,9.558,-5.038,-0.038,1.516,2,14,0,0.150,0,0,0.276,-7.641,12.148,-4.985,0.015,1.520,2,14,0,0.158,0,0,0.345,-8.406,7.119,-5.008,-0.008,1.609,2,14,0,0.184,0,0,0.297,4.887,0.487,0,0,0.184,-6.607,9.407,-1.411,0.509
114.0,-4.962,9.942,-4.995,0.005,1.519,2,14,0,0.158,0,0,0.258,-9.031,12.627,-4.996,0.004,1.490,2,14,0,0.168,0,0,0.416,-9.907,7.590,-5.019,-0.019,1.547,2,14,0,0.157,0,0,0.386,4.874,0.565,0,0,0.168,-8.051,9.808,-1.471,0.292
115.0,-6.435,10.169,-4.994,0.006,1.532,2,14,0,0.157,0,0,0.302,-10.558,12.816,-5.020,-0.020,1.528,2,14,0,0.161,0,0,0.430,-11.374,7.775,-5.031,-0.031,1.500,2,14,0,0.153,0,0,0.382,4.900,0.532,0,0,0.161,-9.538,9.989,-1.498,0.069
116.0,-8.003,10.164,-4.963,0.037,1.557,2,14,0,0.156,0,0,0.356,-12.054,12.776,-5.008,-0.008,1.546,2,14,0,0.199,0,0,0.436,-12.817,7.672,-5.032,-0.032,1.493,2,14,0,0.150,0,0,0.307,4.820,0.535,0,0,0.199,-11.036,9.946,-1.492,-0.155
117.0,-9.575,9.862,-4.971,0.029,1.572,2,14,0,0.160,0,0,0.368,-13.559,12.460,-5.055,-0.055,1.594,2,14,0,0.208,0,0,0.395,-14.321,7.372,-5.032,-0.032,1.523,2,14,0,0.156,0,0,0.290,4.758,0.487,0,0,0.208,-12.511,9.680,-1.452,-0.377
118.0,-11.000,9.348,-4.937,0.063,1.563,2,14,0,0.163,0,0,0.349,-15.085,11.857,-5.064,-0.064,1.639,2,14,0,0.157,0,0,0.332,-15.766,6.871,-5.001,-0.001,1.546,2,14,0,0.155,0,0,0.292,4.795,0.433,0,0,0.163,-13.929,9.196,-1.379,-0.589
119.0,-12.362,8.615,-5.071,-0.071,1.576,2,14,0,0.191,0,0,0.340,-16.540,11.044,-5.031,-0.031,1.623,2,14,0,0.160,0,0,0.355,-17.163,6.167,-5.026,-0.026,1.564,2,14,0,0.152,0,0,0.329,4.834,0.480,0,0,0.191,-15.260,8.505,-1.276,-0.789
120.0,-13.667,7.685,-4.976,0.024,1.582,2,14,0,0.153,0,0,0.387,-17.788,10.147,-4.953,0.047,1.559,2,14,0,0.159,0,0,0.385,-18.406,5.291,-5.060,-0.060,1.552,2,14,0,0.154,0,0,0.354,4.801,0.509,0,0,0.159,-16.471,7.624,-1.144,-0.971
121.0,-14.764,6.633,-5.020,-0.020,1.549,2,14,0,0.192,0,0,0.419,-18.813,9.061,-5.014,-0.014,1.518,2,14,0,0.157,0,0,0.340,-19.489,4.292,-4.983,0.017,1.589,2,14,0,0.150,0,0,0.404,4.721,0.552,0,0,0.192,-17.538,6.571,-0.986,-1.131
122.0,-15.623,5.366,-5.072,-0.072,1.556,2,14,0,0.156,0,0,0.359,-19.725,7.849,-4.981,0.019,1.529,2,14,0,0.192,0,0,0.352,-20.500,3.045,-4.968,0.032,1.634,2,14,0,0.154,0,0,0.467,4.795,0.626,0,0,0.192,-18.435,5.371,-0.806,-1.265
123.0,-16.250,3.994,-5.023,-0.023,1.568,2,14,0,0.154,0,0,0.266,-20.462,6.537,-5.023,-0.023,1.521,2,14,0,0.154,0,0,0.382,-21.192,1.612,-4.975,0.025,1.642,2,14,0,0.150,0,0,0.407,4.919,0.572,0,0,0.154,-19.143,4.050,-0.607,-1.371
124.0,-16.765,2.503,-4.988,0.012,1.587,2,14,0,0.194,0,0,0.270,-20.928,5.120,-4.984,0.016,1.554,2,14,0,0.158,0,0,0.346,-21.652,0.120,-4.989,0.011,1.631,2,14,0,0.154,0,0,0.348,4.918,0.513,0,0,0.194,-19.646,2.638,-0.396,-1.447
125.0,-17.054,0.996,-4.955,0.045,1.577,2,14,0,0.166,0,0,0.278,-21.185,3.551,-5.066,-0.066,1.604,2,14,0,0.180,0,0,0.307,-21.876,-1.514,-5.003,-0.003,1.637,2,14,0,0.168,0,0,0.307,4.858,0.452,0,0,0.180,-19.932,1.167,-0.175,-1.490
126.0,-17.171,-0.560,-4.988,0.012,1.570,2,14,0,0.160,0,0,0.345,-21.232,1.955,-5.066,-0.066,1.602,2,14,0,0.163,0,0,0.313,-21.951,-3.152,-5.024,-0.024,1.589,2,14,0,0.158,0,0,0.394,4.777,0.508,0,0,0.163,-19.995,-0.330,0.050,-1.499
127.0,-17.077,-2.157,-5.011,-0.011,1.568,2,14,0,0.170,0,0,0.450,-21.020,0.370,-5.020,-0.020,1.589,2,14,0,0.182,0,0,0.319,-21.772,-4.667,-5.044,-0.044,1.515,2,14,0,0.200,0,0,0.399,4.684,0.514,0,0,0.200,-19.833,-1.820,0.273,-1.475
128.0,-16.617,-3.617,-4.989,0.011,1.546,2,14,0,0.159,0,0,0.390,-20.655,-1.174,-5.017,-0.017,1.549,2,14,0,0.156,0,0,0.399,-21.398,-6.080,-5.034,-0.034,1.486,2,14,0,0.188,0,0,0.380,4.720,0.583,0,0,0.188,-19.451,-3.269,0.490,-1.418
129.0,-15.956,-5.014,-4.967,0.033,1.555,2,14,0,0.154,0,0,0.353,-20.082,-2.594,-4.991,0.009,1.505,2,14,0,0.155,0,0,0.448,-20.834,-7.488,-5.004,-0.004,1.502,2,14,0,0.153,0,0,0.424,4.783,0.612,0,0,0.155,-18.856,-4.645,0.697,-1.328
130.0,-15.158,-6.290,-4.966,0.034,1.549,2,14,0,0.155,0,0,0.353,-19.275,-3.779,-5.021,-0.021,1.511,2,14,0,0.154,0,0,0.374,-19.952,-8.709,-4.978,0.022,1.535,2,14,0,0.155,0,0,0.325,4.822,0.544,0,0,0.155,-18.062,-5.916,0.887,-1.209
131.0,-14.140,-7.433,-5.013,-0.013,1.574,2,14,0,0.159,0,0,0.328,-18.263,-4.849,-5.036,-0.036,1.545,2,14,0,0.161,0,0,0.300,-18.903,-9.780,-4.969,0.031,1.559,2,14,0,0.153,0,0,0.225,4.866,0.510,0,0,0.161,-17.088,-7.054,1.058,-1.063
132.0,-12.907,-8.418,-4.964,0.036,1.592,2,14,0,0.151,0,0,0.282,-17.122,-5.800,-5.045,-0.045,1.599,2,14,0,0.156,0,0,0.277,-17.826,-10.781,-4.990,0.010,1.589,2,14,0,0.156,0,0,0.281,4.963,0.492,0,0,0.156,-15.954,-8.034,1.205,-0.893
133.0,-11.533,-9.261,-4.993,0.007,1.590,2,14,0,0.160,0,0,0.306,-15.642,-6.739,-5.022,-0.022,1.673,2,14,0,0.165,0,0,0.305,-16.468,-11.637,-5.001,-0.001,1.631,2,14,0,0.153,0,0,0.271,4.821,0.741,0,0,0.165,-14.686,-8.834,1.325,-0.703
134.0,-10.098,-9.927,-4.985,0.015,1.551,2,14,0,0.163,0,0,0.376,-14.158,-7.443,-4.974,0.026,1.603,2,14,0,0.196,0,0,0.421,-14.988,-12.350,-5.029,-0.029,1.629,2,14,0,0.155,0,0,0.354,4.759,0.893,0,0,0.196,-13.314,-9.435,1.415,-0.497
135.0,-8.631,-10.387,-5.014,-0.014,1.512,2,14,0,0.154,0,0,0.445,-12.620,-7.824,-4.967,0.033,1.531,2,14,0,0.157,0,0,0.437,-13.407,-12.813,-5.010,-0.010,1.594,2,14,0,0.151,0,0,0.439,4.742,0.956,0,0,0.157,-11.867,-9.824,1.474,-0.280
136.0,-7.147,-10.522,-4.985,0.015,1.526,2,14,0,0.194,0,0,0.413,-11.252,-7.920,-4.916,0.084,1.479,2,14,0,0.160,0,0,0.333,-11.811,-13.010,-4.956,0.044,1.560,2,14,0,0.155,0,0,0.504,4.861,0.816,0,0,0.194,-10.378,-9.993,1.499,-0.057
137.0,-5.638,-10.394,-4.963,0.037,1.545,2,14,0,0.196,0,0,0.347,-9.822,-7.807,-4.959,0.041,1.515,2,14,0,0.163,0,0,0.270,-10.322,-12.884,-4.959,0.041,1.521,2,14,0,0.154,0,0,0.444,4.918,0.728,0,0,0.196,-8.880,-9.937,1.491,0.168
138.0,-4.183,-10.005,-5.009,-0.009,1.576,2,14,0,0.154,0,0,0.236,-8.279,-7.547,-4.988,0.012,1.576,2,14,0,0.159,0,0,0.299,-8.773,-12.548,-4.959,0.041,1.521,2,14,0,0.152,0,0,0.437,4.777,0.796,0,0,0.159,-7.408,-9.658,1.449,0.389
139.0,-2.693,-9.477,-4.984,0.016,1.599,2,14,0,0.158,0,0,0.242,-6.783,-7.054,-5.026,-0.026,1.607,2,14,0,0.199,0,0,0.331,-7.444,-11.998,-5.010,-0.010,1.505,2,14,0,0.154,0,0,0.344,4.754,0.863,0,0,0.199,-5.993,-9.162,1.374,0.601
140.0,-1.306,-8.729,-4.983,0.017,1.601,2,14,0,0.156,0,0,0.253,-5.370,-6.256,-5.035,-0.035,1.623,2,14,0,0.157,0,0,0.310,-6.174,-11.194,-5.015,-0.015,1.543,2,14,0,0.156,0,0,0.232,4.758,0.891,0,0,0.157,-4.669,-8.461,1.269,0.800
141.0,0.007,-7.830,-4.989,0.011,1.576,2,14,0,0.149,0,0,0.350,-4.063,-5.304,-4.998,0.002,1.589,2,14,0,0.151,0,0,0.373,-4.959,-10.199,-4.998,0.002,1.575,2,14,0,0.141,0,0,0.181,4.790,0.961,0,0,0.151,-3.465,-7.569,1.135,0.980
142.0,1.170,-6.830,-5.004,-0.004,1.538,2,14,0,0.157,0,0,0.471,-2.923,-4.245,-4.926,0.074,1.546,2,14,0,0.160,0,0,0.451,-3.852,-9.127,-4.976,0.024,1.558,2,14,0,0.154,0,0,0.224,4.842,1.039,0,0,0.160,-2.407,-6.507,0.976,1.139
143.0,2.008,-5.586,-5.001,-0.001,1.543,2,14,0,0.167,0,0,0.411,-2.040,-2.991,-4.955,0.045,1.527,2,14,0,0.164,0,0,0.436,-2.827,-7.998,-5.020,-0.020,1.542,2,14,0,0.157,0,0,0.380,4.808,1.021,0,0,0.167,-1.520,-5.300,0.795,1.272
144.0,2.747,-4.175,-5.031,-0.031,1.565,2,14,0,0.153,0,0,0.427,-1.389,-1.580,-4.997,0.003,1.526,2,14,0,0.151,0,0,0.381,-2.047,-6.609,-5.064,-0.064,1.556,2,14,0,0.183,0,0,0.443,4.883,0.956,0,0,0.183,-0.823,-3.973,0.596,1.377
145.0,3.196,-2.668,-4.996,0.004,1.586,2,14,0,0.154,0,0,0.374,-0.978,-0.050,-5.030,-0.030,1.526,2,14,0,0.154,0,0,0.313,-1.595,-5.124,-5.002,-0.002,1.549,2,14,0,0.153,0,0,0.397,4.927,0.859,0,0,0.154,-0.332,-2.557,0.384,1.450
146.0,3.422,-1.105,-4.993,0.007,1.580,2,14,0,0.157,0,0,0.340,-0.730,1.403,-5.065,-0.065,1.502,2,14,0,0.164,0,0,0.284,-1.452,-3.590,-4.949,0.051,1.567,2,14,0,0.160,0,0,0.272,4.852,0.836,0,0,0.164,-0.059,-1.083,0.163,1.491
147.0,3.371,0.416,-4.980,0.020,1.559,2,14,0,0.152,0,0,0.255,-0.697,2.940,-5.016,-0.016,1.532,2,14,0,0.158,0,0,0.282,-1.375,-1.999,-4.979,0.021,1.566,2,14,0,0.155,0,0,0.330,4.788,0.815,0,0,0.158,-0.009,0.414,-0.062,1.499
148.0,3.171,1.962,-4.977,0.023,1.545,2,14,0,0.158,0,0,0.264,-0.830,4.447,-5.059,-0.059,1.517,2,14,0,0.164,0,0,0.330,-1.471,-0.448,-5.057,-0.057,1.536,2,14,0,0.155,0,0,0.428,4.710,0.855,0,0,0.164,-0.183,1.903,-0.285,1.473
149.0,2.868,3.470,-4.972,0.028,1.533,2,14,0,0.165,0,0,0.381,-1.150,5.899,-5.009,-0.009,1.536,2,14,0,0.159,0,0,0.402,-1.846,1.004,-5.024,-0.024,1.538,2,14,0,0.150,0,0,0.448,4.695,0.928,0,0,0.165,-0.577,3.348,-0.502,1.413
150.0,2.266,4.840,-5.034,-0.034,1.534,2,14,0,0.154,0,0,0.385,-1.761,7.274,-4.957,0.043,1.581,2,14,0,0.158,0,0,0.400,-2.564,2.455,-5.024,-0.024,1.570,2,14,0,0.152,0,0,0.409,4.706,0.923,0,0,0.158,-1.183,4.719,-0.708,1.322
151.0,1.479,6.118,-5.025,-0.025,1.545,2,14,0,0.159,0,0,0.406,-2.588,8.658,-4.993,0.007,1.627,2,14,0,0.194,0,0,0.442,-3.445,3.793,-5.030,-0.030,1.549,2,14,0,0.156,0,0,0.423,4.795,0.903,0,0,0.194,-1.988,5.984,-0.898,1.202
152.0,0.418,7.255,-4.952,0.048,1.589,2,14,0,0.160,0,0,0.355,-3.642,9.852,-4.984,0.016,1.637,2,14,0,0.167,0,0,0.437,-4.386,4.927,-4.996,0.004,1.528,2,14,0,0.158,0,0,0.449,4.819,0.841,0,0,0.167,-2.972,7.114,-1.067,1.054
153.0,-0.818,8.266,-5.014,-0.014,1.617,2,14,0,0.154,0,0,0.336,-4.955,10.775,-4.980,0.020,1.656,2,14,0,0.159,0,0,0.309,-5.571,5.810,-4.966,0.034,1.571,2,14,0,0.157,0,0,0.352,4.838,0.665,0,0,0.159,-4.114,8.084,-1.213,0.883
154.0,-2.127,9.136,-5.038,-0.038,1.614,2,14,0,0.156,0,0,0.400,-6.390,11.660,-4.993,0.007,1.646,2,14,0,0.159,0,0,0.391,-7.039,6.524,-5.021,-0.021,1.629,2,14,0,0.127,0,0,0.212,4.954,0.532,0,0,0.159,-5.388,8.873,-1.331,0.692
155.0,-3.554,9.771,-5.062,-0.062,1.616,2,14,0,0.154,0,0,0.432,-7.897,12.237,-5.003,-0.003,1.568,2,14,0,0.158,0,0,0.410,-8.598,7.186,-4.993,0.007,1.611,2,14,0,0.154,0,0,0.322,4.995,0.463,0,0,0.158,-6.766,9.463,-1.419,0.485
156.0,-5.133,10.129,-5.002,-0.002,1.627,2,14,0,0.153,0,0,0.414,-9.381,12.579,-4.993,0.007,1.497,2,14,0,0.157,0,0,0.396,-10.042,7.611,-4.970,0.030,1.519,2,14,0,0.155,0,0,0.364,4.904,0.493,0,0,0.157,-8.216,9.840,-1.476,0.268
157.0,-6.743,10.184,-5.026,-0.026,1.596,2,14,0,0.156,0,0,0.356,-10.841,12.724,-4.989,0.011,1.459,2,14,0,0.157,0,0,0.373,-11.539,7.746,-5.005,-0.005,1.494,2,14,0,0.154,0,0,0.355,4.822,0.481,0,0,0.157,-9.707,9.996,-1.499,0.044
158.0,-8.304,10.099,-5.017,-0.017,1.557,2,14,0,0.154,0,0,0.386,-12.174,12.645,-5.032,-0.032,1.457,2,14,0,0.156,0,0,0.319,-13.027,7.719,-4.981,0.019,1.492,2,14,0,0.146,0,0,0.389,4.632,0.543,0,0,0.156,-11.204,9.927,-1.489,-0.181
159.0,-9.826,9.745,-4.984,0.016,1.525,2,14,0,0.155,0,0,0.381,-13.626,12.362,-4.934,0.066,1.550,2,14,0,0.156,0,0,0.326,-14.475,7.417,-4.891,0.109,1.531,2,14,0,0.153,0,0,0.370,4.614,0.562,0,0,0.156,-12.674,9.636,-1.445,-0.401
160.0,-11.170,9.219,-4.958,0.042,1.485,2,14,0,0.155,0,0,0.314,-15.244,11.786,-4.992,0.008,1.636,2,14,0,0.159,0,0,0.333,-15.893,6.928,-4.999,0.001,1.563,2,14,0,0.155,0,0,0.389,4.815,0.503,0,0,0.159,-14.084,9.128,-1.369,-0.613
161.0,-12.495,8.550,-5.016,-0.016,1.512,2,14,0,0.156,0,0,0.351,-16.615,11.017,-5.034,-0.034,1.600,2,14,0,0.161,0,0,0.331,-17.312,6.117,-5.008,-0.008,1.622,2,14,0,0.157,0,0,0.361,4.802,0.507,0,0,0.161,-15.402,8.416,-1.262,-0.810
162.0,-13.718,7.624,-5.042,-0.042,1.545,2,14,0,0.157,0,0,0.356,-17.890,10.046,-5.019,-0.019,1.590,2,14,0,0.162,0,0,0.370,-18.531,5.122,-4.969,0.031,1.606,2,14,0,0.155,0,0,0.319,4.824,0.479,0,0,0.162,-16.599,7.514,-1.127,-0.990
163.0,-14.731,6.471,-4.988,0.012,1.577,2,14,0,0.160,0,0,0.278,-18.934,8.945,-5.017,-0.017,1.548,2,14,0,0.162,0,0,0.355,-19.563,3.995,-5.011,-0.011,1.589,2,14,0,0.155,0,0,0.278,4.877,0.442,0,0,0.162,-17.647,6.443,-0.966,-1.147
164.0,-15.650,5.167,-4.972,0.028,1.599,2,14,0,0.151,0,0,0.283,-19.837,7.654,-5.028,-0.028,1.540,2,14,0,0.156,0,0,0.367,-20.457,2.746,-4.981,0.019,1.583,2,14,0,0.155,0,0,0.282,4.871,0.447,0,0,0.156,-18.524,5.228,-0.784,-1.279
165.0,-16.375,3.736,-4.976,0.024,1.590,2,14,0,0.164,0,0,0.318,-20.542,6.342,-4.982,0.018,1.520,2,14,0,0.162,0,0,0.388,-21.257,1.347,-4.999,0.001,1.580,2,14,0,0.157,0,0,0.385,4.915,0.549,0,0,0.164,-19.210,3.896,-0.584,-1.382
166.0,-16.882,2.297,-4.942,0.058,1.546,2,14,0,0.157,0,0,0.349,-21.034,4.886,-4.979,0.021,1.531,2,14,0,0.169,0,0,0.399,-21.794,-0.112,-5.002,-0.002,1.552,2,14,0,0.157,0,0,0.444,4.893,0.605,0,0,0.169,-19.689,2.475,-0.371,-1.453
167.0,-17.123,0.898,-4.970,0.030,1.527,2,14,0,0.160,0,0,0.325,-21.278,3.407,-4.998,0.002,1.550,2,14,0,0.158,0,0,0.381,-22.078,-1.679,-5.037,-0.037,1.554,2,14,0,0.198,0,0,0.478,4.854,0.633,0,0,0.198,-19.950,1.000,-0.150,-1.492
168.0,-17.135,-0.576,-4.981,0.019,1.564,2,14,0,0.156,0,0,0.304,-21.260,1.828,-5.002,-0.002,1.591,2,14,0,0.159,0,0,0.333,-21.980,-3.205,-5.062,-0.062,1.542,2,14,0,0.155,0,0,0.358,4.775,0.504,0,0,0.159,-19.988,-0.498,0.075,-1.498
169.0,-16.943,-2.155,-4.999,0.001,1.631,2,14,0,0.154,0,0,0.297,-20.996,0.263,-5.021,-0.021,1.605,2,14,0,0.155,0,0,0.287,-21.770,-4.643,-4.974,0.026,1.537,2,14,0,0.150,0,0,0.321,4.720,0.472,0,0,0.155,-19.801,-1.985,0.298,-1.470
170.0,-16.490,-3.707,-5.048,-0.048,1.641,2,14,0,0.153,0,0,0.290,-20.530,-1.252,-5.057,-0.057,1.592,2,14,0,0.154,0,0,0.287,-21.292,-6.137,-4.995,0.005,1.576,2,14,0,0.151,0,0,0.279,4.727,0.558,0,0,0.154,-19.394,-3.428,0.514,-1.409
171.0,-15.899,-5.253,-5.063,-0.063,1.623,2,14,0,0.157,0,0,0.435,-19.850,-2.677,-5.005,-0.005,1.553,2,14,0,0.195,0,0,0.303,-20.592,-7.526,-4.995,0.005,1.587,2,14,0,0.157,0,0,0.231,4.717,0.644,0,0,0.195,-18.777,-4.793,0.719,-1.316
172.0,-15.056,-6.613,-5.047,-0.047,1.582,2,14,0,0.154,0,0,0.505,-19.054,-3.988,-4.962,0.038,1.526,2,14,0,0.154,0,0,0.367,-19.767,-8.918,-4.955,0.045,1.580,2,14,0,0.149,0,0,0.339,4.784,0.673,0,0,0.154,-17.962,-6.051,0.908,-1.194
173.0,-14.040,-7.756,-4.977,0.023,1.547,2,14,0,0.153,0,0,0.513,-18.054,-5.110,-5.014,-0.014,1.496,2,14,0,0.156,0,0,0.365,-18.807,-10.121,-4.999,0.001,1.549,2,14,0,0.185,0,0,0.426,4.808,0.677,0,0,0.185,-16.968,-7.173,1.076,-1.045
174.0,-12.830,-8.643,-4.930,0.070,1.542,2,14,0,0.151,0,0,0.422,-16.939,-6.063,-4.989,0.011,1.507,2,14,0,0.154,0,0,0.373,-17.620,-11.138,-5.014,-0.014,1.536,2,14,0,0.154,0,0,0.466,4.853,0.650,0,0,0.154,-15.818,-8.133,1.220,-0.873
175.0,-11.456,-9.373,-4.984,0.016,1.564,2,14,0,0.153,0,0,0.347,-15.656,-6.814,-5.003,-0.003,1.551,2,14,0,0.157,0,0,0.348,-16.242,-11.873,-5.021,-0.021,1.542,2,14,0,0.162,0,0,0.403,4.918,0.630,0,0,0.162,-14.537,-8.911,1.337,-0.681
176.0,-10.000,-9.897,-4.949,0.051,1.563,2,14,0,0.153,0,0,0.286,-14.238,-7.431,-5.027,-0.027,1.610,2,14,0,0.156,0,0,0.368,-14.810,-12.369,-5.046,-0.046,1.538,2,14,0,0.154,0,0,0.319,4.904,0.682,0,0,0.156,-13.155,-9.489,1.423,-0.473
177.0,-8.522,-10.176,-4.981,0.019,1.569,2,14,0,0.151,0,0,0.203,-12.632,-7.767,-5.049,-0.049,1.656,2,14,0,0.156,0,0,0.313,-13.329,-12.684,-5.022,-0.022,1.548,2,14,0,0.181,0,0,0.271,4.765,0.764,0,0,0.181,-11.701,-9.854,1.478,-0.255
178.0,-6.900,-10.348,-5.023,-0.023,1.569,2,14,0,0.153,0,0,0.278,-11.001,-7.924,-5.027,-0.027,1.621,2,14,0,0.157,0,0,0.361,-11.807,-12.800,-4.955,0.045,1.556,2,14,0,0.157,0,0,0.250,4.763,0.881,0,0,0.157,-10.209,-9.998,1.500,-0.031
179.0,-5.362,-10.371,-5.036,-0.036,1.537,2,14,0,0.153,0,0,0.388,-9.335,-7.845,-5.029,-0.029,1.578,2,14,0,0.158,0,0,0.461,-10.265,-12.732,-4.955,0.045,1.557,2,14,0,0.188,0,0,0.277,4.708,1.023,0,0,0.188,-8.713,-9.917,1.488,0.193
180.0,-3.888,-10.103,-4.993,0.007,1.515,2,14,0,0.154,0,0,0.423,-7.783,-7.503,-4.972,0.028,1.504,2,14,0,0.155,0,0,0.501,-8.699,-12.475,-5.015,-0.015,1.569,2,14,0,0.153,0,0,0.365,4.684,1.079,0,0,0.155,-7.246,-9.613,1.442,0.413
181.0,-2.476,-9.547,-4.981,0.019,1.541,2,14,0,0.160,0,0,0.395,-6.483,-6.970,-5.025,-0.025,1.444,2,14,0,0.163,0,0,0.410,-7.285,-11.953,-4.987,0.013,1.550,2,14,0,0.192,0,0,0.369,4.765,0.979,0,0,0.192,-5.840,-9.094,1.364,0.624
182.0,-1.110,-8.738,-4.997,0.003,1.579,2,14,0,0.219,0,0,0.363,-5.297,-6.156,-4.999,0.001,1.475,2,14,0,0.160,0,0,0.257,-5.968,-11.216,-5.002,-0.002,1.560,2,14,0,0.152,0,0,0.361,4.920,0.825,0,0,0.219,-4.528,-8.370,1.255,0.821
183.0,0.138,-7.739,-5.028,-0.028,1.582,2,14,0,0.167,0,0,0.362,-4.171,-5.132,-4.958,0.042,1.536,2,14,0,0.156,0,0,0.136,-4.715,-10.215,-4.968,0.032,1.591,2,14,0,0.153,0,0,0.345,5.036,0.721,0,0,0.167,-3.338,-7.458,1.119,0.999
184.0,1.149,-6.533,-4.991,0.009,1.566,2,14,0,0.159,0,0,0.299,-3.085,-4.115,-4.938,0.062,1.549,2,14,0,0.161,0,0,0.210,-3.574,-9.060,-5.054,-0.054,1.590,2,14,0,0.156,0,0,0.404,4.877,0.788,0,0,0.161,-2.299,-6.379,0.957,1.155
185.0,1.998,-5.260,-4.956,0.044,1.528,2,14,0,0.161,0,0,0.279,-2.179,-2.930,-5.019,-0.019,1.581,2,14,0,0.166,0,0,0.264,-2.755,-7.807,-4.965,0.035,1.547,2,14,0,0.159,0,0,0.349,4.783,0.839,0,0,0.166,-1.432,-5.156,0.773,1.285
186.0,2.686,-3.931,-5.000,0.000,1.517,2,14,0,0.184,0,0,0.287,-1.395,-1.581,-5.025,-0.025,1.612,2,14,0,0.159,0,0,0.350,-2.050,-6.398,-4.983,0.017,1.552,2,14,0,0.154,0,0,0.365,4.709,0.935,0,0,0.184,-0.758,-3.818,0.573,1.386
187.0,3.212,-2.526,-5.071,-0.071,1.516,2,14,0,0.155,0,0,0.349,-0.861,-0.096,-5.008,-0.008,1.643,2,14,0,0.159,0,0,0.390,-1.595,-4.911,-4.932,0.068,1.550,2,14,0,0.153,0,0,0.356,4.743,0.977,0,0,0.159,-0.291,-2.394,0.359,1.456
188.0,3.539,-1.081,-5.007,-0.007,1.544,2,14,0,0.155,0,0,0.433,-0.578,1.524,-5.031,-0.031,1.654,2,14,0,0.163,0,0,0.413,-1.395,-3.355,-4.986,0.014,1.544,2,14,0,0.151,0,0,0.332,4.872,0.977,0,0,0.163,-0.042,-0.916,0.137,1.494
189.0,3.556,0.551,-4.952,0.048,1.609,2,14,0,0.155,0,0,0.431,-0.545,3.197,-5.038,-0.038,1.631,2,14,0,0.155,0,0,0.470,-1.383,-1.837,-5.041,-0.041,1.523,2,14,0,0.151,0,0,0.327,4.881,0.972,0,0,0.155,-0.017,0.582,-0.087,1.497
190.0,3.290,2.123,-5.000,0.000,1.610,2,14,0,0.155,0,0,0.397,-0.749,4.780,-5.004,-0.004,1.565,2,14,0,0.157,0,0,0.518,-1.602,-0.333,-5.129,-0.129,1.529,2,14,0,0.154,0,0,0.318,4.835,0.974,0,0,0.157,-0.216,2.068,-0.310,1.468
191.0,2.781,3.665,-5.025,-0.025,1.594,2,14,0,0.153,0,0,0.385,-1.255,6.244,-4.980,0.020,1.527,2,14,0,0.155,0,0,0.469,-1.965,1.134,-5.001,-0.001,1.542,2,14,0,0.150,0,0,0.381,4.789,0.891,0,0,0.155,-0.635,3.506,-0.526,1.405
192.0,2.091,5.047,-5.036,-0.036,1.555,2,14,0,0.154,0,0,0.365,-1.943,7.559,-5.002,-0.002,1.513,2,14,0,0.158,0,0,0.396,-2.631,2.515,-4.973,0.027,1.556,2,14,0,0.146,0,0,0.361,4.752,0.826,0,0,0.158,-1.264,4.867,-0.730,1.310
193.0,1.218,6.229,-4.999,0.001,1.516,2,14,0,0.193,0,0,0.281,-2.848,8.787,-5.049,-0.049,1.523,2,14,0,0.206,0,0,0.328,-3.473,3.748,-4.954,0.046,1.568,2,14,0,0.153,0,0,0.337,4.803,0.745,0,0,0.206,-2.089,6.117,-0.918,1.187
194.0,0.232,7.366,-4.996,0.004,1.538,2,14,0,0.157,0,0,0.310,-3.893,9.872,-4.997,0.003,1.549,2,14,0,0.192,0,0,0.282,-4.481,4.992,-4.994,0.006,1.618,2,14,0,0.152,0,0,0.422,4.826,0.701,0,0,0.192,-3.092,7.231,-1.085,1.036
195.0,-1.004,8.380,-5.015,-0.015,1.574,2,14,0,0.151,0,0,0.333,-5.097,10.812,-5.080,-0.080,1.575,2,14,0,0.154,0,0,0.251,-5.773,5.990,-5.036,-0.036,1.637,2,14,0,0.146,0,0,0.394,4.761,0.654,0,0,0.154,-4.251,8.182,-1.227,0.862
196.0,-2.342,9.140,-4.988,0.012,1.564,2,14,0,0.151,0,0,0.315,-6.363,11.649,-5.035,-0.035,1.593,2,14,0,0.156,0,0,0.324,-7.212,6.791,-5.012,-0.012,1.630,2,14,0,0.152,0,0,0.403,4.739,0.683,0,0,0.156,-5.538,8.949,-1.342,0.669
197.0,-3.759,9.709,-4.940,0.060,1.557,2,14,0,0.152,0,0,0.312,-7.804,12.278,-4.992,0.008,1.614,2,14,0,0.155,0,0,0.367,-8.707,7.344,-4.972,0.028,1.571,2,14,0,0.145,0,0,0.401,4.793,0.643,0,0,0.155,-6.925,9.516,-1.427,0.461
198.0,-5.209,10.117,-4.981,0.019,1.574,2,14,0,0.152,0,0,0.370,-9.394,12.597,-5.025,-0.025,1.626,2,14,0,0.196,0,0,0.332,-10.168,7.683,-4.984,0.016,1.516,2,14,0,0.152,0,0,0.391,4.865,0.505,0,0,0.196,-8.382,9.868,-1.480,0.243
199.0,-6.754,10.265,-4.977,0.023,1.594,2,14,0,0.155,0,0,0.388,-11.048,12.709,-4.987,0.013,1.604,2,14,0,0.154,0,0,0.376,-11.635,7.801,-5.009,-0.009,1.511,2,14,0,0.151,0,0,0.376,4.940,0.477,0,0,0.155,-9.875,9.999,-1.500,0.019
200.0,-8.307,10.186,-4.966,0.034,1.613,2,14,0,0.153,0,0,0.411,-12.634,12.633,-4.975,0.025,1.536,2,14,0,0.158,0,0,0.448,-13.165,7.675,-4.959,0.041,1.539,2,14,0,0.150,0,0,0.357,4.970,0.471,0,0,0.158,-11.370,9.906,-1.486,-0.206
201.0,-9.868,9.825,-5.015,-0.015,1.623,2,14,0,0.154,0,0,0.401,-14.110,12.314,-4.951,0.049,1.493,2,14,0,0.151,0,0,0.462,-14.701,7.262,-4.979,0.021,1.569,2,14,0,0.153,0,0,0.311,4.919,0.455,0,0,0.154,-12.835,9.590,-1.438,-0.425
202.0,-11.395,9.197,-4.993,0.007,1.617,2,14,0,0.188,0,0,0.405,-15.454,11.751,-4.954,0.046,1.485,2,14,0,0.203,0,0,0.399,-16.174,6.659,-5.003,-0.003,1.547,2,14,0,0.153,0,0,0.320,4.796,0.480,0,0,0.203,-14.236,9.058,-1.359,-0.635
203.0,-12.697,8.358,-4.934,0.066,1.575,2,14,0,0.153,0,0,0.343,-16.739,10.936,-5.015,-0.015,1.517,2,14,0,0.156,0,0,0.328,-17.455,5.910,-4.993,0.007,1.527,2,14,0,0.151,0,0,0.292,4.795,0.452,0,0,0.156,-15.543,8.323,-1.249,-0.831
204.0,-13.939,7.390,-4.983,0.017,1.552,2,14,0,0.157,0,0,0.382,-17.922,9.924,-5.039,-0.039,1.548,2,14,0,0.152,0,0,0.279,-18.587,4.971,-5.008,-0.008,1.520,2,14,0,0.186,0,0,0.240,4.721,0.400,0,0,0.186,-16.724,7.402,-1.110,-1.009
205.0,-15.047,6.296,-5.016,-0.016,1.526,2,14,0,0.155,0,0,0.456,-18.888,8.793,-5.047,-0.047,1.547,2,14,0,0.154,0,0,0.203,-19.690,3.912,-5.031,-0.031,1.548,2,14,0,0.186,0,0,0.317,4.580,0.478,0,0,0.186,-17.755,6.314,-0.947,-1.163
206.0,-15.885,5.086,-4.996,0.004,1.499,2,14,0,0.198,0,0,0.443,-19.832,7.519,-4.975,0.025,1.570,2,14,0,0.160,0,0,0.277,-20.669,2.725,-5.020,-0.020,1.557,2,14,0,0.156,0,0,0.445,4.637,0.607,0,0,0.198,-18.611,5.084,-0.763,-1.292
207.0,-16.423,3.695,-5.005,-0.005,1.540,2,14,0,0.150,0,0,0.309,-20.570,6.193,-5.021,-0.021,1.547,2,14,0,0.151,0,0,0.353,-21.247,1.390,-4.976,0.024,1.586,2,14,0,0.229,0,0,0.376,4.842,0.534,0,0,0.229,-19.274,3.740,-0.561,-1.391
208.0,-16.830,2.198,-5.022,-0.022,1.570,2,14,0,0.154,0,0,0.250,-21.015,4.722,-4.964,0.036,1.548,2,14,0,0.162,0,0,0.338,-21.608,-0.173,-5.017,-0.017,1.659,2,14,0,0.154,0,0,0.232,4.888,0.395,0,0,0.162,-19.729,2.312,-0.347,-1.459
209.0,-17.003,0.690,-5.040,-0.040,1.577,2,14,0,0.155,0,0,0.189,-21.272,3.229,-4.939,0.061,1.573,2,14,0,0.164,0,0,0.359,-21.950,-1.842,-5.024,-0.024,1.675,2,14,0,0.155,0,0,0.336,4.968,0.490,0,0,0.164,-19.965,0.832,-0.125,-1.495
210.0,-16.987,-0.924,-4.994,0.006,1.597,2,14,0,0.158,0,0,0.203,-21.299,1.621,-5.000,-0.000,1.598,2,14,0,0.164,0,0,0.388,-22.045,-3.468,-4.984,0.016,1.601,2,14,0,0.155,0,0,0.472,5.006,0.603,0,0,0.164,-19.978,-0.666,0.100,-1.497
211.0,-16.913,-2.453,-4.987,0.013,1.554,2,14,0,0.158,0,0,0.349,-21.068,0.015,-5.051,-0.051,1.596,2,14,0,0.155,0,0,0.426,-21.762,-5.002,-5.037,-0.037,1.544,2,14,0,0.158,0,0,0.444,4.833,0.558,0,0,0.158,-19.766,-2.150,0.322,-1.465
212.0,-16.605,-3.955,-4.961,0.039,1.544,2,14,0,0.161,0,0,0.489,-20.584,-1.511,-5.026,-0.026,1.571,2,14,0,0.195,0,0,0.445,-21.298,-6.422,-5.031,-0.031,1.515,2,14,0,0.154,0,0,0.409,4.670,0.582,0,0,0.195,-19.335,-3.585,0.538,-1.400
213.0,-15.953,-5.315,-4.998,0.002,1.558,2,14,0,0.158,0,0,0.482,-19.781,-2.844,-5.035,-0.035,1.533,2,14,0,0.161,0,0,0.335,-20.639,-7.711,-4.991,0.009,1.520,2,14,0,0.152,0,0,0.352,4.557,0.650,0,0,0.161,-18.695,-4.940,0.741,-1.304
214.0,-15.038,-6.570,-4.986,0.014,1.606,2,14,0,0.164,0,0,0.423,-18.910,-4.048,-5.018,-0.018,1.506,2,14,0,0.157,0,0,0.284,-19.755,-8.933,-4.993,0.007,1.562,2,14,0,0.153,0,0,0.301,4.621,0.645,0,0,0.164,-17.859,-6.184,0.928,-1.179
215.0,-13.853,-7.703,-5.009,-0.009,1.643,2,14,0,0.157,0,0,0.333,-17.899,-5.150,-5.035,-0.035,1.509,2,14,0,0.161,0,0,0.282,-18.655,-10.073,-5.004,-0.004,1.602,2,14,0,0.152,0,0,0.267,4.785,0.641,0,0,0.161,-16.847,-7.289,1.093,-1.027
216.0,-12.571,-8.653,-5.038,-0.038,1.615,2,14,0,0.157,0,0,0.305,-16.774,-6.053,-4.957,0.043,1.524,2,14,0,0.162,0,0,0.267,-17.405,-11.033,-5.030,-0.030,1.593,2,14,0,0.146,0,0,0.251,4.942,0.586,0,0,0.162,-15.680,-8.230,1.234,-0.852
217.0,-11.052,-9.434,-5.011,-0.011,1.580,2,14,0,0.154,0,0,0.364,-15.484,-6.860,-5.039,-0.039,1.562,2,14,0,0.155,0,0,0.313,-15.985,-11.878,-5.020,-0.020,1.592,2,14,0,0.151,0,0,0.328,5.042,0.621,0,0,0.155,-14.387,-8.986,1.348,-0.658
218.0,-9.674,-10.036,-4.973,0.027,1.479,2,14,0,0.156,0,0,0.402,-14.002,-7.462,-5.014,-0.014,1.611,2,14,0,0.152,0,0,0.325,-14.521,-12.487,-4.966,0.034,1.527,2,14,0,0.156,0,0,0.400,5.035,0.716,0,0,0.156,-12.995,-9.541,1.431,-0.449
219.0,-8.277,-10.397,-4.962,0.038,1.437,2,14,0,0.157,0,0,0.406,-12.453,-7.833,-5.016,-0.016,1.629,2,14,0,0.163,0,0,0.350,-13.031,-12.858,-4.972,0.028,1.474,2,14,0,0.158,0,0,0.447,4.901,0.801,0,0,0.163,-11.535,-9.881,1.482,-0.230
220.0,-6.828,-10.517,-5.017,-0.017,1.467,2,14,0,0.168,0,0,0.401,-10.873,-7.962,-4.989,0.011,1.596,2,14,0,0.158,0,0,0.379,-11.679,-12.942,-4.909,0.091,1.452,2,14,0,0.189,0,0,0.382,4.785,0.872,0,0,0.189,-10.041,-10.000,1.500,-0.006
221.0,-5.354,-10.318,-4.966,0.034,1.532,2,14,0,0.155,0,0,0.306,-9.271,-7.877,-4.939,0.061,1.578,2,14,0,0.158,0,0,0.443,-10.216,-12.709,-4.983,0.017,1.536,2,14,0,0.155,0,0,0.254,4.616,0.969,0,0,0.158,-8.546,-9.894,1.484,0.218
222.0,-3.823,-9.846,-4.961,0.039,1.589,2,14,0,0.154,0,0,0.194,-7.710,-7.508,-4.932,0.068,1.560,2,14,0,0.155,0,0,0.468,-8.628,-12.324,-4.976,0.024,1.602,2,14,0,0.150,0,0,0.230,4.537,1.027,0,0,0.155,-7.084,-9.565,1.435,0.437
223.0,-2.316,-9.211,-5.025,-0.025,1.592,2,14,0,0.156,0,0,0.230,-6.344,-6.880,-5.004,-0.004,1.523,2,14,0,0.161,0,0,0.388,-7.184,-11.743,-4.990,0.010,1.597,2,14,0,0.154,0,0,0.229,4.654,0.959,0,0,0.161,-5.688,-9.022,1.353,0.647
224.0,-0.945,-8.505,-4.995,0.005,1.537,2,14,0,0.151,0,0,0.303,-5.117,-6.051,-4.978,0.022,1.526,2,14,0,0.156,0,0,0.276,-5.772,-11.009,-4.986,0.014,1.578,2,14,0,0.155,0,0,0.321,4.841,0.856,0,0,0.156,-4.388,-8.277,1.241,0.842
225.0,0.266,-7.638,-4.985,0.015,1.506,2,14,0,0.189,0,0,0.367,-3.966,-4.990,-4.977,0.023,1.566,2,14,0,0.153,0,0,0.193,-4.473,-10.111,-4.992,0.008,1.559,2,14,0,0.154,0,0,0.446,4.991,0.787,0,0,0.189,-3.214,-7.345,1.102,1.018
226.0,1.257,-6.575,-5.055,-0.055,1.503,2,14,0,0.154,0,0,0.361,-2.878,-3.840,-4.973,0.027,1.540,2,14,0,0.155,0,0,0.253,-3.374,-9.016,-5.020,-0.020,1.528,2,14,0,0.152,0,0,0.519,4.958,0.836,0,0,0.155,-2.192,-6.248,0.937,1.171
227.0,2.136,-5.349,-5.001,-0.001,1.557,2,14,0,0.157,0,0,0.395,-1.994,-2.620,-4.996,0.004,1.513,2,14,0,0.154,0,0,0.292,-2.551,-7.707,-4.983,0.017,1.549,2,14,0,0.153,0,0,0.476,4.951,0.877,0,0,0.157,-1.346,-5.011,0.752,1.298
228.0,2.847,-3.958,-4.947,0.053,1.608,2,14,0,0.150,0,0,0.428,-1.336,-1.321,-5.016,-0.016,1.498,2,14,0,0.153,0,0,0.311,-2.058,-6.271,-5.028,-0.028,1.559,2,14,0,0.151,0,0,0.301,4.945,0.897,0,0,0.153,-0.695,-3.662,0.549,1.396
229.0,3.333,-2.416,-5.005,-0.005,1.638,2,14,0,0.162,0,0,0.438,-0.832,0.090,-5.017,-0.017,1.533,2,14,0,0.157,0,0,0.375,-1.650,-4.783,-5.038,-0.038,1.574,2,14,0,0.157,0,0,0.264,4.861,0.961,0,0,0.162,-0.252,-2.230,0.335,1.462
230.0,3.440,-0.785,-4.958,0.042,1.645,2,14,0,0.149,0,0,0.328,-0.570,1.588,-5.042,-0.042,1.563,2,14,0,0.153,0,0,0.409,-1.395,-3.262,-5.062,-0.062,1.574,2,14,0,0.148,0,0,0.298,4.660,0.993,0,0,0.153,-0.028,-0.749,0.112,1.496
231.0,3.379,0.821,-5.003,-0.003,1.604,2,14,0,0.159,0,0,0.313,-0.500,3.193,-5.007,-0.007,1.627,2,14,0,0.153,0,0,0.477,-1.377,-1.663,-5.052,-0.052,1.577,2,14,0,0.153,0,0,0.341,4.546,1.040,0,0,0.159,-0.028,0.750,-0.113,1.496
232.0,3.165,2.378,-5.001,-0.001,1.556,2,14,0,0.157,0,0,0.371,-0.818,4.844,-5.023,-0.023,1.645,2,14,0,0.160,0,0,0.432,-1.558,-0.136,-5.032,-0.032,1.560,2,14,0,0.156,0,0,0.401,4.685,0.934,0,0,0.160,-0.252,2.232,-0.335,1.462
233.0,2.847,3.895,-5.018,-0.018,1.518,2,14,0,0.150,0,0,0.522,-1.352,6.369,-5.027,-0.027,1.616,2,14,0,0.153,0,0,0.417,-2.076,1.347,-4.977,0.023,1.568,2,14,0,0.145,0,0,0.372,4.873,0.850,0,0,0.153,-0.695,3.663,-0.550,1.396
234.0,2.134,5.289,-5.010,-0.010,1.516,2,14,0,0.156,0,0,0.517,-2.120,7.766,-5.012,-0.012,1.573,2,14,0,0.157,0,0,0.394,-2.825,2.765,-4.979,0.021,1.560,2,14,0,0.143,0,0,0.363,4.923,0.744,0,0,0.157,-1.347,5.013,-0.752,1.298
235.0,1.191,6.452,-5.038,-0.038,1.514,2,14,0,0.158,0,0,0.399,-2.980,8.996,-4.988,0.012,1.501,2,14,0,0.160,0,0,0.382,-3.595,4.005,-4.982,0.018,1.505,2,14,0,0.157,0,0,0.410,4.886,0.729,0,0,0.160,-2.193,6.250,-0.937,1.171
236.0,0.117,7.472,-5.042,-0.042,1.549,2,14,0,0.163,0,0,0.306,-4.026,10.054,-4.954,0.046,1.509,2,14,0,0.159,0,0,0.336,-4.599,5.110,-5.033,-0.033,1.549,2,14,0,0.188,0,0,0.427,4.882,0.697,0,0,0.188,-3.215,7.346,-1.102,1.018
237.0,-1.209,8.331,-5.022,-0.022,1.595,2,14,0,0.160,0,0,0.177,-5.332,10.967,-5.009,-0.009,1.541,2,14,0,0.158,0,0,0.290,-5.870,6.056,-4.985,0.015,1.603,2,14,0,0.155,0,0,0.384,4.894,0.564,0,0,0.160,-4.389,8.277,-1.242,0.842
238.0,-2.542,9.057,-4.977,0.023,1.568,2,14,0,0.156,0,0,0.155,-6.671,11.710,-4.996,0.004,1.526,2,14,0,0.159,0,0,0.290,-7.372,6.766,-4.955,0.045,1.642,2,14,0,0.196,0,0,0.305,4.908,0.526,0,0,0.196,-5.689,9.023,-1.353,0.647
239.0,-3.999,9.718,-5.000,-0.000,1.584,2,14,0,0.158,0,0,0.281,-8.080,12.212,-5.009,-0.009,1.515,2,14,0,0.163,0,0,0.251,-8.890,7.227,-5.003,-0.003,1.587,2,14,0,0.156,0,0,0.264,4.783,0.508,0,0,0.163,-7.086,9.566,-1.435,0.437
240.0,-5.469,10.216,-4.996,0.004,1.552,2,14,0,0.159,0,0,0.450,-9.496,12.549,-5.031,-0.031,1.514,2,14,0,0.166,0,0,0.255,-10.405,7.560,-4.978,0.022,1.530,2,14,0,0.156,0,0,0.300,4.654,0.555,0,0,0.166,-8.548,9.894,-1.484,0.218
241.0,-7.023,10.390,-5.023,-0.023,1.547,2,14,0,0.162,0,0,0.528,-11.036,12.702,-5.023,-0.023,1.557,2,14,0,0.176,0,0,0.306,-11.824,7.730,-4.980,0.020,1.475,2,14,0,0.155,0,0,0.314,4.631,0.517,0,0,0.176,-10.043,10.000,-1.500,-0.006
242.0,-8.494,10.197,-5.032,-0.032,1.553,2,14,0,0.165,0,0,0.450,-12.582,12.636,-5.017,-0.017,1.581,2,14,0,0.210,0,0,0.368,-13.347,7.691,-5.039,-0.039,1.503,2,14,0,0.161,0,0,0.399,4.760,0.512,0,0,0.210,-11.537,9.881,-1.482,-0.230
243.0,-10.012,9.713,-5.006,-0.006,1.590,2,14,0,0.196,0,0,0.338,-14.137,12.347,-4.983,0.017,1.592,2,14,0,0.169,0,0,0.451,-14.759,7.374,-5.029,-0.029,1.525,2,14,0,0.156,0,0,0.408,4.894,0.505,0,0,0.196,-12.996,9.541,-1.431,-0.449
244.0,-11.379,9.051,-4.947,0.053,1.598,2,14,0,0.159,0,0,0.234,-15.587,11.783,-4.980,0.020,1.587,2,14,0,0.165,0,0,0.471,-16.149,6.796,-5.055,-0.055,1.588,2,14,0,0.421,0,0,0.384,5.018,0.484,0,0,0.421,-14.388,8.986,-1.348,-0.658
245.0,-12.759,8.298,-5.008,-0.008,1.598,2,14,0,0.161,0,0,0.297,-16.892,10.901,-4.981,0.019,1.609,2,14,0,0.156,0,0,0.379,-17.534,5.955,-5.020,-0.020,1.652,2,14,0,0.194,0,0,0.345,4.885,0.479,0,0,0.194,-15.682,8.229,-1.234,-0.852
246.0,-14.084,7.278,-4.966,0.034,1.596,2,14,0,0.158,0,0,0.396,-18.113,9.848,-4.963,0.037,1.616,2,14,0,0.161,0,0,0.354,-18.825,4.909,-4.961,0.039,1.651,2,14,0,0.156,0,0,0.362,4.779,0.525,0,0,0.161,-16.848,7.288,-1.093,-1.027
247.0,-15.224,6.139,-4.987,0.013,1.531,2,14,0,0.162,0,0,0.515,-19.183,8.572,-4.982,0.018,1.602,2,14,0,0.158,0,0,0.370,-19.914,3.723,-4.973,0.027,1.623,2,14,0,0.154,0,0,0.401,4.647,0.571,0,0,0.162,-17.860,6.183,-0.927,-1.179
248.0,-15.986,4.841,-5.004,-0.004,1.500,2,14,0,0.162,0,0,0.443,-20.016,7.250,-5.017,-0.017,1.533,2,14,0,0.165,0,0,0.385,-20.831,2.371,-5.042,-0.042,1.588,2,14,0,0.160,0,0,0.474,4.695,0.636,0,0,0.165,-18.695,4.939,-0.741,-1.304
249.0,-16.545,3.491,-5.011,-0.011,1.491,2,14,0,0.156,0,0,0.361,-20.646,5.926,-4.970,0.030,1.484,2,14,0,0.159,0,0,0.368,-21.422,0.971,-4.992,0.008,1.520,2,14,0,0.152,0,0,0.428,4.769,0.587,0,0,0.159,-19.336,3.584,-0.538,-1.400
250.0,-16.943,2.045,-4.995,0.005,1.531,2,14,0,0.156,0,0,0.328,-21.082,4.592,-5.037,-0.037,1.472,2,14,0,0.157,0,0,0.372,-21.719,-0.495,-5.013,-0.013,1.505,2,14,0,0.150,0,0,0.302,4.861,0.454,0,0,0.157,-19.767,2.148,-0.322,-1.465
251.0,-17.151,0.510,-4.943,0.057,1.565,2,14,0,0.154,0,0,0.326,-21.213,3.120,-5.006,-0.006,1.542,2,14,0,0.160,0,0,0.294,-21.945,-1.973,-4.960,0.040,1.506,2,14,0,0.155,0,0,0.315,4.828,0.469,0,0,0.160,-19.978,0.665,-0.100,-1.497
252.0,-17.026,-1.066,-4.930,0.070,1.589,2,14,0,0.153,0,0,0.239,-21.213,1.523,-5.044,-0.044,1.595,2,14,0,0.154,0,0,0.305,-21.924,-3.466,-5.011,-0.011,1.531,2,14,0,0.148,0,0,0.306,4.923,0.460,0,0,0.154,-19.965,-0.834,0.125,-1.495
253.0,-16.707,-2.604,-4.997,0.003,1.579,2,14,0,0.196,0,0,0.213,-21.038,-0.046,-5.001,-0.001,1.607,2,14,0,0.163,0,0,0.386,-21.709,-4.984,-5.043,-0.043,1.552,2,14,0,0.189,0,0,0.337,4.984,0.485,0,0,0.196,-19.729,-2.314,0.347,-1.459
254.0,-16.254,-4.031,-5.034,-0.034,1.532,2,14,0,0.149,0,0,0.213,-20.507,-1.523,-5.052,-0.052,1.606,2,14,0,0.152,0,0,0.340,-21.191,-6.489,-4.965,0.035,1.582,2,14,0,0.152,0,0,0.317,4.938,0.464,0,0,0.152,-19.274,-3.742,0.561,-1.391
255.0,-15.647,-5.414,-5.003,-0.003,1.527,2,14,0,0.161,0,0,0.280,-19.810,-2.984,-4.987,0.013,1.615,2,14,0,0.199,0,0,0.391,-20.494,-7.914,-4.963,0.037,1.580,2,14,0,0.153,0,0,0.348,4.821,0.580,0,0,0.199,-18.610,-5.085,0.763,-1.292
256.0,-14.873,-6.711,-5.019,-0.019,1.539,2,14,0,0.156,0,0,0.385,-18.787,-4.313,-4.995,0.005,1.584,2,14,0,0.163,0,0,0.407,-19.554,-9.195,-4.970,0.030,1.558,2,14,0,0.154,0,0,0.347,4.590,0.757,0,0,0.163,-17.754,-6.315,0.947,-1.163
257.0,-13.828,-7.865,-5.029,-0.029,1.564,2,14,0,0.195,0,0,0.427,-17.757,-5.404,-5.031,-0.031,1.496,2,14,0,0.156,0,0,0.411,-18.501,-10.267,-5.009,-0.009,1.536,2,14,0,0.154,0,0,0.325,4.636,0.759,0,0,0.195,-16.723,-7.403,1.110,-1.008
258.0,-12.704,-8.816,-5.065,-0.065,1.580,2,14,0,0.154,0,0,0.486,-16.658,-6.309,-5.020,-0.020,1.479,2,14,0,0.159,0,0,0.421,-17.351,-11.264,-5.002,-0.002,1.544,2,14,0,0.151,0,0,0.406,4.682,0.697,0,0,0.159,-15.541,-8.324,1.249,-0.831
259.0,-11.308,-9.544,-5.024,-0.024,1.647,2,14,0,0.160,0,0,0.427,-15.279,-6.980,-5.019,-0.019,1.526,2,14,0,0.166,0,0,0.336,-15.958,-11.943,-4.977,0.023,1.556,2,14,0,0.157,0,0,0.329,4.727,0.691,0,0,0.166,-14.235,-9.059,1.359,-0.635
260.0,-9.774,-10.061,-5.057,-0.057,1.676,2,14,0,0.155,0,0,0.361,-13.809,-7.480,-5.013,-0.013,1.565,2,14,0,0.156,0,0,0.292,-14.586,-12.471,-5.018,-0.018,1.543,2,14,0,0.151,0,0,0.333,4.789,0.717,0,0,0.156,-12.834,-9.590,1.439,-0.425
261.0,-8.033,-10.410,-4.975,0.025,1.676,2,14,0,0.161,0,0,0.418,-12.274,-7.808,-4.985,0.015,1.571,2,14,0,0.157,0,0,0.302,-13.049,-12.789,-4.991,0.009,1.587,2,14,0,0.154,0,0,0.322,4.976,0.777,0,0,0.161,-11.369,-9.906,1.486,-0.205
262.0,-6.436,-10.459,-4.917,0.083,1.577,2,14,0,0.159,0,0,0.436,-10.697,-7.867,-4.991,0.009,1.581,2,14,0,0.163,0,0,0.290,-11.446,-12.877,-5.016,-0.016,1.615,2,14,0,0.157,0,0,0.329,4.988,0.821,0,0,0.163,-9.873,-9.999,1.500,0.019
263.0,-4.942,-10.292,-4.994,0.006,1.509,2,14,0,0.188,0,0,0.414,-9.155,-7.736,-4.897,0.103,1.562,2,14,0,0.163,0,0,0.313,-9.827,-12.720,-4.967,0.033,1.594,2,14,0,0.155,0,0,0.356,4.928,0.862,0,0,0.188,-8.380,-9.868,1.480,0.243
264.0,-3.495,-9.873,-5.025,-0.025,1.491,2,14,0,0.195,0,0,0.359,-7.640,-7.405,-4.993,0.007,1.551,2,14,0,0.196,0,0,0.366,-8.262,-12.338,-4.993,0.007,1.561,2,14,0,0.151,0,0,0.416,4.824,0.923,0,0,0.196,-6.924,-9.515,1.427,0.461
265.0,-2.181,-9.299,-5.008,-0.008,1.485,2,14,0,0.157,0,0,0.307,-6.252,-6.808,-5.004,-0.004,1.548,2,14,0,0.163,0,0,0.347,-6.932,-11.764,-5.073,-0.073,1.500,2,14,0,0.155,0,0,0.368,4.773,0.908,0,0,0.163,-5.536,-8.949,1.342,0.670
266.0,-0.876,-8.466,-4.948,0.052,1.527,2,14,0,0.154,0,0,0.276,-4.910,-5.980,-4.960,0.040,1.556,2,14,0,0.158,0,0,0.348,-5.641,-11.007,-5.023,-0.023,1.517,2,14,0,0.152,0,0,0.379,4.739,0.928,0,0,0.158,-4.249,-8.181,1.227,0.863
267.0,0.330,-7.463,-5.107,-0.107,1.534,2,14,0,0.165,0,0,0.292,-3.708,-4.984,-5.075,-0.075,1.558,2,14,0,0.158,0,0,0.364,-4.467,-10.048,-5.000,-0.000,1.548,2,14,0,0.154,0,0,0.384,4.738,0.951,0,0,0.165,-3.091,-7.230,1.084,1.036
268.0,1.308,-6.385,-4.975,0.025,1.520,2,14,0,0.191,0,0,0.286,-2.750,-3.850,-5.000,-0.000,1.525,2,14,0,0.160,0,0,0.315,-3.487,-8.857,-4.945,0.055,1.584,2,14,0,0.168,0,0,0.318,4.784,0.902,0,0,0.191,-2.089,-6.116,0.917,1.187
269.0,2.242,-5.117,-4.967,0.033,1.559,2,14,0,0.161,0,0,0.377,-1.870,-2.586,-5.053,-0.053,1.560,2,14,0,0.159,0,0,0.360,-2.593,-7.509,-4.995,0.005,1.611,2,14,0,0.157,0,0,0.342,4.829,0.948,0,0,0.161,-1.263,-4.865,0.730,1.310
270.0,2.889,-3.680,-4.962,0.038,1.569,2,14,0,0.152,0,0,0.374,-1.209,-1.134,-4.956,0.044,1.575,2,14,0,0.154,0,0,0.369,-1.936,-6.031,-5.015,-0.015,1.585,2,14,0,0.151,0,0,0.356,4.825,0.953,0,0,0.154,-0.634,-3.505,0.526,1.405
271.0,3.315,-2.175,-5.020,-0.020,1.576,2,14,0,0.164,0,0,0.378,-0.779,0.342,-5.006,-0.006,1.573,2,14,0,0.158,0,0,0.381,-1.486,-4.513,-4.984,0.016,1.551,2,14,0,0.159,0,0,0.402,4.806,0.956,0,0,0.164,-0.216,-2.066,0.310,1.468
272.0,3.493,-0.622,-5.018,-0.018,1.578,2,14,0,0.154,0,0,0.365,-0.631,1.839,-4.991,0.009,1.572,2,14,0,0.158,0,0,0.331,-1.337,-2.960,-4.962,0.038,1.523,2,14,0,0.153,0,0,0.386,4.803,0.903,0,0,0.158,-0.017,-0.581,0.087,1.497
273.0,3.421,0.913,-4.999,0.001,1.575,2,14,0,0.157,0,0,0.330,-0.674,3.440,-4.951,0.049,1.603,2,14,0,0.162,0,0,0.335,-1.388,-1.417,-5.009,-0.009,1.497,2,14,0,0.156,0,0,0.382,4.812,0.872,0,0,0.162,-0.042,0.918,-0.138,1.494
274.0,3.247,2.560,-5.008,-0.008,1.586,2,14,0,0.124,0,0,0.477,-0.951,5.043,-5.021,-0.021,1.590,2,14,0,0.156,0,0,0.373,-1.716,0.038,-4.995,0.005,1.488,2,14,0,0.152,0,0,0.312,4.878,0.842,0,0,0.156,-0.291,2.395,-0.359,1.456
275.0,2.691,4.026,-5.013,-0.013,1.549,2,14,0,0.193,0,0,0.443,-1.398,6.516,-5.085,-0.085,1.556,2,14,0,0.164,0,0,0.427,-2.200,1.446,-5.002,-0.002,1.509,2,14,0,0.157,0,0,0.289,4.788,0.866,0,0,0.193,-0.758,3.819,-0.573,1.386
276.0,1.882,5.414,-5.044,-0.044,1.538,2,14,0,0.156,0,0,0.412,-2.095,7.812,-5.009,-0.009,1.536,2,14,0,0.160,0,0,0.381,-2.805,2.801,-4.970,0.030,1.522,2,14,0,0.156,0,0,0.354,4.644,0.839,0,0,0.160,-1.433,5.158,-0.774,1.285
277.0,1.004,6.551,-5.020,-0.020,1.470,2,14,0,0.154,0,0,0.330,-3.075,9.022,-4.969,0.031,1.550,2,14,0,0.159,0,0,0.297,-3.639,4.035,-4.986,0.014,1.544,2,14,0,0.183,0,0,0.388,4.770,0.726,0,0,0.183,-2.300,6.380,-0.957,1.155
278.0,0.036,7.551,-4.999,0.001,1.503,2,14,0,0.158,0,0,0.309,-4.154,10.138,-4.964,0.036,1.568,2,14,0,0.156,0,0,0.309,-4.754,5.114,-5.004,-0.004,1.617,2,14,0,0.149,0,0,0.328,4.924,0.691,0,0,0.158,-3.339,7.459,-1.119,0.999
279.0,-1.164,8.454,-4.935,0.065,1.589,2,14,0,0.162,0,0,0.296,-5.352,11.085,-4.931,0.069,1.575,2,14,0,0.158,0,0,0.338,-6.014,6.119,-5.023,-0.023,1.652,2,14,0,0.153,0,0,0.356,4.946,0.687,0,0,0.162,-4.529,8.371,-1.256,0.821
280.0,-2.656,9.241,-5.021,-0.021,1.646,2,14,0,0.155,0,0,0.266,-6.747,11.831,-4.985,0.015,1.577,2,14,0,0.155,0,0,0.336,-7.412,6.890,-5.091,-0.091,1.645,2,14,0,0.144,0,0,0.367,4.842,0.610,0,0,0.155,-5.841,9.094,-1.364,0.624
281.0,-4.209,9.818,-4.987,0.013,1.622,2,14,0,0.159,0,0,0.338,-8.210,12.293,-4.991,0.009,1.588,2,14,0,0.167,0,0,0.276,-9.009,7.400,-4.972,0.028,1.648,2,14,0,0.160,0,0,0.355,4.705,0.543,0,0,0.167,-7.247,9.614,-1.442,0.413
282.0,-5.733,10.105,-4.987,0.013,1.556,2,14,0,0.156,0,0,0.345,-9.793,12.635,-4.954,0.046,1.587,2,14,0,0.159,0,0,0.338,-10.571,7.694,-4.953,0.047,1.571,2,14,0,0.149,0,0,0.382,4.783,0.517,0,0,0.159,-8.714,9.917,-1.488,0.193
283.0,-7.211,10.246,-5.066,-0.066,1.519,2,14,0,0.161,0,0,0.395,-11.328,12.708,-5.010,-0.010,1.557,2,14,0,0.160,0,0,0.348,-12.122,7.840,-4.985,0.015,1.525,2,14,0,0.154,0,0,0.467,4.797,0.602,0,0,0.161,-10.211,9.998,-1.500,-0.032
284.0,-8.652,10.097,-5.000,0.000,1.521,2,14,0,0.149,0,0,0.377,-12.832,12.555,-4.992,0.008,1.535,2,14,0,0.152,0,0,0.348,-13.629,7.740,-4.996,0.004,1.488,2,14,0,0.152,0,0,0.520,4.849,0.646,0,0,0.152,-11.703,9.854,-1.478,-0.255
285.0,-10.179,9.667,-5.018,-0.018,1.564,2,14,0,0.157,0,0,0.344,-14.287,12.163,-4.940,0.060,1.533,2,14,0,0.162,0,0,0.328,-15.041,7.294,-5.067,-0.067,1.516,2,14,0,0.155,0,0,0.429,4.808,0.557,0,0,0.162,-13.156,9.489,-1.423,-0.473
286.0,-11.649,9.036,-5.016,-0.016,1.589,2,14,0,0.155,0,0,0.359,-15.782,11.560,-4.996,0.004,1.560,2,14,0,0.161,0,0,0.387,-16.406,6.498,-5.032,-0.032,1.556,2,14,0,0.146,0,0,0.254,4.843,0.411,0,0,0.161,-14.539,8.911,-1.337,-0.681
287.0,-13.004,8.232,-5.016,-0.016,1.572,2,14,0,0.152,0,0,0.402,-17.071,10.735,-5.066,-0.066,1.536,2,14,0,0.156,0,0,0.366,-17.610,5.671,-4.932,0.068,1.550,2,14,0,0.154,0,0,0.163,4.776,0.321,0,0,0.156,-15.819,8.132,-1.220,-0.873
288.0,-14.180,7.267,-4.982,0.018,1.550,2,14,0,0.151,0,0,0.422,-18.173,9.686,-5.063,-0.063,1.550,2,14,0,0.152,0,0,0.282,-18.795,4.727,-4.992,0.008,1.560,2,14,0,0.153,0,0,0.202,4.670,0.360,0,0,0.153,-16.969,7.172,-1.076,-1.045
289.0,-15.138,6.096,-4.995,0.005,1.560,2,14,0,0.155,0,0,0.367,-19.194,8.522,-5.038,-0.038,1.547,2,14,0,0.196,0,0,0.294,-19.915,3.644,-4.967,0.033,1.580,2,14,0,0.150,0,0,0.330,4.727,0.491,0,0,0.196,-17.963,6.050,-0.907,-1.194
290.0,-15.965,4.687,-4.966,0.034,1.582,2,14,0,0.153,0,0,0.339,-19.974,7.266,-4.977,0.023,1.540,2,14,0,0.156,0,0,0.261,-20.836,2.423,-4.979,0.021,1.568,2,14,0,0.151,0,0,0.442,4.767,0.604,0,0,0.156,-18.777,4.792,-0.719,-1.317
291.0,-16.487,3.269,-5.018,-0.018,1.551,2,14,0,0.202,0,0,0.246,-20.582,5.884,-5.089,-0.089,1.557,2,14,0,0.162,0,0,0.248,-21.508,1.027,-5.049,-0.049,1.596,2,14,0,0.156,0,0,0.480,4.859,0.644,0,0,0.202,-19.395,3.426,-0.514,-1.409
292.0,-16.934,1.810,-5.074,-0.074,1.537,2,14,0,0.152,0,0,0.289,-21.073,4.436,-5.035,-0.035,1.570,2,14,0,0.156,0,0,0.329,-21.907,-0.545,-5.056,-0.056,1.628,2,14,0,0.150,0,0,0.445,4.901,0.609,0,0,0.156,-19.801,1.984,-0.298,-1.470
293.0,-17.126,0.291,-5.047,-0.047,1.539,2,14,0,0.159,0,0,0.297,-21.326,2.858,-4.985,0.015,1.606,2,14,0,0.159,0,0,0.391,-22.046,-2.194,-5.028,-0.028,1.619,2,14,0,0.152,0,0,0.414,4.922,0.566,0,0,0.159,-19.988,0.497,-0.075,-1.498
294.0,-17.139,-1.235,-5.065,-0.065,1.551,2,14,0,0.150,0,0,0.356,-21.282,1.238,-4.964,0.036,1.605,2,14,0,0.156,0,0,0.415,-21.812,-3.796,-4.989,0.011,1.586,2,14,0,0.148,0,0,0.301,4.826,0.412,0,0,0.156,-19.950,-1.001,0.150,-1.492
295.0,-16.819,-2.744,-4.995,0.005,1.566,2,14,0,0.150,0,0,0.315,-20.951,-0.315,-5.026,-0.026,1.589,2,14,0,0.158,0,0,0.391,-21.491,-5.309,-4.952,0.048,1.537,2,14,0,0.153,0,0,0.296,4.793,0.497,0,0,0.158,-19.688,-2.477,0.372,-1.453
296.0,-16.326,-4.241,-5.025,-0.025,1.566,2,14,0,0.153,0,0,0.345,-20.446,-1.744,-4.983,0.017,1.552,2,14,0,0.154,0,0,0.376,-21.016,-6.727,-5.074,-0.074,1.490,2,14,0,0.155,0,0,0.306,4.817,0.517,0,0,0.155,-19.209,-3.897,0.585,-1.381
297.0,-15.599,-5.623,-4.955,0.045,1.560,2,14,0,0.152,0,0,0.354,-19.775,-3.056,-5.005,-0.005,1.557,2,14,0,0.154,0,0,0.380,-20.313,-8.053,-4.968,0.032,1.479,2,14,0,0.149,0,0,0.292,4.902,0.492,0,0,0.154,-18.524,-5.229,0.784,-1.279
298.0,-14.689,-6.832,-4.992,0.008,1.552,2,14,0,0.193,0,0,0.329,-18.814,-4.280,-5.004,-0.004,1.594,2,14,0,0.159,0,0,0.323,-19.434,-9.274,-4.972,0.028,1.481,2,14,0,0.189,0,0,0.296,4.851,0.546,0,0,0.193,-17.647,-6.444,0.967,-1.147
299.0,-13.545,-7.970,-4.957,0.043,1.569,2,14,0,0.190,0,0,0.342,-17.672,-5.352,-4.996,0.004,1.608,2,14,0,0.160,0,0,0.267,-18.512,-10.331,-4.973,0.027,1.479,2,14,0,0.161,0,0,0.359,4.887,0.609,0,0,0.190,-16.598,-7.515,1.127,-0.990
300.0,-12.378,-8.878,-4.950,0.050,1.543,2,14,0,0.163,0,0,0.364,-16.400,-6.320,-4.986,0.014,1.611,2,14,0,0.174,0,0,0.308,-17.318,-11.234,-4.984,0.016,1.561,2,14,0,0.199,0,0,0.363,4.766,0.709,0,0,0.199,-15.401,-8.416,1.262,-0.810
