t,d0_x,d0_y,d0_z,d0_zerr,d0_velxy,d0_arm,d0_nav,d0_mpc,d0_solve_ms,d0_fallback,d0_hover,d0_poserr,d1_x,d1_y,d1_z,d1_zerr,d1_velxy,d1_arm,d1_nav,d1_mpc,d1_solve_ms,d1_fallback,d1_hover,d1_poserr,d2_x,d2_y,d2_z,d2_zerr,d2_velxy,d2_arm,d2_nav,d2_mpc,d2_solve_ms,d2_fallback,d2_hover,d2_poserr,d3_x,d3_y,d3_z,d3_zerr,d3_velxy,d3_arm,d3_nav,d3_mpc,d3_solve_ms,d3_fallback,d3_hover,d3_poserr,d4_x,d4_y,d4_z,d4_zerr,d4_velxy,d4_arm,d4_nav,d4_mpc,d4_solve_ms,d4_fallback,d4_hover,d4_poserr,min_spacing,formation_max_err,safety_violations,total_fallbacks,max_solve_ms,leader_x,leader_y,leader_vx,leader_vy
1.0,0.305,0.144,0.026,5.026,0.010,2,14,0,0.226,0,0,0.073,0.227,2.808,-0.054,4.946,0.030,2,14,0,0.219,0,0,0.069,-0.014,-3.005,0.469,5.469,0.032,2,14,0,0.220,0,0,0.137,3.059,0.117,-0.362,4.638,0.026,2,14,0,0.250,0,0,0.113,-2.872,0.144,0.006,5.006,0.016,2,14,0,0.218,0,0,0.084,2.666,0.338,0,0,0.250,0.000,0.000,0.000,0.000
2.0,0.310,0.142,-0.196,4.804,0.030,2,14,0,0.256,0,0,0.079,0.315,2.815,-0.444,4.556,0.087,2,14,0,0.275,0,0,0.019,-0.020,-3.010,0.180,5.180,0.036,2,14,0,0.246,0,0,0.131,3.062,0.191,-0.681,4.319,0.069,2,14,0,0.235,0,0,0.062,-2.868,0.171,-0.360,4.640,0.100,2,14,0,0.247,0,0,0.082,2.685,0.365,0,0,0.275,0.000,0.000,0.000,0.000
3.0,0.240,0.205,-1.255,3.745,0.080,2,14,0,0.255,0,0,0.041,0.352,2.914,-1.460,3.540,0.076,2,14,0,0.245,0,0,0.116,-0.102,-2.958,-0.841,4.159,0.102,2,14,0,0.219,0,0,0.087,3.081,0.354,-1.637,3.363,0.134,2,14,0,0.229,0,0,0.152,-2.705,0.233,-1.402,3.598,0.100,2,14,0,0.244,0,0,0.112,2.718,0.376,0,0,0.255,0.000,0.000,0.000,0.000
4.0,0.227,0.186,-2.500,2.500,0.034,2,14,0,0.311,0,0,0.022,0.441,2.898,-2.713,2.287,0.076,2,14,0,0.298,0,0,0.169,-0.192,-2.985,-2.018,2.982,0.080,2,14,0,0.325,0,0,0.063,3.057,0.311,-2.994,2.006,0.079,2,14,0,0.260,0,0,0.105,-2.747,0.202,-2.577,2.423,0.051,2,14,0,0.272,0,0,0.060,2.729,0.453,0,0,0.325,0.000,0.000,0.000,0.000
5.0,0.206,0.262,-3.807,1.193,0.021,2,14,0,0.170,0,0,0.101,0.413,2.891,-3.943,1.057,0.085,2,14,0,0.166,0,0,0.141,-0.226,-2.999,-3.350,1.650,0.049,2,14,0,0.272,0,0,0.083,2.957,0.276,-4.186,0.814,0.095,2,14,0,0.178,0,0,0.076,-2.740,0.229,-3.889,1.111,0.045,2,14,0,0.177,0,0,0.086,2.640,0.427,0,0,0.272,0.000,0.000,0.000,0.000
6.0,0.228,0.255,-4.593,0.407,0.035,2,14,0,0.186,0,0,0.092,0.338,2.875,-4.562,0.438,0.106,2,14,0,0.166,0,0,0.078,-0.232,-2.979,-4.402,0.598,0.038,2,14,0,0.161,0,0,0.099,2.890,0.212,-4.646,0.354,0.068,2,14,0,0.177,0,0,0.116,-2.803,0.141,-4.545,0.455,0.066,2,14,0,0.166,0,0,0.022,2.622,0.360,0,0,0.186,0.000,0.000,0.000,0.000
7.0,0.157,0.113,-4.815,0.185,0.084,2,14,0,0.200,0,0,0.092,0.205,2.804,-4.834,0.166,0.105,2,14,0,0.171,0,0,0.089,-0.192,-3.025,-4.790,0.210,0.057,2,14,0,0.179,0,0,0.044,2.880,0.203,-4.849,0.151,0.051,2,14,0,0.144,0,0,0.129,-2.768,0.100,-4.763,0.237,0.028,2,14,0,0.164,0,0,0.063,2.691,0.284,0,0,0.200,0.000,0.000,0.000,0.000
8.0,0.217,-0.024,-5.039,-0.039,0.054,2,14,0,0.153,0,0,0.189,0.199,2.694,-4.927,0.073,0.046,2,14,0,0.162,0,0,0.152,-0.207,-3.081,-4.901,0.099,0.047,2,14,0,0.169,0,0,0.077,2.998,0.237,-4.873,0.127,0.083,2,14,0,0.169,0,0,0.022,-2.819,0.107,-4.899,0.101,0.022,2,14,0,0.139,0,0,0.060,2.721,0.365,0,0,0.169,0.000,0.000,0.000,0.000
9.0,0.219,0.006,-4.988,0.012,0.062,2,14,0,0.172,0,0,0.161,0.282,2.682,-4.941,0.059,0.038,2,14,0,0.133,0,0,0.129,-0.183,-3.134,-4.940,0.060,0.053,2,14,0,0.160,0,0,0.108,3.125,0.140,-4.852,0.148,0.073,2,14,0,0.175,0,0,0.139,-2.828,0.100,-4.925,0.075,0.018,2,14,0,0.163,0,0,0.069,2.677,0.426,0,0,0.175,0.000,0.000,0.000,0.000
10.0,0.228,0.103,-4.999,0.001,0.091,2,14,0,0.146,0,0,0.063,0.322,2.661,-4.943,0.057,0.066,2,14,0,0.137,0,0,0.152,-0.154,-3.177,-4.965,0.035,0.046,2,14,0,0.136,0,0,0.147,3.106,0.083,-4.947,0.053,0.020,2,14,0,0.152,0,0,0.168,-2.879,0.086,-4.983,0.017,0.029,2,14,0,0.208,0,0,0.118,2.560,0.467,0,0,0.208,0.000,0.000,0.000,0.000
11.0,0.257,0.212,-5.004,-0.004,0.083,2,14,0,0.168,0,0,0.050,0.325,2.743,-4.985,0.015,0.091,2,14,0,0.167,0,0,0.075,-0.128,-3.076,-4.967,0.033,0.081,2,14,0,0.140,0,0,0.051,3.029,0.082,-4.998,0.002,0.075,2,14,0,0.148,0,0,0.139,-2.878,0.145,-4.960,0.040,0.061,2,14,0,0.165,0,0,0.091,2.532,0.414,0,0,0.168,0.000,0.000,0.000,0.000
12.0,0.264,0.295,-4.944,0.056,0.031,2,14,0,0.141,0,0,0.133,0.279,2.871,-4.983,0.017,0.087,2,14,0,0.136,0,0,0.062,-0.045,-3.025,-4.967,0.033,0.059,2,14,0,0.161,0,0,0.103,2.949,0.152,-5.025,-0.025,0.093,2,14,0,0.176,0,0,0.089,-2.839,0.249,-4.991,0.009,0.066,2,14,0,0.141,0,0,0.103,2.577,0.396,0,0,0.176,0.000,0.000,0.000,0.000
13.0,0.202,0.264,-4.988,0.012,0.048,2,14,0,0.170,0,0,0.105,0.275,2.845,-5.013,-0.013,0.027,2,14,0,0.219,0,0,0.042,-0.086,-2.982,-4.976,0.024,0.058,2,14,0,0.201,0,0,0.077,2.964,0.241,-5.029,-0.029,0.079,2,14,0,0.183,0,0,0.048,-2.784,0.257,-4.955,0.045,0.056,2,14,0,0.168,0,0,0.100,2.582,0.336,0,0,0.219,0.000,0.000,0.000,0.000
14.0,0.229,0.235,-5.003,-0.003,0.068,2,14,0,0.184,0,0,0.071,0.290,2.819,-5.062,-0.062,0.008,2,14,0,0.139,0,0,0.011,-0.099,-2.913,-4.986,0.014,0.056,2,14,0,0.137,0,0,0.127,2.924,0.287,-5.031,-0.031,0.044,2,14,0,0.138,0,0,0.107,-2.684,0.154,-4.993,0.007,0.060,2,14,0,0.175,0,0,0.104,2.585,0.352,0,0,0.184,0.000,0.000,0.000,0.000
15.0,0.280,0.193,-5.020,-0.020,0.071,2,14,0,0.176,0,0,0.055,0.288,2.806,-4.993,0.007,0.006,2,14,0,0.139,0,0,0.009,-0.152,-2.896,-4.996,0.004,0.076,2,14,0,0.164,0,0,0.135,3.007,0.322,-5.005,-0.005,0.059,2,14,0,0.180,0,0,0.103,-2.712,0.145,-4.988,0.012,0.033,2,14,0,0.139,0,0,0.078,2.613,0.347,0,0,0.180,0.000,0.000,0.000,0.000
16.0,0.294,0.084,-4.969,0.031,0.051,2,14,0,0.153,0,0,0.099,0.326,2.806,-4.985,0.015,0.002,2,14,0,0.167,0,0,0.031,-0.229,-3.006,-5.044,-0.044,0.091,2,14,0,0.167,0,0,0.084,3.042,0.255,-5.002,-0.002,0.057,2,14,0,0.182,0,0,0.050,-2.812,0.096,-4.998,0.002,0.051,2,14,0,0.140,0,0,0.067,2.722,0.380,0,0,0.182,0.000,0.000,0.000,0.000
17.0,0.304,0.092,-4.962,0.038,0.029,2,14,0,0.151,0,0,0.102,0.288,2.827,-5.025,-0.025,0.022,2,14,0,0.167,0,0,0.018,-0.232,-3.064,-4.926,0.074,0.057,2,14,0,0.198,0,0,0.090,3.127,0.192,-4.968,0.032,0.044,2,14,0,0.182,0,0,0.120,-2.935,0.136,-4.994,0.006,0.032,2,14,0,0.166,0,0,0.149,2.736,0.336,0,0,0.198,0.000,0.000,0.000,0.000
18.0,0.290,0.163,-4.936,0.064,0.057,2,14,0,0.148,0,0,0.055,0.225,2.830,-4.977,0.023,0.022,2,14,0,0.163,0,0,0.073,-0.214,-3.106,-4.970,0.030,0.052,2,14,0,0.164,0,0,0.100,3.058,0.188,-5.006,-0.006,0.062,2,14,0,0.168,0,0,0.061,-2.835,0.152,-4.968,0.032,0.064,2,14,0,0.166,0,0,0.050,2.668,0.332,0,0,0.168,0.000,0.000,0.000,0.000
19.0,0.221,0.182,-4.960,0.040,0.057,2,14,0,0.175,0,0,0.022,0.163,2.826,-4.976,0.024,0.031,2,14,0,0.139,0,0,0.135,-0.178,-3.148,-4.973,0.027,0.043,2,14,0,0.138,0,0,0.121,2.928,0.213,-5.029,-0.029,0.056,2,14,0,0.176,0,0,0.077,-2.677,0.212,-4.997,0.003,0.061,2,14,0,0.138,0,0,0.122,2.645,0.386,0,0,0.176,0.000,0.000,0.000,0.000
20.0,0.127,0.144,-5.005,-0.005,0.031,2,14,0,0.145,0,0,0.109,0.304,2.813,-4.994,0.006,0.082,2,14,0,0.166,0,0,0.004,-0.215,-3.167,-4.995,0.005,0.053,2,14,0,0.172,0,0,0.152,2.870,0.172,-5.013,-0.013,0.005,2,14,0,0.147,0,0,0.145,-2.664,0.203,-5.007,-0.007,0.033,2,14,0,0.171,0,0,0.134,2.675,0.393,0,0,0.172,0.000,0.000,0.000,0.000
21.0,0.115,0.151,-5.033,-0.033,0.018,2,14,0,0.149,0,0,0.120,0.386,2.891,-4.990,0.010,0.047,2,14,0,0.175,0,0,0.119,-0.154,-3.077,-4.999,0.001,0.107,2,14,0,0.206,0,0,0.050,2.896,0.166,-5.017,-0.017,0.060,2,14,0,0.148,0,0,0.125,-2.802,0.181,-5.005,-0.005,0.070,2,14,0,0.136,0,0,0.025,2.753,0.402,0,0,0.206,0.000,0.000,0.000,0.000
22.0,0.184,0.113,-5.057,-0.057,0.068,2,14,0,0.186,0,0,0.073,0.395,2.870,-5.030,-0.030,0.040,2,14,0,0.158,0,0,0.116,-0.099,-2.985,-4.983,0.017,0.075,2,14,0,0.167,0,0,0.066,3.028,0.182,-5.001,-0.001,0.075,2,14,0,0.171,0,0,0.041,-2.841,0.125,-5.023,-0.023,0.042,2,14,0,0.142,0,0,0.061,2.765,0.415,0,0,0.186,0.000,0.000,0.000,0.000
23.0,0.198,0.114,-5.051,-0.051,0.068,2,14,0,0.148,0,0,0.063,0.340,2.842,-4.998,0.002,0.065,2,14,0,0.140,0,0,0.054,-0.037,-2.919,-5.021,-0.021,0.030,2,14,0,0.163,0,0,0.158,3.040,0.217,-4.968,0.032,0.047,2,14,0,0.147,0,0,0.032,-2.791,0.115,-5.020,-0.020,0.018,2,14,0,0.170,0,0,0.045,2.732,0.375,0,0,0.170,0.000,0.000,0.000,0.000
24.0,0.236,0.135,-4.988,0.012,0.073,2,14,0,0.172,0,0,0.030,0.329,2.794,-5.053,-0.053,0.059,2,14,0,0.206,0,0,0.038,-0.041,-2.939,-5.045,-0.045,0.053,2,14,0,0.160,0,0,0.142,3.035,0.262,-4.976,0.024,0.023,2,14,0,0.139,0,0,0.051,-2.755,0.118,-5.022,-0.022,0.023,2,14,0,0.202,0,0,0.054,2.662,0.388,0,0,0.206,0.000,0.000,0.000,0.000
25.0,0.353,0.091,-5.007,-0.007,0.048,2,14,0,0.151,0,0,0.138,0.288,2.749,-4.997,0.003,0.040,2,14,0,0.162,0,0,0.062,-0.097,-2.951,-5.019,-0.019,0.083,2,14,0,0.164,0,0,0.095,3.071,0.274,-4.976,0.024,0.008,2,14,0,0.153,0,0,0.084,-2.750,0.176,-5.018,-0.018,0.031,2,14,0,0.166,0,0,0.041,2.659,0.382,0,0,0.166,0.000,0.000,0.000,0.000
26.0,0.375,0.177,-4.997,0.003,0.062,2,14,0,0.177,0,0,0.141,0.221,2.769,-4.971,0.029,0.028,2,14,0,0.140,0,0,0.087,-0.214,-2.981,-5.058,-0.058,0.087,2,14,0,0.158,0,0,0.083,2.975,0.310,-4.975,0.025,0.038,2,14,0,0.135,0,0,0.096,-2.754,0.192,-4.995,0.005,0.029,2,14,0,0.200,0,0,0.048,2.596,0.415,0,0,0.200,0.000,0.000,0.000,0.000
27.0,0.334,0.220,-4.996,0.004,0.080,2,14,0,0.153,0,0,0.113,0.211,2.826,-5.023,-0.023,0.040,2,14,0,0.165,0,0,0.086,-0.285,-2.998,-4.997,0.003,0.057,2,14,0,0.137,0,0,0.140,3.020,0.275,-4.960,0.040,0.050,2,14,0,0.152,0,0,0.058,-2.791,0.154,-4.974,0.026,0.030,2,14,0,0.167,0,0,0.005,2.610,0.399,0,0,0.167,0.000,0.000,0.000,0.000
28.0,0.196,0.256,-4.994,0.006,0.101,2,14,0,0.179,0,0,0.098,0.219,2.870,-5.037,-0.037,0.040,2,14,0,0.167,0,0,0.097,-0.208,-3.092,-4.951,0.049,0.072,2,14,0,0.166,0,0,0.087,3.045,0.254,-4.979,0.021,0.050,2,14,0,0.155,0,0,0.052,-2.846,0.135,-5.044,-0.044,0.022,2,14,0,0.169,0,0,0.062,2.613,0.323,0,0,0.179,0.000,0.000,0.000,0.000
29.0,0.079,0.239,-4.980,0.020,0.061,2,14,0,0.179,0,0,0.173,0.251,2.845,-4.952,0.048,0.051,2,14,0,0.171,0,0,0.058,-0.173,-3.164,-4.937,0.063,0.049,2,14,0,0.164,0,0,0.136,3.029,0.196,-5.010,-0.010,0.055,2,14,0,0.181,0,0,0.031,-2.871,0.150,-4.989,0.011,0.017,2,14,0,0.193,0,0,0.083,2.612,0.295,0,0,0.193,0.000,0.000,0.000,0.000
30.0,0.145,0.253,-4.983,0.017,0.069,2,14,0,0.175,0,0,0.128,0.233,2.773,-4.996,0.004,0.048,2,14,0,0.160,0,0,0.073,-0.152,-3.125,-5.006,-0.006,0.069,2,14,0,0.211,0,0,0.096,2.991,0.131,-5.067,-0.067,0.036,2,14,0,0.170,0,0,0.088,-2.859,0.210,-4.987,0.013,0.041,2,14,0,0.164,0,0,0.087,2.522,0.325,0,0,0.211,0.000,0.000,0.000,0.000
31.0,0.190,0.121,-4.976,0.024,0.091,2,14,0,0.180,0,0,0.061,0.310,2.740,-4.981,0.019,0.064,2,14,0,0.413,0,0,0.071,-0.076,-3.073,-4.980,0.020,0.069,2,14,0,0.164,0,0,0.083,2.916,0.127,-5.050,-0.050,0.026,2,14,0,0.155,0,0,0.130,-2.845,0.228,-5.009,-0.009,0.053,2,14,0,0.168,0,0,0.091,2.622,0.405,0,0,0.413,0.000,0.000,0.000,0.000
32.0,0.226,0.060,-5.060,-0.060,0.055,2,14,0,0.170,0,0,0.103,0.387,2.753,-4.958,0.042,0.045,2,14,0,0.163,0,0,0.109,-0.079,-3.005,-4.978,0.022,0.062,2,14,0,0.164,0,0,0.075,2.967,0.130,-5.022,-0.022,0.049,2,14,0,0.151,0,0,0.097,-2.798,0.156,-4.945,0.055,0.068,2,14,0,0.137,0,0,0.011,2.700,0.459,0,0,0.170,0.000,0.000,0.000,0.000
33.0,0.254,0.017,-5.033,-0.033,0.044,2,14,0,0.152,0,0,0.148,0.379,2.789,-4.933,0.067,0.045,2,14,0,0.219,0,0,0.086,-0.054,-2.913,-5.010,-0.010,0.038,2,14,0,0.165,0,0,0.149,2.978,0.202,-5.011,-0.011,0.076,2,14,0,0.156,0,0,0.035,-2.687,0.116,-4.996,0.004,0.050,2,14,0,0.141,0,0,0.110,2.730,0.434,0,0,0.219,0.000,0.000,0.000,0.000
34.0,0.328,0.055,-4.985,0.015,0.081,2,14,0,0.177,0,0,0.144,0.352,2.835,-5.032,-0.032,0.045,2,14,0,0.137,0,0,0.061,-0.086,-2.923,-5.043,-0.043,0.074,2,14,0,0.162,0,0,0.125,3.022,0.281,-5.005,-0.005,0.062,2,14,0,0.200,0,0,0.061,-2.740,0.109,-5.002,-0.002,0.018,2,14,0,0.174,0,0,0.069,2.704,0.389,0,0,0.200,0.000,0.000,0.000,0.000
35.0,0.330,0.184,-4.951,0.049,0.094,2,14,0,0.170,0,0,0.099,0.292,2.866,-5.010,-0.010,0.052,2,14,0,0.163,0,0,0.056,-0.253,-2.973,-4.975,0.025,0.095,2,14,0,0.199,0,0,0.118,3.083,0.299,-5.011,-0.011,0.024,2,14,0,0.171,0,0,0.111,-2.791,0.110,-4.986,0.014,0.038,2,14,0,0.139,0,0,0.049,2.683,0.378,0,0,0.199,0.000,0.000,0.000,0.000
36.0,0.252,0.233,-5.001,-0.001,0.078,2,14,0,0.173,0,0,0.070,0.237,2.883,-5.037,-0.037,0.023,2,14,0,0.138,0,0,0.094,-0.296,-3.061,-5.004,-0.004,0.060,2,14,0,0.138,0,0,0.151,3.084,0.327,-5.007,-0.007,0.028,2,14,0,0.143,0,0,0.132,-2.720,0.207,-4.974,0.026,0.040,2,14,0,0.137,0,0,0.083,2.650,0.348,0,0,0.173,0.000,0.000,0.000,0.000
37.0,0.186,0.293,-5.011,-0.011,0.042,2,14,0,0.175,0,0,0.137,0.314,2.892,-5.013,-0.013,0.039,2,14,0,0.163,0,0,0.084,-0.261,-3.077,-4.997,0.003,0.060,2,14,0,0.135,0,0,0.122,3.000,0.275,-4.998,0.002,0.073,2,14,0,0.204,0,0,0.056,-2.776,0.176,-5.017,-0.017,0.048,2,14,0,0.166,0,0,0.022,2.602,0.347,0,0,0.204,0.000,0.000,0.000,0.000
38.0,0.192,0.294,-4.965,0.035,0.048,2,14,0,0.212,0,0,0.138,0.357,2.795,-5.003,-0.003,0.050,2,14,0,0.163,0,0,0.063,-0.222,-3.140,-4.998,0.002,0.076,2,14,0,0.142,0,0,0.133,2.951,0.230,-4.977,0.023,0.055,2,14,0,0.177,0,0,0.059,-2.770,0.163,-4.976,0.024,0.032,2,14,0,0.138,0,0,0.019,2.507,0.412,0,0,0.212,0.000,0.000,0.000,0.000
39.0,0.162,0.197,-4.964,0.036,0.081,2,14,0,0.175,0,0,0.081,0.292,2.728,-4.985,0.015,0.035,2,14,0,0.141,0,0,0.082,-0.141,-3.145,-5.047,-0.047,0.093,2,14,0,0.168,0,0,0.115,2.975,0.148,-4.981,0.019,0.047,2,14,0,0.205,0,0,0.077,-2.916,0.153,-4.974,0.026,0.041,2,14,0,0.169,0,0,0.126,2.535,0.399,0,0,0.205,0.000,0.000,0.000,0.000
40.0,0.230,0.161,-4.987,0.013,0.069,2,14,0,0.169,0,0,0.008,0.318,2.649,-5.020,-0.020,0.016,2,14,0,0.168,0,0,0.162,0.009,-3.061,-5.033,-0.033,0.092,2,14,0,0.168,0,0,0.160,2.934,0.119,-5.034,-0.034,0.008,2,14,0,0.151,0,0,0.124,-2.881,0.150,-5.039,-0.039,0.046,2,14,0,0.171,0,0,0.095,2.490,0.473,0,0,0.171,0.000,0.000,0.000,0.000
41.0,0.292,0.193,-5.026,-0.026,0.034,2,14,0,0.148,0,0,0.064,0.348,2.710,-5.072,-0.072,0.078,2,14,0,0.205,0,0,0.114,-0.022,-2.975,-5.037,-0.037,0.067,2,14,0,0.203,0,0,0.138,2.961,0.172,-5.042,-0.042,0.060,2,14,0,0.150,0,0,0.068,-2.791,0.141,-5.064,-0.064,0.068,2,14,0,0.164,0,0,0.019,2.518,0.453,0,0,0.205,0.000,0.000,0.000,0.000
42.0,0.251,0.159,-5.047,-0.047,0.039,2,14,0,0.174,0,0,0.019,0.297,2.837,-4.990,0.010,0.095,2,14,0,0.173,0,0,0.025,-0.138,-2.942,-4.988,0.012,0.071,2,14,0,0.161,0,0,0.089,3.021,0.253,-5.008,-0.008,0.069,2,14,0,0.175,0,0,0.035,-2.705,0.169,-5.051,-0.051,0.046,2,14,0,0.201,0,0,0.083,2.679,0.340,0,0,0.201,0.000,0.000,0.000,0.000
43.0,0.160,0.136,-5.021,-0.021,0.031,2,14,0,0.176,0,0,0.079,0.278,2.875,-5.033,-0.033,0.054,2,14,0,0.134,0,0,0.066,-0.167,-2.953,-5.003,-0.003,0.044,2,14,0,0.138,0,0,0.081,3.136,0.275,-4.976,0.024,0.035,2,14,0,0.152,0,0,0.139,-2.724,0.159,-5.058,-0.058,0.015,2,14,0,0.137,0,0,0.064,2.742,0.318,0,0,0.176,0.000,0.000,0.000,0.000
44.0,0.170,0.104,-5.010,-0.010,0.027,2,14,0,0.178,0,0,0.089,0.205,2.904,-5.017,-0.017,0.009,2,14,0,0.141,0,0,0.130,-0.165,-3.048,-4.964,0.036,0.057,2,14,0,0.169,0,0,0.023,3.089,0.213,-4.962,0.038,0.032,2,14,0,0.200,0,0,0.082,-2.770,0.205,-5.036,-0.036,0.045,2,14,0,0.142,0,0,0.050,2.801,0.309,0,0,0.200,0.000,0.000,0.000,0.000
45.0,0.219,0.076,-4.965,0.035,0.042,2,14,0,0.175,0,0,0.088,0.252,2.910,-5.017,-0.017,0.056,2,14,0,0.172,0,0,0.111,-0.103,-3.095,-4.996,0.004,0.017,2,14,0,0.142,0,0,0.080,3.060,0.224,-5.013,-0.013,0.066,2,14,0,0.177,0,0,0.055,-2.811,0.270,-4.945,0.055,0.036,2,14,0,0.142,0,0,0.113,2.834,0.329,0,0,0.177,0.000,0.000,0.000,0.000
46.0,0.251,0.017,-4.993,0.007,0.052,2,14,0,0.179,0,0,0.149,0.298,2.895,-5.056,-0.056,0.067,2,14,0,0.166,0,0,0.084,-0.198,-3.044,-4.984,0.016,0.039,2,14,0,0.198,0,0,0.051,2.995,0.266,-5.047,-0.047,0.064,2,14,0,0.158,0,0,0.049,-2.846,0.189,-4.984,0.016,0.054,2,14,0,0.169,0,0,0.065,2.756,0.316,0,0,0.198,0.000,0.000,0.000,0.000
47.0,0.359,0.110,-4.983,0.017,0.089,2,14,0,0.179,0,0,0.134,0.295,2.786,-4.971,0.029,0.083,2,14,0,0.165,0,0,0.024,-0.275,-3.040,-4.976,0.024,0.013,2,14,0,0.167,0,0,0.126,2.941,0.261,-5.015,-0.015,0.045,2,14,0,0.182,0,0,0.077,-2.782,0.152,-5.005,-0.005,0.046,2,14,0,0.142,0,0,0.009,2.587,0.375,0,0,0.182,0.000,0.000,0.000,0.000
48.0,0.357,0.170,-4.994,0.006,0.080,2,14,0,0.154,0,0,0.123,0.301,2.710,-4.959,0.041,0.036,2,14,0,0.171,0,0,0.100,-0.288,-3.006,-4.995,0.005,0.058,2,14,0,0.169,0,0,0.142,2.895,0.270,-5.031,-0.031,0.031,2,14,0,0.158,0,0,0.123,-2.685,0.105,-4.986,0.014,0.035,2,14,0,0.143,0,0,0.116,2.540,0.418,0,0,0.171,0.000,0.000,0.000,0.000
49.0,0.274,0.286,-5.019,-0.019,0.087,2,14,0,0.186,0,0,0.127,0.284,2.722,-4.978,0.022,0.024,2,14,0,0.211,0,0,0.089,-0.203,-3.007,-4.953,0.047,0.091,2,14,0,0.164,0,0,0.060,2.909,0.215,-4.929,0.071,0.070,2,14,0,0.300,0,0,0.100,-2.724,0.093,-5.006,-0.006,0.035,2,14,0,0.235,0,0,0.092,2.437,0.397,0,0,0.300,0.000,0.000,0.000,0.000
50.0,0.251,0.291,-4.989,0.011,0.064,2,14,0,0.148,0,0,0.129,0.310,2.749,-4.989,0.011,0.051,2,14,0,0.165,0,0,0.063,-0.113,-3.041,-5.029,-0.029,0.077,2,14,0,0.166,0,0,0.035,2.985,0.157,-4.948,0.052,0.076,2,14,0,0.150,0,0,0.066,-2.780,0.112,-4.999,0.001,0.056,2,14,0,0.167,0,0,0.047,2.458,0.399,0,0,0.167,0.000,0.000,0.000,0.000
51.0,0.196,0.287,-5.016,-0.016,0.071,2,14,0,0.157,0,0,0.127,0.355,2.802,-5.051,-0.051,0.061,2,14,0,0.135,0,0,0.059,-0.051,-3.035,-5.002,-0.002,0.033,2,14,0,0.198,0,0,0.096,3.037,0.185,-5.052,-0.052,0.051,2,14,0,0.145,0,0,0.046,-2.839,0.128,-4.971,0.029,0.049,2,14,0,0.140,0,0,0.060,2.520,0.407,0,0,0.198,0.000,0.000,0.000,0.000
52.0,0.209,0.220,-5.065,-0.065,0.092,2,14,0,0.175,0,0,0.063,0.363,2.860,-5.025,-0.025,0.043,2,14,0,0.162,0,0,0.083,0.009,-3.083,-5.004,-0.004,0.018,2,14,0,0.197,0,0,0.168,3.116,0.186,-4.974,0.026,0.028,2,14,0,0.184,0,0,0.114,-2.822,0.148,-4.984,0.016,0.022,2,14,0,0.143,0,0,0.036,2.645,0.389,0,0,0.197,0.000,0.000,0.000,0.000
53.0,0.206,0.117,-5.019,-0.019,0.077,2,14,0,0.183,0,0,0.052,0.331,2.847,-4.963,0.037,0.045,2,14,0,0.137,0,0,0.050,-0.043,-3.017,-5.008,-0.008,0.080,2,14,0,0.165,0,0,0.105,3.049,0.236,-5.005,-0.005,0.049,2,14,0,0.147,0,0,0.046,-2.748,0.139,-4.968,0.032,0.035,2,14,0,0.139,0,0,0.045,2.733,0.365,0,0,0.183,0.000,0.000,0.000,0.000
54.0,0.080,0.052,-5.034,-0.034,0.023,2,14,0,0.399,0,0,0.191,0.274,2.827,-4.947,0.053,0.048,2,14,0,0.164,0,0,0.026,-0.059,-2.979,-4.978,0.022,0.090,2,14,0,0.165,0,0,0.106,3.072,0.235,-4.987,0.013,0.031,2,14,0,0.208,0,0,0.067,-2.747,0.189,-5.042,-0.042,0.029,2,14,0,0.140,0,0,0.051,2.783,0.324,0,0,0.399,0.000,0.000,0.000,0.000
55.0,0.113,0.111,-4.988,0.012,0.079,2,14,0,0.222,0,0,0.136,0.203,2.746,-4.944,0.056,0.027,2,14,0,0.162,0,0,0.114,-0.228,-2.971,-4.979,0.021,0.090,2,14,0,0.162,0,0,0.099,3.075,0.242,-5.012,-0.012,0.047,2,14,0,0.150,0,0,0.072,-2.888,0.194,-5.029,-0.029,0.039,2,14,0,0.171,0,0,0.105,2.637,0.325,0,0,0.222,0.000,0.000,0.000,0.000
56.0,0.178,0.164,-4.907,0.093,0.102,2,14,0,0.177,0,0,0.058,0.223,2.729,-5.063,-0.063,0.030,2,14,0,0.212,0,0,0.110,-0.298,-3.050,-4.950,0.050,0.032,2,14,0,0.204,0,0,0.151,3.044,0.225,-5.013,-0.013,0.055,2,14,0,0.188,0,0,0.040,-2.935,0.166,-5.071,-0.071,0.029,2,14,0,0.143,0,0,0.147,2.571,0.351,0,0,0.212,0.000,0.000,0.000,0.000
57.0,0.242,0.176,-4.932,0.068,0.071,2,14,0,0.176,0,0,0.014,0.299,2.723,-5.071,-0.071,0.063,2,14,0,0.161,0,0,0.088,-0.303,-3.023,-5.017,-0.017,0.043,2,14,0,0.163,0,0,0.155,2.957,0.257,-5.008,-0.008,0.046,2,14,0,0.148,0,0,0.063,-2.940,0.131,-5.053,-0.053,0.067,2,14,0,0.165,0,0,0.154,2.551,0.408,0,0,0.176,0.000,0.000,0.000,0.000
58.0,0.351,0.187,-5.023,-0.023,0.042,2,14,0,0.146,0,0,0.117,0.337,2.808,-4.985,0.015,0.072,2,14,0,0.169,0,0,0.040,-0.225,-3.024,-4.984,0.016,0.094,2,14,0,0.157,0,0,0.079,2.903,0.223,-5.018,-0.018,0.019,2,14,0,0.149,0,0,0.104,-2.811,0.160,-5.006,-0.006,0.121,2,14,0,0.198,0,0,0.027,2.552,0.397,0,0,0.198,0.000,0.000,0.000,0.000
59.0,0.386,0.192,-5.060,-0.060,0.027,2,14,0,0.150,0,0,0.154,0.276,2.904,-4.997,0.003,0.044,2,14,0,0.139,0,0,0.095,-0.131,-3.039,-4.962,0.038,0.085,2,14,0,0.164,0,0,0.019,2.874,0.251,-5.058,-0.058,0.040,2,14,0,0.150,0,0,0.137,-2.609,0.174,-4.972,0.028,0.090,2,14,0,0.165,0,0,0.176,2.488,0.432,0,0,0.165,0.000,0.000,0.000,0.000
60.0,0.319,0.151,-5.036,-0.036,0.078,2,14,0,0.181,0,0,0.087,0.308,2.909,-4.974,0.026,0.025,2,14,0,0.167,0,0,0.098,-0.080,-3.087,-4.954,0.046,0.050,2,14,0,0.136,0,0,0.088,2.958,0.169,-5.014,-0.014,0.087,2,14,0,0.203,0,0,0.071,-2.501,0.157,-4.957,0.043,0.023,2,14,0,0.170,0,0,0.289,2.640,0.523,0,0,0.203,0.000,0.000,0.000,0.000
61.0,0.273,0.162,-5.015,-0.015,0.077,2,14,0,0.177,0,0,0.040,0.337,2.920,-5.033,-0.033,0.042,2,14,0,0.165,0,0,0.116,-0.027,-3.110,-4.971,0.029,0.016,2,14,0,0.161,0,0,0.147,3.086,0.163,-5.082,-0.082,0.083,2,14,0,0.180,0,0,0.096,-2.619,0.138,-4.926,0.074,0.139,2,14,0,0.167,0,0,0.175,2.759,0.405,0,0,0.180,0.000,0.000,0.000,0.000
62.0,0.149,0.194,-5.040,-0.040,0.059,2,14,0,0.174,0,0,0.091,0.352,2.897,-5.035,-0.035,0.068,2,14,0,0.139,0,0,0.103,-0.049,-3.081,-5.010,-0.010,0.056,2,14,0,0.136,0,0,0.112,3.132,0.216,-5.043,-0.043,0.038,2,14,0,0.147,0,0,0.124,-2.793,0.131,-4.960,0.040,0.153,2,14,0,0.165,0,0,0.029,2.710,0.367,0,0,0.174,0.000,0.000,0.000,0.000
63.0,0.210,0.219,-4.945,0.055,0.014,2,14,0,0.167,0,0,0.061,0.305,2.811,-5.005,-0.005,0.082,2,14,0,0.166,0,0,0.010,-0.073,-3.018,-5.005,-0.005,0.085,2,14,0,0.137,0,0,0.077,3.121,0.204,-4.998,0.002,0.054,2,14,0,0.176,0,0,0.116,-2.929,0.155,-5.023,-0.023,0.092,2,14,0,0.140,0,0,0.138,2.595,0.359,0,0,0.176,0.000,0.000,0.000,0.000
64.0,0.238,0.188,-5.026,-0.026,0.031,2,14,0,0.173,0,0,0.024,0.235,2.781,-5.002,-0.002,0.051,2,14,0,0.140,0,0,0.067,-0.127,-2.951,-5.070,-0.070,0.081,2,14,0,0.330,0,0,0.081,3.005,0.207,-4.942,0.058,0.082,2,14,0,0.178,0,0,0.012,-2.972,0.120,-5.023,-0.023,0.014,2,14,0,0.165,0,0,0.189,2.594,0.321,0,0,0.330,0.000,0.000,0.000,0.000
65.0,0.266,0.160,-5.004,-0.004,0.029,2,14,0,0.178,0,0,0.033,0.230,2.748,-5.029,-0.029,0.020,2,14,0,0.166,0,0,0.091,-0.257,-2.914,-5.074,-0.074,0.058,2,14,0,0.165,0,0,0.159,2.827,0.198,-4.964,0.036,0.056,2,14,0,0.177,0,0,0.179,-2.950,0.135,-4.973,0.027,0.080,2,14,0,0.209,0,0,0.164,2.562,0.341,0,0,0.209,0.000,0.000,0.000,0.000
66.0,0.193,0.081,-5.011,-0.011,0.025,2,14,0,0.177,0,0,0.092,0.261,2.689,-5.004,-0.004,0.030,2,14,0,0.165,0,0,0.127,-0.268,-2.974,-5.102,-0.102,0.050,2,14,0,0.168,0,0,0.132,2.880,0.195,-4.924,0.076,0.064,2,14,0,0.180,0,0,0.133,-2.826,0.211,-5.002,-0.002,0.113,2,14,0,0.166,0,0,0.065,2.609,0.406,0,0,0.180,0.000,0.000,0.000,0.000
67.0,0.237,0.110,-5.038,-0.038,0.037,2,14,0,0.178,0,0,0.056,0.328,2.733,-4.995,0.005,0.072,2,14,0,0.164,0,0,0.084,-0.242,-3.070,-5.010,-0.010,0.081,2,14,0,0.436,0,0,0.103,3.047,0.160,-4.909,0.091,0.088,2,14,0,0.179,0,0,0.071,-2.763,0.235,-4.996,0.004,0.073,2,14,0,0.136,0,0,0.080,2.625,0.423,0,0,0.436,0.000,0.000,0.000,0.000
68.0,0.216,0.157,-5.004,-0.004,0.046,2,14,0,0.146,0,0,0.021,0.340,2.815,-4.964,0.036,0.067,2,14,0,0.166,0,0,0.044,-0.164,-3.089,-4.952,0.048,0.072,2,14,0,0.180,0,0,0.060,3.174,0.207,-4.925,0.075,0.038,2,14,0,0.177,0,0,0.169,-2.702,0.212,-4.987,0.013,0.042,2,14,0,0.139,0,0,0.101,2.661,0.387,0,0,0.180,0.000,0.000,0.000,0.000
69.0,0.220,0.184,-5.028,-0.028,0.027,2,14,0,0.150,0,0,0.025,0.319,2.886,-4.938,0.062,0.037,2,14,0,0.168,0,0,0.080,-0.047,-3.118,-5.025,-0.025,0.054,2,14,0,0.133,0,0,0.133,3.072,0.234,-4.980,0.020,0.058,2,14,0,0.181,0,0,0.068,-2.690,0.125,-4.954,0.046,0.049,2,14,0,0.168,0,0,0.102,2.706,0.339,0,0,0.181,0.000,0.000,0.000,0.000
70.0,0.219,0.194,-5.027,-0.027,0.021,2,14,0,0.151,0,0,0.033,0.272,2.903,-4.933,0.067,0.016,2,14,0,0.167,0,0,0.096,-0.015,-3.118,-5.046,-0.046,0.035,2,14,0,0.166,0,0,0.159,2.973,0.280,-5.011,-0.011,0.062,2,14,0,0.154,0,0,0.069,-2.633,0.058,-5.035,-0.035,0.048,2,14,0,0.141,0,0,0.185,2.712,0.372,0,0,0.167,0.000,0.000,0.000,0.000
71.0,0.250,0.158,-4.993,0.007,0.024,2,14,0,0.147,0,0,0.016,0.274,2.832,-5.015,-0.015,0.047,2,14,0,0.137,0,0,0.032,-0.086,-3.050,-5.044,-0.044,0.090,2,14,0,0.163,0,0,0.068,2.984,0.252,-5.006,-0.006,0.028,2,14,0,0.149,0,0,0.040,-2.683,0.065,-5.002,-0.002,0.098,2,14,0,0.136,0,0,0.143,2.675,0.323,0,0,0.163,0.000,0.000,0.000,0.000
72.0,0.223,0.146,-4.984,0.016,0.009,2,14,0,0.157,0,0,0.022,0.263,2.792,-5.033,-0.033,0.044,2,14,0,0.165,0,0,0.035,-0.167,-3.021,-5.016,-0.016,0.071,2,14,0,0.161,0,0,0.021,2.998,0.260,-5.014,-0.014,0.012,2,14,0,0.146,0,0,0.041,-2.815,0.111,-5.021,-0.021,0.126,2,14,0,0.163,0,0,0.054,2.647,0.336,0,0,0.165,0.000,0.000,0.000,0.000
73.0,0.271,0.123,-4.990,0.010,0.011,2,14,0,0.154,0,0,0.055,0.263,2.732,-5.071,-0.071,0.029,2,14,0,0.137,0,0,0.087,-0.246,-2.953,-5.014,-0.014,0.049,2,14,0,0.163,0,0,0.120,2.999,0.249,-5.070,-0.070,0.032,2,14,0,0.179,0,0,0.031,-2.923,0.168,-5.034,-0.034,0.076,2,14,0,0.168,0,0,0.135,2.610,0.376,0,0,0.179,0.000,0.000,0.000,0.000
74.0,0.296,0.142,-4.983,0.017,0.023,2,14,0,0.154,0,0,0.065,0.301,2.775,-5.024,-0.024,0.037,2,14,0,0.148,0,0,0.038,-0.253,-2.963,-4.974,0.026,0.031,2,14,0,0.173,0,0,0.126,3.037,0.250,-5.054,-0.054,0.035,2,14,0,0.162,0,0,0.046,-2.901,0.203,-4.990,0.010,0.030,2,14,0,0.161,0,0,0.121,2.633,0.376,0,0,0.173,0.000,0.000,0.000,0.000
75.0,0.323,0.184,-4.990,0.010,0.035,2,14,0,0.158,0,0,0.091,0.253,2.875,-4.976,0.024,0.032,2,14,0,0.166,0,0,0.076,-0.160,-3.010,-4.953,0.047,0.053,2,14,0,0.139,0,0,0.024,2.976,0.156,-4.988,0.012,0.039,2,14,0,0.152,0,0,0.069,-2.898,0.217,-4.947,0.053,0.056,2,14,0,0.144,0,0,0.124,2.654,0.372,0,0,0.166,0.000,0.000,0.000,0.000
76.0,0.243,0.217,-5.019,-0.019,0.060,2,14,0,0.184,0,0,0.053,0.273,2.890,-4.947,0.053,0.032,2,14,0,0.141,0,0,0.083,-0.144,-3.079,-4.967,0.033,0.042,2,14,0,0.146,0,0,0.049,2.969,0.134,-5.030,-0.030,0.016,2,14,0,0.188,0,0,0.095,-2.814,0.194,-4.936,0.064,0.085,2,14,0,0.175,0,0,0.046,2.674,0.326,0,0,0.188,0.000,0.000,0.000,0.000
77.0,0.182,0.212,-5.020,-0.020,0.029,2,14,0,0.174,0,0,0.070,0.316,2.864,-4.954,0.046,0.052,2,14,0,0.176,0,0,0.058,-0.154,-3.115,-5.004,-0.004,0.017,2,14,0,0.138,0,0,0.084,3.063,0.161,-4.990,0.010,0.044,2,14,0,0.148,0,0,0.081,-2.730,0.169,-4.962,0.038,0.065,2,14,0,0.141,0,0,0.059,2.657,0.344,0,0,0.176,0.000,0.000,0.000,0.000
78.0,0.066,0.214,-5.003,-0.003,0.020,2,14,0,0.191,0,0,0.176,0.357,2.756,-4.963,0.037,0.059,2,14,0,0.209,0,0,0.081,-0.104,-3.092,-4.997,0.003,0.038,2,14,0,0.142,0,0,0.076,3.000,0.200,-4.983,0.017,0.046,2,14,0,0.176,0,0,0.020,-2.676,0.117,-4.968,0.032,0.024,2,14,0,0.146,0,0,0.120,2.559,0.433,0,0,0.209,0.000,0.000,0.000,0.000
79.0,0.148,0.136,-4.965,0.035,0.092,2,14,0,0.176,0,0,0.092,0.307,2.763,-4.966,0.034,0.019,2,14,0,0.164,0,0,0.049,-0.098,-3.017,-4.973,0.027,0.045,2,14,0,0.196,0,0,0.052,3.002,0.237,-5.049,-0.049,0.026,2,14,0,0.152,0,0,0.019,-2.645,0.135,-5.074,-0.074,0.039,2,14,0,0.164,0,0,0.145,2.632,0.387,0,0,0.196,0.000,0.000,0.000,0.000
80.0,0.305,0.044,-5.009,-0.009,0.091,2,14,0,0.184,0,0,0.138,0.294,2.793,-4.991,0.009,0.025,2,14,0,0.169,0,0,0.018,-0.170,-3.054,-5.043,-0.043,0.033,2,14,0,0.167,0,0,0.031,2.976,0.245,-4.959,0.041,0.009,2,14,0,0.179,0,0,0.040,-2.761,0.113,-5.047,-0.047,0.100,2,14,0,0.207,0,0,0.054,2.679,0.359,0,0,0.207,0.000,0.000,0.000,0.000
81.0,0.370,0.068,-5.036,-0.036,0.045,2,14,0,0.176,0,0,0.167,0.327,2.819,-4.975,0.025,0.012,2,14,0,0.141,0,0,0.032,-0.193,-3.043,-4.976,0.024,0.013,2,14,0,0.197,0,0,0.047,2.952,0.253,-4.998,0.002,0.022,2,14,0,0.146,0,0,0.065,-2.892,0.115,-5.005,-0.005,0.055,2,14,0,0.167,0,0,0.113,2.589,0.376,0,0,0.197,0.000,0.000,0.000,0.000
82.0,0.320,0.154,-4.997,0.003,0.081,2,14,0,0.191,0,0,0.087,0.409,2.821,-4.939,0.061,0.022,2,14,0,0.199,0,0,0.115,-0.131,-3.020,-5.074,-0.074,0.026,2,14,0,0.167,0,0,0.020,2.970,0.274,-5.035,-0.035,0.045,2,14,0,0.175,0,0,0.066,-2.859,0.155,-5.022,-0.022,0.038,2,14,0,0.170,0,0,0.072,2.652,0.447,0,0,0.199,0.000,0.000,0.000,0.000
83.0,0.290,0.238,-4.937,0.063,0.076,2,14,0,0.174,0,0,0.093,0.259,2.797,-5.031,-0.031,0.065,2,14,0,0.166,0,0,0.038,-0.144,-2.968,-5.030,-0.030,0.013,2,14,0,0.197,0,0,0.063,3.012,0.278,-4.998,0.002,0.049,2,14,0,0.150,0,0,0.061,-2.858,0.207,-4.998,0.002,0.037,2,14,0,0.140,0,0,0.084,2.561,0.375,0,0,0.197,0.000,0.000,0.000,0.000
84.0,0.160,0.239,-4.977,0.023,0.064,2,14,0,0.171,0,0,0.104,0.210,2.774,-5.029,-0.029,0.022,2,14,0,0.138,0,0,0.094,-0.139,-3.020,-4.946,0.054,0.030,2,14,0,0.166,0,0,0.015,3.068,0.218,-4.938,0.062,0.054,2,14,0,0.177,0,0,0.058,-2.800,0.237,-4.948,0.052,0.051,2,14,0,0.168,0,0,0.079,2.536,0.310,0,0,0.177,0.000,0.000,0.000,0.000
85.0,0.192,0.190,-5.011,-0.011,0.043,2,14,0,0.176,0,0,0.051,0.173,2.797,-5.019,-0.019,0.034,2,14,0,0.209,0,0,0.126,-0.116,-3.034,-5.032,-0.032,0.012,2,14,0,0.139,0,0,0.032,3.032,0.208,-4.987,0.013,0.026,2,14,0,0.152,0,0,0.028,-2.741,0.170,-4.953,0.047,0.051,2,14,0,0.173,0,0,0.049,2.608,0.310,0,0,0.209,0.000,0.000,0.000,0.000
86.0,0.246,0.173,-4.972,0.028,0.040,2,14,0,0.155,0,0,0.014,0.277,2.839,-5.052,-0.052,0.063,2,14,0,0.170,0,0,0.035,-0.045,-3.004,-4.984,0.016,0.007,2,14,0,0.142,0,0,0.106,2.990,0.240,-4.954,0.046,0.035,2,14,0,0.187,0,0,0.025,-2.752,0.142,-5.045,-0.045,0.023,2,14,0,0.144,0,0,0.041,2.667,0.321,0,0,0.187,0.000,0.000,0.000,0.000
87.0,0.210,0.128,-5.026,-0.026,0.024,2,14,0,0.147,0,0,0.043,0.352,2.807,-5.014,-0.014,0.039,2,14,0,0.139,0,0,0.055,-0.056,-2.979,-5.008,-0.008,0.048,2,14,0,0.137,0,0,0.107,2.926,0.244,-5.034,-0.034,0.008,2,14,0,0.158,0,0,0.085,-2.724,0.172,-5.008,-0.008,0.023,2,14,0,0.140,0,0,0.066,2.682,0.401,0,0,0.158,0.000,0.000,0.000,0.000
88.0,0.220,0.081,-5.018,-0.018,0.008,2,14,0,0.147,0,0,0.084,0.400,2.773,-5.010,-0.010,0.006,2,14,0,0.179,0,0,0.111,-0.126,-3.002,-5.001,-0.001,0.074,2,14,0,0.139,0,0,0.037,2.954,0.182,-5.080,-0.080,0.042,2,14,0,0.179,0,0,0.067,-2.766,0.176,-4.972,0.028,0.036,2,14,0,0.140,0,0,0.029,2.698,0.459,0,0,0.179,0.000,0.000,0.000,0.000
89.0,0.200,0.127,-5.037,-0.037,0.038,2,14,0,0.155,0,0,0.052,0.335,2.788,-4.968,0.032,0.046,2,14,0,0.139,0,0,0.046,-0.298,-3.027,-5.039,-0.039,0.079,2,14,0,0.170,0,0,0.146,3.108,0.141,-5.049,-0.049,0.052,2,14,0,0.185,0,0,0.125,-2.790,0.132,-5.014,-0.014,0.028,2,14,0,0.180,0,0,0.027,2.665,0.397,0,0,0.185,0.000,0.000,0.000,0.000
90.0,0.218,0.180,-5.048,-0.048,0.042,2,14,0,0.151,0,0,0.022,0.310,2.840,-4.928,0.072,0.044,2,14,0,0.143,0,0,0.033,-0.304,-3.052,-5.032,-0.032,0.032,2,14,0,0.164,0,0,0.158,3.111,0.174,-4.951,0.049,0.038,2,14,0,0.175,0,0,0.115,-2.839,0.130,-5.042,-0.042,0.017,2,14,0,0.139,0,0,0.057,2.665,0.349,0,0,0.175,0.000,0.000,0.000,0.000
91.0,0.195,0.214,-5.034,-0.034,0.011,2,14,0,0.182,0,0,0.063,0.272,2.911,-5.012,-0.012,0.031,2,14,0,0.171,0,0,0.101,-0.186,-3.118,-4.969,0.031,0.079,2,14,0,0.167,0,0,0.096,3.007,0.243,-4.969,0.031,0.073,2,14,0,0.206,0,0,0.022,-2.871,0.151,-4.999,0.001,0.015,2,14,0,0.141,0,0,0.082,2.698,0.289,0,0,0.206,0.000,0.000,0.000,0.000
92.0,0.223,0.153,-4.956,0.044,0.040,2,14,0,0.180,0,0,0.017,0.207,2.883,-5.047,-0.047,0.039,2,14,0,0.220,0,0,0.115,-0.052,-3.131,-4.949,0.051,0.067,2,14,0,0.142,0,0,0.140,2.966,0.316,-5.030,-0.030,0.041,2,14,0,0.159,0,0,0.105,-2.802,0.148,-5.019,-0.019,0.052,2,14,0,0.168,0,0,0.019,2.731,0.318,0,0,0.220,0.000,0.000,0.000,0.000
93.0,0.277,0.136,-4.942,0.058,0.031,2,14,0,0.174,0,0,0.049,0.179,2.777,-4.990,0.010,0.059,2,14,0,0.167,0,0,0.121,-0.026,-3.096,-5.028,-0.028,0.059,2,14,0,0.142,0,0,0.138,2.992,0.320,-4.981,0.019,0.034,2,14,0,0.183,0,0,0.103,-2.657,0.122,-4.988,0.012,0.035,2,14,0,0.197,0,0,0.136,2.643,0.364,0,0,0.197,0.000,0.000,0.000,0.000
94.0,0.318,0.124,-4.974,0.026,0.009,2,14,0,0.154,0,0,0.093,0.284,2.716,-5.020,-0.020,0.071,2,14,0,0.170,0,0,0.095,-0.037,-3.001,-5.023,-0.023,0.080,2,14,0,0.167,0,0,0.115,2.946,0.245,-4.964,0.036,0.062,2,14,0,0.186,0,0,0.066,-2.682,0.101,-5.020,-0.020,0.035,2,14,0,0.143,0,0,0.122,2.593,0.402,0,0,0.186,0.000,0.000,0.000,0.000
95.0,0.270,0.136,-5.003,-0.003,0.042,2,14,0,0.176,0,0,0.047,0.325,2.705,-5.026,-0.026,0.045,2,14,0,0.171,0,0,0.111,-0.118,-2.936,-4.943,0.057,0.075,2,14,0,0.178,0,0,0.099,2.906,0.169,-4.980,0.020,0.056,2,14,0,0.183,0,0,0.112,-2.787,0.145,-4.999,0.001,0.078,2,14,0,0.168,0,0,0.014,2.569,0.439,0,0,0.183,0.000,0.000,0.000,0.000
96.0,0.269,0.221,-4.972,0.028,0.043,2,14,0,0.212,0,0,0.064,0.345,2.787,-4.961,0.039,0.053,2,14,0,0.141,0,0,0.055,-0.232,-2.938,-5.005,-0.005,0.063,2,14,0,0.167,0,0,0.124,2.926,0.123,-5.046,-0.046,0.068,2,14,0,0.189,0,0,0.126,-2.804,0.190,-4.944,0.056,0.055,2,14,0,0.172,0,0,0.033,2.567,0.405,0,0,0.212,0.000,0.000,0.000,0.000
97.0,0.280,0.251,-5.043,-0.043,0.043,2,14,0,0.211,0,0,0.099,0.373,2.863,-5.000,0.000,0.038,2,14,0,0.165,0,0,0.092,-0.311,-2.983,-5.083,-0.083,0.050,2,14,0,0.172,0,0,0.169,3.086,0.115,-4.987,0.013,0.090,2,14,0,0.183,0,0,0.129,-2.869,0.213,-4.939,0.061,0.017,2,14,0,0.171,0,0,0.097,2.614,0.398,0,0,0.211,0.000,0.000,0.000,0.000
98.0,0.192,0.233,-5.028,-0.028,0.069,2,14,0,0.177,0,0,0.082,0.346,2.878,-5.027,-0.027,0.042,2,14,0,0.171,0,0,0.084,-0.243,-3.031,-5.004,-0.004,0.088,2,14,0,0.199,0,0,0.096,3.205,0.156,-5.006,-0.006,0.056,2,14,0,0.184,0,0,0.206,-2.852,0.209,-4.973,0.027,0.029,2,14,0,0.142,0,0,0.081,2.649,0.367,0,0,0.199,0.000,0.000,0.000,0.000
99.0,0.169,0.191,-4.987,0.013,0.046,2,14,0,0.184,0,0,0.070,0.347,2.881,-4.966,0.034,0.038,2,14,0,0.141,0,0,0.086,-0.118,-3.073,-5.007,-0.007,0.088,2,14,0,0.215,0,0,0.051,3.203,0.277,-5.055,-0.055,0.114,2,14,0,0.202,0,0,0.206,-2.800,0.236,-4.993,0.007,0.042,2,14,0,0.167,0,0,0.078,2.696,0.367,0,0,0.215,0.000,0.000,0.000,0.000
100.0,0.144,0.147,-5.029,-0.029,0.047,2,14,0,0.151,0,0,0.092,0.332,2.832,-4.971,0.029,0.057,2,14,0,0.168,0,0,0.043,-0.023,-3.068,-5.013,-0.013,0.045,2,14,0,0.134,0,0,0.131,3.022,0.270,-4.996,0.004,0.136,2,14,0,0.178,0,0,0.054,-2.770,0.204,-4.966,0.034,0.046,2,14,0,0.141,0,0,0.050,2.692,0.372,0,0,0.178,0.000,0.000,0.000,0.000
101.0,0.191,0.145,-5.046,-0.046,0.060,2,14,0,0.173,0,0,0.050,0.235,2.831,-4.965,0.035,0.062,2,14,0,0.160,0,0,0.063,-0.031,-3.051,-5.005,-0.005,0.038,2,14,0,0.166,0,0,0.121,2.896,0.271,-4.987,0.013,0.089,2,14,0,0.178,0,0,0.121,-2.780,0.173,-4.977,0.023,0.039,2,14,0,0.141,0,0,0.017,2.688,0.290,0,0,0.178,0.000,0.000,0.000,0.000
102.0,0.249,0.111,-4.996,0.004,0.048,2,14,0,0.152,0,0,0.056,0.170,2.798,-4.978,0.022,0.033,2,14,0,0.171,0,0,0.126,-0.085,-3.016,-4.976,0.024,0.067,2,14,0,0.167,0,0,0.067,2.884,0.249,-5.017,-0.017,0.031,2,14,0,0.156,0,0,0.127,-2.822,0.115,-5.000,0.000,0.035,2,14,0,0.169,0,0,0.053,2.639,0.275,0,0,0.171,0.000,0.000,0.000,0.000
103.0,0.315,0.097,-5.044,-0.044,0.025,2,14,0,0.185,0,0,0.105,0.155,2.723,-4.991,0.009,0.050,2,14,0,0.163,0,0,0.167,-0.211,-2.997,-4.953,0.047,0.075,2,14,0,0.165,0,0,0.069,2.834,0.244,-5.044,-0.044,0.045,2,14,0,0.178,0,0,0.176,-2.775,0.080,-4.993,0.007,0.018,2,14,0,0.170,0,0,0.078,2.523,0.329,0,0,0.185,0.000,0.000,0.000,0.000
104.0,0.258,0.088,-5.009,-0.009,0.044,2,14,0,0.165,0,0,0.080,0.212,2.791,-4.993,0.007,0.090,2,14,0,0.171,0,0,0.088,-0.281,-3.001,-5.004,-0.004,0.030,2,14,0,0.144,0,0,0.136,2.922,0.224,-5.089,-0.089,0.106,2,14,0,0.205,0,0,0.087,-2.757,0.057,-5.060,-0.060,0.032,2,14,0,0.173,0,0,0.108,2.669,0.298,0,0,0.205,0.000,0.000,0.000,0.000
105.0,0.171,0.116,-4.967,0.033,0.058,2,14,0,0.145,0,0,0.080,0.330,2.786,-5.042,-0.042,0.085,2,14,0,0.142,0,0,0.039,-0.214,-3.012,-5.037,-0.037,0.052,2,14,0,0.143,0,0,0.069,3.016,0.228,-5.016,-0.016,0.108,2,14,0,0.178,0,0,0.010,-2.841,0.086,-5.044,-0.044,0.057,2,14,0,0.143,0,0,0.091,2.676,0.393,0,0,0.178,0.000,0.000,0.000,0.000
106.0,0.250,0.213,-4.991,0.009,0.053,2,14,0,0.185,0,0,0.049,0.417,2.837,-5.016,-0.016,0.038,2,14,0,0.140,0,0,0.123,-0.192,-3.032,-5.000,-0.000,0.043,2,14,0,0.140,0,0,0.043,3.133,0.154,-4.999,0.001,0.064,2,14,0,0.185,0,0,0.139,-2.845,0.136,-4.980,0.020,0.063,2,14,0,0.167,0,0,0.062,2.629,0.447,0,0,0.185,0.000,0.000,0.000,0.000
107.0,0.272,0.248,-5.029,-0.029,0.015,2,14,0,0.177,0,0,0.091,0.451,2.903,-5.016,-0.016,0.018,2,14,0,0.144,0,0,0.179,-0.146,-3.002,-4.978,0.022,0.046,2,14,0,0.168,0,0,0.027,3.092,0.139,-4.934,0.066,0.024,2,14,0,0.189,0,0,0.119,-2.779,0.173,-4.953,0.047,0.058,2,14,0,0.206,0,0,0.015,2.661,0.461,0,0,0.206,0.000,0.000,0.000,0.000
108.0,0.231,0.278,-4.967,0.033,0.026,2,14,0,0.212,0,0,0.112,0.387,2.875,-5.050,-0.050,0.090,2,14,0,0.170,0,0,0.114,-0.070,-2.997,-5.053,-0.053,0.029,2,14,0,0.138,0,0,0.085,3.053,0.198,-4.987,0.013,0.065,2,14,0,0.186,0,0,0.051,-2.723,0.176,-5.010,-0.010,0.024,2,14,0,0.169,0,0,0.070,2.603,0.407,0,0,0.212,0.000,0.000,0.000,0.000
109.0,0.148,0.227,-4.930,0.070,0.059,2,14,0,0.185,0,0,0.108,0.295,2.854,-5.017,-0.017,0.092,2,14,0,0.168,0,0,0.043,-0.039,-3.024,-4.989,0.011,0.014,2,14,0,0.178,0,0,0.109,3.004,0.273,-5.005,-0.005,0.062,2,14,0,0.168,0,0,0.052,-2.742,0.203,-4.994,0.006,0.019,2,14,0,0.140,0,0,0.064,2.632,0.329,0,0,0.185,0.000,0.000,0.000,0.000
110.0,0.206,0.185,-4.971,0.029,0.072,2,14,0,0.179,0,0,0.037,0.188,2.834,-5.009,-0.009,0.056,2,14,0,0.143,0,0,0.111,-0.035,-3.023,-4.970,0.030,0.051,2,14,0,0.140,0,0,0.114,2.975,0.303,-4.983,0.017,0.024,2,14,0,0.183,0,0,0.091,-2.737,0.237,-4.938,0.062,0.030,2,14,0,0.147,0,0,0.094,2.650,0.354,0,0,0.183,0.000,0.000,0.000,0.000
111.0,0.286,0.203,-5.019,-0.019,0.054,2,14,0,0.176,0,0,0.063,0.090,2.785,-4.993,0.007,0.036,2,14,0,0.168,0,0,0.208,-0.114,-3.058,-4.975,0.025,0.092,2,14,0,0.196,0,0,0.045,2.991,0.307,-5.022,-0.022,0.032,2,14,0,0.178,0,0,0.090,-2.706,0.224,-5.002,-0.002,0.046,2,14,0,0.168,0,0,0.105,2.589,0.370,0,0,0.196,0.000,0.000,0.000,0.000
112.0,0.315,0.135,-4.934,0.066,0.049,2,14,0,0.179,0,0,0.085,0.138,2.761,-5.048,-0.048,0.091,2,14,0,0.137,0,0,0.167,-0.163,-3.069,-5.002,-0.002,0.052,2,14,0,0.165,0,0,0.042,2.987,0.288,-5.043,-0.043,0.053,2,14,0,0.204,0,0,0.072,-2.734,0.151,-4.978,0.022,0.085,2,14,0,0.167,0,0,0.057,2.634,0.342,0,0,0.204,0.000,0.000,0.000,0.000
113.0,0.303,0.048,-5.028,-0.028,0.037,2,14,0,0.174,0,0,0.134,0.315,2.768,-4.998,0.002,0.129,2,14,0,0.167,0,0,0.045,-0.255,-3.072,-5.000,0.000,0.045,2,14,0,0.165,0,0,0.114,2.931,0.160,-4.982,0.018,0.068,2,14,0,0.181,0,0,0.095,-2.861,0.113,-5.009,-0.009,0.074,2,14,0,0.202,0,0,0.086,2.631,0.391,0,0,0.202,0.000,0.000,0.000,0.000
114.0,0.357,0.052,-5.043,-0.043,0.055,2,14,0,0.154,0,0,0.166,0.422,2.816,-4.991,0.009,0.056,2,14,0,0.174,0,0,0.128,-0.236,-3.002,-5.049,-0.049,0.036,2,14,0,0.144,0,0,0.092,2.973,0.117,-5.021,-0.021,0.042,2,14,0,0.187,0,0,0.109,-2.898,0.075,-5.021,-0.021,0.005,2,14,0,0.178,0,0,0.138,2.617,0.461,0,0,0.187,0.000,0.000,0.000,0.000
115.0,0.283,0.072,-5.010,-0.010,0.103,2,14,0,0.177,0,0,0.106,0.275,2.838,-5.021,-0.021,0.024,2,14,0,0.203,0,0,0.034,-0.253,-2.965,-5.016,-0.016,0.035,2,14,0,0.170,0,0,0.122,3.025,0.136,-4.979,0.021,0.045,2,14,0,0.157,0,0,0.085,-2.913,0.119,-5.049,-0.049,0.058,2,14,0,0.171,0,0,0.130,2.743,0.319,0,0,0.203,0.000,0.000,0.000,0.000
116.0,0.181,0.133,-4.974,0.026,0.102,2,14,0,0.155,0,0,0.063,0.362,2.809,-5.021,-0.021,0.017,2,14,0,0.172,0,0,0.064,-0.256,-2.984,-5.019,-0.019,0.072,2,14,0,0.147,0,0,0.118,3.026,0.213,-4.993,0.007,0.057,2,14,0,0.185,0,0,0.018,-2.889,0.158,-5.030,-0.030,0.081,2,14,0,0.177,0,0,0.101,2.683,0.410,0,0,0.185,0.000,0.000,0.000,0.000
117.0,0.091,0.197,-4.949,0.051,0.066,2,14,0,0.152,0,0,0.146,0.401,2.758,-4.956,0.044,0.015,2,14,0,0.162,0,0,0.115,-0.166,-3.093,-4.983,0.017,0.096,2,14,0,0.166,0,0,0.064,3.069,0.269,-5.041,-0.041,0.036,2,14,0,0.139,0,0,0.080,-2.842,0.213,-4.994,0.006,0.093,2,14,0,0.181,0,0,0.077,2.580,0.468,0,0,0.181,0.000,0.000,0.000,0.000
118.0,0.092,0.246,-4.998,0.002,0.052,2,14,0,0.159,0,0,0.165,0.413,2.766,-5.033,-0.033,0.053,2,14,0,0.141,0,0,0.124,-0.057,-3.141,-5.055,-0.055,0.066,2,14,0,0.141,0,0,0.143,3.054,0.273,-5.035,-0.035,0.020,2,14,0,0.176,0,0,0.071,-2.673,0.237,-5.061,-0.061,0.075,2,14,0,0.168,0,0,0.138,2.541,0.474,0,0,0.176,0.000,0.000,0.000,0.000
119.0,0.138,0.269,-4.992,0.008,0.095,2,14,0,0.175,0,0,0.144,0.325,2.782,-5.045,-0.045,0.091,2,14,0,0.162,0,0,0.043,-0.038,-3.138,-5.022,-0.022,0.059,2,14,0,0.199,0,0,0.155,3.018,0.218,-5.001,-0.001,0.045,2,14,0,0.178,0,0,0.013,-2.624,0.200,-5.003,-0.003,0.039,2,14,0,0.138,0,0,0.169,2.521,0.426,0,0,0.199,0.000,0.000,0.000,0.000
120.0,0.292,0.196,-5.052,-0.052,0.117,2,14,0,0.179,0,0,0.062,0.204,2.857,-5.008,-0.008,0.072,2,14,0,0.165,0,0,0.102,-0.053,-3.040,-5.031,-0.031,0.094,2,14,0,0.212,0,0,0.096,2.967,0.160,-5.008,-0.008,0.038,2,14,0,0.179,0,0,0.070,-2.692,0.167,-4.934,0.066,0.083,2,14,0,0.140,0,0,0.098,2.663,0.351,0,0,0.212,0.000,0.000,0.000,0.000
121.0,0.391,0.188,-5.017,-0.017,0.058,2,14,0,0.153,0,0,0.158,0.186,2.932,-4.992,0.008,0.013,2,14,0,0.143,0,0,0.163,-0.071,-2.935,-4.953,0.047,0.069,2,14,0,0.168,0,0,0.121,2.934,0.110,-5.048,-0.048,0.009,2,14,0,0.184,0,0,0.131,-2.755,0.126,-5.045,-0.045,0.090,2,14,0,0.205,0,0,0.048,2.544,0.434,0,0,0.205,0.000,0.000,0.000,0.000
122.0,0.345,0.135,-4.990,0.010,0.069,2,14,0,0.193,0,0,0.115,0.112,2.906,-4.932,0.068,0.062,2,14,0,0.139,0,0,0.208,-0.005,-2.918,-4.910,0.090,0.067,2,14,0,0.142,0,0,0.183,2.966,0.199,-5.020,-0.020,0.069,2,14,0,0.175,0,0,0.046,-2.774,0.081,-5.071,-0.071,0.055,2,14,0,0.144,0,0,0.079,2.622,0.371,0,0,0.193,0.000,0.000,0.000,0.000
123.0,0.243,0.097,-4.957,0.043,0.078,2,14,0,0.180,0,0,0.069,0.175,2.833,-5.038,-0.038,0.119,2,14,0,0.145,0,0,0.124,-0.132,-2.920,-4.981,0.019,0.113,2,14,0,0.167,0,0,0.112,3.016,0.246,-4.964,0.036,0.060,2,14,0,0.182,0,0,0.027,-2.793,0.100,-4.930,0.070,0.048,2,14,0,0.202,0,0,0.060,2.738,0.261,0,0,0.202,0.000,0.000,0.000,0.000
124.0,0.165,0.119,-4.941,0.059,0.054,2,14,0,0.157,0,0,0.083,0.241,2.774,-5.062,-0.062,0.119,2,14,0,0.171,0,0,0.066,-0.296,-3.012,-5.016,-0.016,0.108,2,14,0,0.167,0,0,0.149,3.093,0.288,-4.960,0.040,0.022,2,14,0,0.155,0,0,0.110,-2.891,0.178,-4.982,0.018,0.052,2,14,0,0.141,0,0,0.104,2.659,0.330,0,0,0.171,0.000,0.000,0.000,0.000
125.0,0.132,0.164,-5.009,-0.009,0.034,2,14,0,0.171,0,0,0.103,0.359,2.727,-5.005,-0.005,0.093,2,14,0,0.206,0,0,0.103,-0.313,-3.026,-4.984,0.016,0.044,2,14,0,0.134,0,0,0.164,3.074,0.283,-5.034,-0.034,0.041,2,14,0,0.175,0,0,0.093,-2.906,0.185,-4.951,0.049,0.017,2,14,0,0.139,0,0,0.121,2.573,0.451,0,0,0.206,0.000,0.000,0.000,0.000
126.0,0.200,0.189,-5.044,-0.044,0.051,2,14,0,0.178,0,0,0.044,0.416,2.682,-4.952,0.048,0.031,2,14,0,0.169,0,0,0.175,-0.243,-3.152,-5.037,-0.037,0.085,2,14,0,0.211,0,0,0.154,3.026,0.248,-4.994,0.006,0.060,2,14,0,0.152,0,0,0.036,-2.914,0.201,-5.022,-0.022,0.046,2,14,0,0.168,0,0,0.132,2.503,0.523,0,0,0.211,0.000,0.000,0.000,0.000
127.0,0.233,0.196,-5.001,-0.001,0.030,2,14,0,0.184,0,0,0.032,0.408,2.734,-4.977,0.023,0.080,2,14,0,0.160,0,0,0.137,-0.234,-3.144,-4.991,0.009,0.079,2,14,0,0.166,0,0,0.142,3.024,0.238,-4.980,0.020,0.048,2,14,0,0.138,0,0,0.026,-2.854,0.224,-5.053,-0.053,0.086,2,14,0,0.200,0,0,0.093,2.544,0.486,0,0,0.200,0.000,0.000,0.000,0.000
128.0,0.284,0.132,-5.014,-0.014,0.028,2,14,0,0.150,0,0,0.059,0.379,2.838,-5.015,-0.015,0.097,2,14,0,0.163,0,0,0.086,-0.110,-3.116,-4.910,0.090,0.110,2,14,0,0.195,0,0,0.093,3.056,0.174,-4.941,0.059,0.050,2,14,0,0.147,0,0,0.067,-2.784,0.187,-5.056,-0.056,0.090,2,14,0,0.164,0,0,0.031,2.708,0.412,0,0,0.195,0.000,0.000,0.000,0.000
129.0,0.241,0.152,-4.955,0.045,0.015,2,14,0,0.176,0,0,0.014,0.357,2.914,-5.052,-0.052,0.072,2,14,0,0.167,0,0,0.121,-0.013,-3.050,-4.967,0.033,0.079,2,14,0,0.174,0,0,0.138,2.980,0.133,-4.931,0.069,0.042,2,14,0,0.152,0,0,0.089,-2.679,0.152,-5.039,-0.039,0.056,2,14,0,0.170,0,0,0.109,2.740,0.367,0,0,0.176,0.000,0.000,0.000,0.000
130.0,0.233,0.183,-4.978,0.022,0.013,2,14,0,0.213,0,0,0.017,0.310,2.913,-4.996,0.004,0.060,2,14,0,0.137,0,0,0.103,-0.100,-2.990,-5.028,-0.028,0.057,2,14,0,0.162,0,0,0.065,2.944,0.142,-4.990,0.010,0.043,2,14,0,0.178,0,0,0.099,-2.669,0.111,-4.965,0.035,0.024,2,14,0,0.166,0,0,0.130,2.711,0.349,0,0,0.213,0.000,0.000,0.000,0.000
131.0,0.266,0.198,-5.070,-0.070,0.009,2,14,0,0.183,0,0,0.045,0.246,2.889,-5.030,-0.030,0.066,2,14,0,0.209,0,0,0.093,-0.077,-2.943,-5.049,-0.049,0.035,2,14,0,0.140,0,0,0.112,2.918,0.238,-5.021,-0.021,0.062,2,14,0,0.313,0,0,0.092,-2.677,0.060,-4.965,0.035,0.051,2,14,0,0.142,0,0,0.147,2.652,0.332,0,0,0.313,0.000,0.000,0.000,0.000
132.0,0.295,0.209,-4.978,0.022,0.011,2,14,0,0.177,0,0,0.075,0.219,2.813,-5.063,-0.063,0.060,2,14,0,0.137,0,0,0.079,-0.106,-2.936,-4.984,0.016,0.069,2,14,0,0.162,0,0,0.105,2.927,0.266,-5.003,-0.003,0.046,2,14,0,0.153,0,0,0.092,-2.759,0.089,-5.009,-0.009,0.090,2,14,0,0.164,0,0,0.077,2.606,0.362,0,0,0.177,0.000,0.000,0.000,0.000
133.0,0.271,0.180,-4.929,0.071,0.043,2,14,0,0.174,0,0,0.038,0.169,2.794,-5.033,-0.033,0.041,2,14,0,0.145,0,0,0.129,-0.178,-2.973,-5.008,-0.008,0.075,2,14,0,0.160,0,0,0.066,2.913,0.248,-5.012,-0.012,0.057,2,14,0,0.145,0,0,0.099,-2.802,0.182,-4.991,0.009,0.088,2,14,0,0.162,0,0,0.025,2.618,0.326,0,0,0.174,0.000,0.000,0.000,0.000
134.0,0.250,0.179,-4.962,0.038,0.048,2,14,0,0.180,0,0,0.021,0.285,2.786,-5.002,-0.002,0.067,2,14,0,0.162,0,0,0.027,-0.159,-3.043,-5.010,-0.010,0.058,2,14,0,0.170,0,0,0.016,3.038,0.253,-5.043,-0.043,0.083,2,14,0,0.177,0,0,0.044,-2.855,0.221,-4.981,0.019,0.037,2,14,0,0.168,0,0,0.091,2.608,0.356,0,0,0.180,0.000,0.000,0.000,0.000
135.0,0.144,0.148,-4.975,0.025,0.049,2,14,0,0.181,0,0,0.091,0.339,2.775,-4.931,0.069,0.040,2,14,0,0.139,0,0,0.056,-0.074,-3.067,-5.030,-0.030,0.032,2,14,0,0.168,0,0,0.083,3.136,0.193,-5.054,-0.054,0.048,2,14,0,0.156,0,0,0.130,-2.880,0.214,-5.039,-0.039,0.017,2,14,0,0.201,0,0,0.107,2.635,0.407,0,0,0.201,0.000,0.000,0.000,0.000
136.0,0.135,0.132,-4.985,0.015,0.026,2,14,0,0.171,0,0,0.105,0.342,2.864,-4.979,0.021,0.025,2,14,0,0.163,0,0,0.070,-0.131,-3.082,-5.013,-0.013,0.048,2,14,0,0.164,0,0,0.055,3.149,0.173,-4.988,0.012,0.034,2,14,0,0.175,0,0,0.151,-2.789,0.153,-5.001,-0.001,0.060,2,14,0,0.164,0,0,0.005,2.739,0.368,0,0,0.175,0.000,0.000,0.000,0.000
137.0,0.245,0.150,-5.016,-0.016,0.060,2,14,0,0.155,0,0,0.018,0.370,2.881,-5.011,-0.011,0.021,2,14,0,0.208,0,0,0.103,-0.285,-3.014,-5.052,-0.052,0.050,2,14,0,0.160,0,0,0.136,3.020,0.189,-4.975,0.025,0.080,2,14,0,0.203,0,0,0.035,-2.875,0.121,-4.950,0.050,0.030,2,14,0,0.197,0,0,0.094,2.733,0.389,0,0,0.208,0.000,0.000,0.000,0.000
138.0,0.305,0.220,-5.021,-0.021,0.026,2,14,0,0.177,0,0,0.090,0.234,2.793,-4.956,0.044,0.064,2,14,0,0.180,0,0,0.064,-0.350,-3.029,-5.026,-0.026,0.034,2,14,0,0.141,0,0,0.202,2.941,0.261,-4.980,0.020,0.052,2,14,0,0.176,0,0,0.077,-2.852,0.106,-4.909,0.091,0.055,2,14,0,0.169,0,0,0.084,2.575,0.376,0,0,0.180,0.000,0.000,0.000,0.000
139.0,0.246,0.184,-4.964,0.036,0.032,2,14,0,0.202,0,0,0.024,0.227,2.727,-5.042,-0.042,0.025,2,14,0,0.137,0,0,0.108,-0.252,-3.035,-4.980,0.020,0.109,2,14,0,0.201,0,0,0.106,2.964,0.275,-4.999,0.001,0.009,2,14,0,0.175,0,0,0.072,-2.760,0.181,-4.972,0.028,0.069,2,14,0,0.213,0,0,0.034,2.545,0.354,0,0,0.213,0.000,0.000,0.000,0.000
140.0,0.229,0.133,-5.027,-0.027,0.037,2,14,0,0.152,0,0,0.031,0.236,2.765,-5.021,-0.021,0.040,2,14,0,0.138,0,0,0.076,-0.104,-3.007,-4.953,0.047,0.109,2,14,0,0.162,0,0,0.047,2.959,0.280,-4.995,0.005,0.032,2,14,0,0.151,0,0,0.077,-2.679,0.206,-5.050,-0.050,0.025,2,14,0,0.168,0,0,0.119,2.633,0.382,0,0,0.168,0.000,0.000,0.000,0.000
141.0,0.251,0.115,-4.979,0.021,0.003,2,14,0,0.151,0,0,0.052,0.324,2.796,-5.007,-0.007,0.061,2,14,0,0.167,0,0,0.030,-0.026,-3.054,-4.983,0.017,0.048,2,14,0,0.138,0,0,0.123,2.934,0.267,-5.018,-0.018,0.043,2,14,0,0.156,0,0,0.086,-2.647,0.180,-5.006,-0.006,0.042,2,14,0,0.168,0,0,0.144,2.682,0.396,0,0,0.168,0.000,0.000,0.000,0.000
142.0,0.251,0.088,-5.042,-0.042,0.018,2,14,0,0.159,0,0,0.079,0.363,2.876,-4.992,0.008,0.041,2,14,0,0.162,0,0,0.092,0.077,-3.057,-4.957,0.043,0.023,2,14,0,0.135,0,0,0.226,2.923,0.233,-4.980,0.020,0.068,2,14,0,0.170,0,0,0.087,-2.765,0.155,-5.005,-0.005,0.085,2,14,0,0.139,0,0,0.025,2.677,0.384,0,0,0.170,0.000,0.000,0.000,0.000
143.0,0.232,0.125,-4.992,0.008,0.047,2,14,0,0.181,0,0,0.043,0.377,2.893,-4.992,0.008,0.019,2,14,0,0.196,0,0,0.116,-0.055,-2.992,-4.988,0.012,0.112,2,14,0,0.171,0,0,0.103,3.063,0.177,-5.027,-0.027,0.080,2,14,0,0.184,0,0,0.067,-2.888,0.166,-5.011,-0.011,0.065,2,14,0,0.147,0,0,0.099,2.772,0.392,0,0,0.196,0.000,0.000,0.000,0.000
144.0,0.215,0.211,-4.991,0.009,0.047,2,14,0,0.154,0,0,0.050,0.357,2.799,-4.978,0.022,0.063,2,14,0,0.145,0,0,0.063,-0.222,-2.976,-5.008,-0.008,0.100,2,14,0,0.139,0,0,0.091,3.110,0.190,-4.978,0.022,0.022,2,14,0,0.182,0,0,0.106,-2.853,0.097,-4.980,0.020,0.025,2,14,0,0.185,0,0,0.089,2.593,0.410,0,0,0.185,0.000,0.000,0.000,0.000
145.0,0.233,0.268,-5.010,-0.010,0.020,2,14,0,0.151,0,0,0.102,0.307,2.804,-4.995,0.005,0.050,2,14,0,0.178,0,0,0.014,-0.263,-3.002,-5.025,-0.025,0.047,2,14,0,0.139,0,0,0.117,3.102,0.186,-4.994,0.006,0.034,2,14,0,0.156,0,0,0.101,-2.839,0.103,-5.030,-0.030,0.033,2,14,0,0.167,0,0,0.075,2.537,0.364,0,0,0.178,0.000,0.000,0.000,0.000
146.0,0.173,0.273,-5.054,-0.054,0.032,2,14,0,0.175,0,0,0.124,0.230,2.742,-4.980,0.020,0.038,2,14,0,0.163,0,0,0.095,-0.225,-3.074,-5.025,-0.025,0.042,2,14,0,0.171,0,0,0.088,3.066,0.258,-4.963,0.037,0.066,2,14,0,0.179,0,0,0.071,-2.824,0.123,-4.991,0.009,0.053,2,14,0,0.141,0,0,0.050,2.470,0.346,0,0,0.179,0.000,0.000,0.000,0.000
147.0,0.161,0.260,-5.028,-0.028,0.069,2,14,0,0.180,0,0,0.123,0.254,2.763,-5.057,-0.057,0.020,2,14,0,0.210,0,0,0.063,-0.187,-3.071,-5.041,-0.041,0.050,2,14,0,0.166,0,0,0.056,2.920,0.275,-5.004,-0.004,0.069,2,14,0,0.184,0,0,0.102,-2.694,0.179,-4.982,0.018,0.053,2,14,0,0.147,0,0,0.096,2.505,0.355,0,0,0.210,0.000,0.000,0.000,0.000
148.0,0.206,0.123,-4.994,0.006,0.094,2,14,0,0.172,0,0,0.050,0.264,2.780,-5.054,-0.054,0.043,2,14,0,0.175,0,0,0.046,-0.149,-3.041,-4.998,0.002,0.043,2,14,0,0.133,0,0,0.012,2.846,0.226,-4.956,0.044,0.031,2,14,0,0.145,0,0,0.162,-2.704,0.180,-4.948,0.052,0.025,2,14,0,0.201,0,0,0.089,2.642,0.347,0,0,0.201,0.000,0.000,0.000,0.000
149.0,0.265,0.041,-4.995,0.005,0.053,2,14,0,0.176,0,0,0.127,0.295,2.843,-4.978,0.022,0.038,2,14,0,0.164,0,0,0.033,-0.144,-3.033,-4.991,0.009,0.027,2,14,0,0.138,0,0,0.005,2.876,0.132,-4.981,0.019,0.078,2,14,0,0.180,0,0,0.159,-2.810,0.200,-5.006,-0.006,0.048,2,14,0,0.141,0,0,0.047,2.613,0.334,0,0,0.180,0.000,0.000,0.000,0.000
