t,d0_x,d0_y,d0_z,d0_zerr,d0_velxy,d0_arm,d0_nav,d0_mpc,d0_solve_ms,d0_fallback,d0_hover,d0_poserr,d1_x,d1_y,d1_z,d1_zerr,d1_velxy,d1_arm,d1_nav,d1_mpc,d1_solve_ms,d1_fallback,d1_hover,d1_poserr,d2_x,d2_y,d2_z,d2_zerr,d2_velxy,d2_arm,d2_nav,d2_mpc,d2_solve_ms,d2_fallback,d2_hover,d2_poserr,d3_x,d3_y,d3_z,d3_zerr,d3_velxy,d3_arm,d3_nav,d3_mpc,d3_solve_ms,d3_fallback,d3_hover,d3_poserr,d4_x,d4_y,d4_z,d4_zerr,d4_velxy,d4_arm,d4_nav,d4_mpc,d4_solve_ms,d4_fallback,d4_hover,d4_poserr,d5_x,d5_y,d5_z,d5_zerr,d5_velxy,d5_arm,d5_nav,d5_mpc,d5_solve_ms,d5_fallback,d5_hover,d5_poserr,d6_x,d6_y,d6_z,d6_zerr,d6_velxy,d6_arm,d6_nav,d6_mpc,d6_solve_ms,d6_fallback,d6_hover,d6_poserr,d7_x,d7_y,d7_z,d7_zerr,d7_velxy,d7_arm,d7_nav,d7_mpc,d7_solve_ms,d7_fallback,d7_hover,d7_poserr,d8_x,d8_y,d8_z,d8_zerr,d8_velxy,d8_arm,d8_nav,d8_mpc,d8_solve_ms,d8_fallback,d8_hover,d8_poserr,min_spacing,formation_max_err,safety_violations,total_fallbacks,max_solve_ms,leader_x,leader_y,leader_vx,leader_vy
1.0,0.206,-0.175,-0.282,4.718,0.006,2,14,-1,0.000,0,0,0.000,nan,nan,nan,nan,nan,0,0,-1,0.000,0,0,0.000,0.069,-3.140,-0.292,4.708,0.029,0,0,0,0.250,0,0,0.095,2.946,-0.034,0.312,5.312,0.009,2,14,-1,0.000,0,0,0.000,-2.744,0.103,0.337,5.337,0.015,2,14,-1,0.000,0,0,0.000,2.624,2.950,-0.507,4.493,0.030,0,0,-1,0.000,0,0,0.000,-3.207,3.157,0.278,5.278,0.038,0,0,0,0.263,0,0,0.118,2.840,-3.193,-0.150,4.850,0.022,2,14,0,0.230,0,0,0.110,-3.173,-2.774,-0.282,4.718,0.016,0,0,0,0.234,0,0,0.024,2.776,nan,0,0,0.263,0.000,0.000,0.000,0.000
2.0,0.202,-0.177,-0.274,4.726,0.006,2,14,0,0.233,0,1,0.016,0.394,3.074,-0.564,4.436,0.033,0,0,0,0.229,0,0,0.130,0.049,-3.125,-0.275,4.725,0.031,2,14,0,0.373,0,1,0.115,2.956,-0.014,0.281,5.281,0.009,2,14,0,0.233,0,1,0.029,-2.732,0.094,0.402,5.402,0.010,2,14,0,0.232,0,1,0.029,2.613,2.949,-0.508,4.492,0.029,2,14,0,0.228,0,0,0.136,-3.192,3.173,0.270,5.270,0.041,2,14,0,0.305,0,1,0.138,2.844,-3.204,-0.165,4.835,0.021,2,14,0,0.226,0,1,0.116,-3.133,-2.773,-0.273,4.727,0.027,2,14,0,0.228,0,1,0.056,2.224,0.401,0,0,0.373,0.000,0.000,0.000,0.000
3.0,0.199,-0.180,-0.268,4.732,0.006,2,14,0,0.253,0,1,0.015,0.372,3.072,-0.522,4.478,0.031,2,14,0,0.231,0,0,0.153,0.050,-3.140,-0.254,4.746,0.018,2,14,0,0.245,0,1,0.100,2.964,-0.031,0.315,5.315,0.012,2,14,0,0.227,0,1,0.030,-2.724,0.082,0.402,5.402,0.006,2,14,0,0.231,0,1,0.019,2.650,2.970,-0.545,4.455,0.017,2,14,0,0.281,0,0,0.095,-3.178,3.190,0.259,5.259,0.044,2,14,0,0.243,0,1,0.159,2.840,-3.220,-0.198,4.802,0.019,2,14,0,0.233,0,1,0.117,-3.125,-2.762,-0.271,4.729,0.027,2,14,0,0.232,0,1,0.068,2.281,0.378,0,0,0.281,0.000,0.000,0.000,0.000
4.0,0.196,-0.182,-0.264,4.736,0.007,2,14,0,0.241,0,1,0.014,0.403,3.084,-0.578,4.422,0.115,2,14,0,0.300,0,0,0.123,0.057,-3.134,-0.208,4.792,0.018,2,14,0,0.247,0,1,0.104,2.981,-0.037,0.335,5.335,0.019,2,14,0,0.597,0,1,0.047,-2.709,0.076,0.420,5.420,0.009,2,14,0,0.251,0,1,0.007,2.703,2.990,-0.603,4.397,0.110,2,14,0,0.256,0,0,0.058,-3.162,3.208,0.247,5.247,0.047,2,14,0,0.248,0,1,0.181,2.760,-3.232,-0.239,4.761,0.009,2,14,0,0.443,0,1,0.060,-3.157,-2.784,-0.286,4.714,0.020,2,14,0,0.234,0,1,0.029,2.303,0.411,0,0,0.597,0.000,0.000,0.000,0.000
5.0,0.193,-0.185,-0.261,4.739,0.007,2,14,0,0.271,0,1,0.015,0.535,3.123,-1.115,3.885,0.160,2,14,0,0.232,0,0,0.042,0.090,-3.133,-0.202,4.798,0.020,2,14,0,0.243,0,1,0.102,2.936,-0.044,0.371,5.371,0.012,2,14,0,0.230,0,1,0.011,-2.701,0.048,0.395,5.395,0.011,2,14,0,0.233,0,1,0.034,2.794,2.980,-1.059,3.941,0.099,2,14,0,0.266,0,0,0.061,-3.144,3.230,0.233,5.233,0.050,2,14,0,0.237,0,1,0.209,2.708,-3.226,-0.303,4.697,0.022,2,14,0,0.229,0,1,0.052,-3.184,-2.791,-0.329,4.671,0.013,2,14,0,0.228,0,0,0.005,2.265,0.549,0,0,0.271,0.000,0.000,0.000,0.000
6.0,0.192,-0.171,-0.260,4.740,0.082,2,14,0,0.240,0,1,0.005,0.608,3.214,-1.869,3.131,0.142,2,14,0,0.248,0,0,0.122,0.104,-3.135,-0.270,4.730,0.079,2,14,0,0.246,0,1,0.100,2.906,-0.024,0.413,5.413,0.074,2,14,0,0.233,0,1,0.029,-2.737,0.051,0.380,5.380,0.074,2,14,0,0.228,0,1,0.044,2.846,3.000,-1.715,3.285,0.046,2,14,0,0.325,0,0,0.115,-3.120,3.254,0.216,5.216,0.057,2,14,0,0.244,0,1,0.241,2.714,-3.211,-0.408,4.592,0.029,2,14,0,0.229,0,0,0.036,-3.202,-2.776,-0.652,4.348,0.026,2,14,0,0.243,0,0,0.027,2.253,0.645,0,0,0.325,0.000,0.000,0.000,0.000
7.0,0.190,-0.166,-0.262,4.738,0.009,2,12,0,0.659,0,1,0.012,0.629,3.278,-2.839,2.161,0.027,2,14,0,0.308,0,0,0.182,0.119,-3.151,-0.409,4.591,0.052,2,14,0,0.297,0,1,0.092,2.951,-0.003,0.152,5.152,0.058,2,14,0,0.235,0,1,0.034,-2.759,0.088,0.145,5.145,0.026,2,14,0,0.342,0,1,0.056,2.852,3.036,-2.739,2.261,0.037,2,14,0,0.286,0,0,0.141,-3.089,3.289,0.193,5.193,0.058,2,12,0,0.247,0,1,0.247,2.758,-3.194,-1.210,3.790,0.094,2,14,0,0.286,0,0,0.030,-3.162,-2.686,-1.680,3.320,0.114,2,14,0,0.248,0,0,0.110,2.238,0.688,0,0,0.659,0.000,0.000,0.000,0.000
8.0,0.184,-0.172,-0.266,4.734,0.009,2,12,0,0.659,0,1,0.012,0.593,3.258,-4.077,0.923,0.070,2,14,0,0.173,0,0,0.142,0.150,-3.221,-1.438,3.562,0.052,2,14,0,0.323,0,0,0.069,2.971,0.079,-0.395,4.605,0.015,2,14,0,0.280,0,1,0.118,-2.709,0.160,-0.415,4.585,0.013,2,14,0,0.257,0,1,0.078,2.850,2.963,-3.973,1.027,0.090,2,14,0,0.265,0,0,0.109,-3.052,3.334,0.166,5.166,0.063,2,12,0,0.247,0,1,0.247,2.830,-3.110,-2.438,2.562,0.042,2,14,0,0.280,0,0,0.121,-3.184,-2.611,-2.975,2.025,0.017,2,14,0,0.300,0,0,0.185,2.279,0.647,0,0,0.659,0.000,0.000,0.000,0.000
9.0,0.178,-0.179,-0.272,4.728,0.009,2,12,0,0.659,0,1,0.012,0.494,3.273,-4.797,0.203,0.097,2,14,0,0.174,0,0,0.125,0.068,-3.240,-2.710,2.290,0.107,2,14,0,0.407,0,0,0.013,2.949,0.063,-1.369,3.631,0.061,2,14,0,0.233,0,0,0.099,-2.669,0.089,-1.349,3.651,0.073,2,14,0,0.279,0,0,0.037,2.813,2.892,-4.897,0.103,0.081,2,14,0,0.179,0,0,0.090,-3.012,3.384,0.137,5.137,0.069,2,12,0,0.247,0,1,0.247,2.829,-3.078,-3.754,1.246,0.047,2,14,0,0.206,0,0,0.142,-3.233,-2.704,-4.179,0.821,0.082,2,14,0,0.239,0,0,0.104,2.353,0.564,0,0,0.659,0.000,0.000,0.000,0.000
10.0,0.174,-0.186,-0.279,4.721,0.009,2,12,0,0.659,0,1,0.012,0.482,3.122,-4.966,0.034,0.110,2,14,0,0.219,0,0,0.032,0.028,-3.180,-4.113,0.887,0.063,2,14,0,0.229,0,0,0.076,2.861,-0.016,-2.839,2.161,0.099,2,14,0,0.290,0,0,0.075,-2.706,0.129,-2.699,2.301,0.051,2,14,0,0.292,0,0,0.047,2.857,2.866,-5.169,-0.169,0.062,2,14,0,0.189,0,0,0.142,-2.969,3.438,0.107,5.107,0.076,2,12,0,0.247,0,1,0.247,2.762,-3.063,-4.587,0.413,0.076,2,14,0,0.185,0,0,0.122,-3.377,-2.792,-4.690,0.310,0.095,2,14,0,0.194,0,0,0.193,2.398,0.497,0,0,0.659,0.000,0.000,0.000,0.000
11.0,0.171,-0.194,-0.285,4.715,0.009,2,12,0,0.659,0,1,0.012,0.421,3.017,-5.136,-0.136,0.060,2,14,0,0.150,0,0,0.156,0.005,-3.226,-4.663,0.337,0.044,2,14,0,0.190,0,0,0.078,2.875,-0.123,-3.994,1.006,0.089,2,14,0,0.184,0,0,0.106,-2.773,0.121,-3.924,1.076,0.039,2,14,0,0.176,0,0,0.079,2.686,2.974,-5.299,-0.299,0.106,2,14,0,0.227,0,0,0.060,-2.923,3.498,0.074,5.074,0.082,2,12,0,0.247,0,1,0.247,2.684,-3.128,-4.844,0.156,0.108,2,14,0,0.174,0,0,0.068,-3.303,-2.872,-4.853,0.147,0.090,2,14,0,0.190,0,0,0.141,2.271,0.504,0,0,0.659,0.000,0.000,0.000,0.000
12.0,0.170,-0.196,-0.291,4.709,0.001,2,12,0,0.659,0,1,0.012,0.533,2.982,-5.147,-0.147,0.030,2,14,0,0.171,0,0,0.171,-0.019,-3.315,-4.904,0.096,0.037,2,14,0,0.167,0,0,0.127,2.925,-0.132,-4.287,0.713,0.020,2,14,0,0.179,0,0,0.101,-2.775,0.064,-4.221,0.779,0.032,2,14,0,0.190,0,0,0.072,2.564,2.995,-5.401,-0.401,0.044,2,14,0,0.197,0,0,0.184,-2.909,3.516,0.040,5.040,0.005,2,12,0,0.247,0,1,0.247,2.495,-3.222,-4.838,0.162,0.094,2,14,0,0.204,0,0,0.239,-3.194,-2.951,-4.919,0.081,0.077,2,14,0,0.194,0,0,0.156,2.047,0.552,0,0,0.659,0.000,0.000,0.000,0.000
13.0,0.171,-0.197,-0.297,4.703,0.002,2,12,0,0.659,0,1,0.012,0.546,3.000,-5.162,-0.162,0.060,2,14,0,0.147,0,0,0.157,-0.009,-3.291,-4.959,0.041,0.037,2,14,0,0.159,0,0,0.107,2.879,-0.044,-4.281,0.719,0.039,2,14,0,0.213,0,0,0.054,-2.711,0.079,-4.296,0.704,0.041,2,14,0,0.225,0,0,0.009,2.554,2.972,-5.406,-0.406,0.044,2,14,0,0.182,0,0,0.190,-2.907,3.519,0.004,5.004,0.010,2,12,0,0.247,0,1,0.247,2.545,-3.325,-4.931,0.069,0.080,2,14,0,0.175,0,0,0.237,-3.131,-2.956,-4.950,0.050,0.067,2,14,0,0.186,0,0,0.169,2.023,0.559,0,0,0.659,0.000,0.000,0.000,0.000
14.0,0.172,-0.198,-0.302,4.698,0.003,2,12,0,0.659,0,1,0.012,0.515,3.005,-5.176,-0.176,0.076,2,14,0,0.146,0,0,0.145,0.028,-3.306,-5.017,-0.017,0.063,2,14,0,0.164,0,0,0.090,2.889,-0.060,-4.281,0.719,0.024,2,14,0,0.180,0,0,0.052,-2.710,0.077,-4.340,0.660,0.029,2,14,0,0.178,0,0,0.007,2.674,2.954,-5.419,-0.419,0.114,2,14,0,0.209,0,0,0.071,-2.904,3.523,-0.033,4.967,0.014,2,12,0,0.247,0,1,0.247,2.722,-3.344,-4.937,0.063,0.117,2,14,0,0.176,0,0,0.165,-3.124,-2.887,-4.989,0.011,0.091,2,14,0,0.191,0,0,0.110,2.173,0.532,0,0,0.659,0.000,0.000,0.000,0.000
15.0,0.173,-0.198,-0.307,4.693,0.004,2,12,0,0.659,0,1,0.012,0.496,3.091,-5.189,-0.189,0.105,2,14,0,0.174,0,0,0.063,0.143,-3.361,-5.023,-0.023,0.061,2,14,0,0.189,0,0,0.139,2.915,-0.064,-4.268,0.732,0.043,2,14,0,0.158,0,0,0.036,-2.680,0.110,-4.384,0.616,0.026,2,14,0,0.182,0,0,0.037,2.810,2.939,-5.466,-0.466,0.104,2,14,0,0.208,0,0,0.064,-2.902,3.526,-0.072,4.928,0.016,2,12,0,0.247,0,1,0.247,2.845,-3.307,-4.961,0.039,0.106,2,14,0,0.177,0,0,0.171,-3.094,-2.810,-5.015,-0.015,0.085,2,14,0,0.223,0,0,0.091,2.335,0.535,0,0,0.659,0.000,0.000,0.000,0.000
16.0,0.174,-0.199,-0.312,4.688,0.005,2,12,0,0.659,0,1,0.012,0.596,3.226,-5.259,-0.259,0.085,2,14,0,0.235,0,0,0.119,0.124,-3.351,-5.047,-0.047,0.056,2,14,0,0.162,0,0,0.123,2.934,-0.047,-4.279,0.721,0.026,2,14,0,0.156,0,0,0.016,-2.768,0.159,-4.369,0.631,0.021,2,14,0,0.149,0,0,0.099,2.846,2.913,-5.432,-0.432,0.031,2,14,0,0.179,0,0,0.110,-2.900,3.530,-0.113,4.887,0.019,2,12,0,0.247,0,1,0.247,2.875,-3.267,-4.964,0.036,0.090,2,14,0,0.174,0,0,0.169,-3.109,-2.766,-5.079,-0.079,0.076,2,14,0,0.167,0,0,0.081,2.278,0.637,0,0,0.659,0.000,0.000,0.000,0.000
17.0,0.176,-0.200,-0.316,4.684,0.006,2,12,0,0.659,0,1,0.012,0.563,3.297,-5.270,-0.270,0.042,2,14,0,0.176,0,0,0.159,0.079,-3.245,-5.061,-0.061,0.080,2,14,0,0.192,0,0,0.012,2.921,0.007,-4.336,0.664,0.010,2,14,0,0.151,0,0,0.042,-2.760,0.125,-4.408,0.592,0.031,2,14,0,0.176,0,0,0.070,2.812,2.910,-5.466,-0.466,0.022,2,14,0,0.228,0,0,0.079,-2.897,3.535,-0.156,4.844,0.022,2,12,0,0.247,0,1,0.247,2.889,-3.131,-5.000,-0.000,0.111,2,14,0,0.176,0,0,0.164,-3.166,-2.747,-5.049,-0.049,0.068,2,14,0,0.189,0,0,0.051,2.291,0.636,0,0,0.659,0.000,0.000,0.000,0.000
18.0,0.178,-0.201,-0.320,4.680,0.007,2,12,0,0.659,0,1,0.012,0.471,3.345,-5.249,-0.249,0.054,2,14,0,0.172,0,0,0.198,0.076,-3.141,-5.030,-0.030,0.058,2,14,0,0.163,0,0,0.093,2.999,0.007,-4.299,0.701,0.016,2,14,0,0.214,0,0,0.076,-2.717,0.133,-4.373,0.627,0.040,2,14,0,0.178,0,0,0.053,2.737,2.958,-5.440,-0.440,0.051,2,14,0,0.146,0,0,0.009,-2.893,3.540,-0.200,4.800,0.025,2,12,0,0.247,0,1,0.247,2.828,-2.969,-4.952,0.048,0.114,2,14,0,0.172,0,0,0.231,-3.280,-2.741,-5.097,-0.097,0.052,2,14,0,0.188,0,0,0.111,2.307,0.584,0,0,0.659,0.000,0.000,0.000,0.000
19.0,0.180,-0.202,-0.325,4.675,0.009,2,12,0,0.659,0,1,0.012,0.412,3.302,-5.252,-0.252,0.097,2,14,0,0.205,0,0,0.176,0.137,-3.119,-5.014,-0.014,0.010,2,14,0,0.157,0,0,0.129,2.987,0.065,-4.301,0.699,0.018,2,14,0,0.158,0,0,0.109,-2.666,0.167,-4.410,0.590,0.032,2,14,0,0.151,0,0,0.094,2.742,2.974,-5.476,-0.476,0.030,2,14,0,0.146,0,0,0.026,-2.889,3.547,-0.246,4.754,0.028,2,12,0,0.247,0,1,0.247,2.675,-2.930,-4.938,0.062,0.115,2,14,0,0.214,0,0,0.256,-3.431,-2.729,-5.066,-0.066,0.026,2,14,0,0.169,0,0,0.256,2.363,0.558,0,0,0.659,0.000,0.000,0.000,0.000
20.0,0.182,-0.203,-0.330,4.670,0.010,2,12,0,0.659,0,1,0.012,0.348,3.241,-5.225,-0.225,0.127,2,14,0,0.177,0,0,0.179,0.062,-3.128,-5.024,-0.024,0.068,2,14,0,0.227,0,0,0.109,3.021,0.041,-4.326,0.674,0.059,2,14,0,0.243,0,0,0.115,-2.606,0.118,-4.328,0.672,0.035,2,14,0,0.209,0,0,0.107,2.696,2.989,-5.476,-0.476,0.019,2,14,0,0.174,0,0,0.062,-2.885,3.553,-0.294,4.706,0.031,2,12,0,0.247,0,1,0.247,2.606,-3.034,-4.978,0.022,0.128,2,14,0,0.227,0,0,0.193,-3.394,-2.755,-4.998,0.002,0.108,2,14,0,0.191,0,0,0.214,2.374,0.565,0,0,0.659,0.000,0.000,0.000,0.000
21.0,0.185,-0.204,-0.337,4.663,0.011,2,12,0,0.659,0,1,0.012,0.364,3.111,-5.187,-0.187,0.143,2,14,0,0.214,0,0,0.143,-0.051,-3.221,-5.058,-0.058,0.087,2,14,0,0.190,0,0,0.130,2.910,-0.047,-4.284,0.716,0.084,2,14,0,0.204,0,0,0.027,-2.659,0.093,-4.309,0.691,0.036,2,14,0,0.147,0,0,0.048,2.728,2.990,-5.530,-0.530,0.024,2,14,0,0.210,0,0,0.044,-2.881,3.558,-0.343,4.657,0.032,2,12,0,0.247,0,1,0.247,2.526,-3.159,-5.017,-0.017,0.136,2,14,0,0.199,0,0,0.206,-3.206,-2.755,-5.012,-0.012,0.157,2,14,0,0.193,0,0,0.046,2.392,0.570,0,0,0.659,0.000,0.000,0.000,0.000
22.0,0.188,-0.205,-0.343,4.657,0.012,2,12,0,0.659,0,1,0.012,0.436,3.038,-5.215,-0.215,0.128,2,14,0,0.184,0,0,0.131,-0.080,-3.319,-5.052,-0.052,0.074,2,14,0,0.188,0,0,0.184,2.853,-0.086,-4.283,0.717,0.045,2,14,0,0.155,0,0,0.096,-2.730,0.077,-4.326,0.674,0.035,2,14,0,0.203,0,0,0.026,2.757,2.918,-5.511,-0.511,0.043,2,14,0,0.178,0,0,0.033,-2.879,3.562,-0.394,4.606,0.032,2,12,0,0.247,0,1,0.247,2.517,-3.290,-4.961,0.039,0.129,2,14,0,0.209,0,0,0.240,-3.082,-2.765,-4.965,0.035,0.105,2,14,0,0.234,0,0,0.106,2.343,0.575,0,0,0.659,0.000,0.000,0.000,0.000
23.0,0.190,-0.206,-0.351,4.649,0.012,2,12,0,0.659,0,1,0.012,0.576,3.001,-5.197,-0.197,0.120,2,14,0,0.177,0,0,0.165,0.019,-3.332,-5.102,-0.102,0.087,2,14,0,0.161,0,0,0.117,2.847,-0.103,-4.240,0.760,0.018,2,14,0,0.176,0,0,0.112,-2.736,0.135,-4.371,0.629,0.022,2,14,0,0.141,0,0,0.061,2.818,2.937,-5.415,-0.415,0.011,2,14,0,0.211,0,0,0.076,-2.878,3.564,-0.447,4.553,0.031,2,12,0,0.247,0,1,0.247,2.586,-3.383,-5.021,-0.021,0.132,2,14,0,0.171,0,0,0.251,-2.979,-2.820,-5.002,-0.002,0.039,2,14,0,0.239,0,0,0.207,2.254,0.577,0,0,0.659,0.000,0.000,0.000,0.000
24.0,0.192,-0.207,-0.359,4.641,0.012,2,12,0,0.659,0,1,0.012,0.692,3.030,-5.279,-0.279,0.072,2,14,0,0.182,0,0,0.227,0.062,-3.326,-5.051,-0.051,0.081,2,14,0,0.232,0,0,0.094,2.890,-0.078,-4.255,0.745,0.049,2,14,0,0.153,0,0,0.063,-2.761,0.128,-4.396,0.604,0.003,2,14,0,0.211,0,0,0.072,2.776,2.926,-5.441,-0.441,0.024,2,14,0,0.172,0,0,0.041,-2.877,3.564,-0.501,4.499,0.029,2,12,0,0.247,0,1,0.247,2.743,-3.410,-5.032,-0.032,0.152,2,14,0,0.429,0,0,0.231,-3.049,-2.818,-5.015,-0.015,0.075,2,14,0,0.188,0,0,0.137,2.093,0.692,0,0,0.659,0.000,0.000,0.000,0.000
25.0,0.193,-0.207,-0.368,4.632,0.012,2,12,0,0.659,0,1,0.012,0.664,3.094,-5.279,-0.279,0.081,2,14,0,0.147,0,0,0.171,0.122,-3.244,-5.058,-0.058,0.083,2,14,0,0.192,0,0,0.041,2.967,-0.038,-4.288,0.712,0.064,2,14,0,0.179,0,0,0.031,-2.716,0.087,-4.440,0.560,0.026,2,14,0,0.153,0,0,0.012,2.734,2.913,-5.453,-0.453,0.022,2,14,0,0.184,0,0,0.036,-2.878,3.563,-0.558,4.442,0.027,2,12,0,0.247,0,1,0.247,2.944,-3.329,-4.975,0.025,0.144,2,14,0,0.170,0,0,0.259,-3.137,-2.783,-5.011,-0.011,0.097,2,14,0,0.165,0,0,0.048,2.085,0.671,0,0,0.659,0.000,0.000,0.000,0.000
26.0,0.193,-0.207,-0.378,4.622,0.012,2,12,0,0.659,0,1,0.012,0.658,3.223,-5.274,-0.274,0.108,2,14,0,0.172,0,0,0.171,0.154,-3.242,-5.122,-0.122,0.038,2,14,0,0.165,0,0,0.072,3.020,-0.008,-4.289,0.711,0.024,2,14,0,0.178,0,0,0.091,-2.668,0.077,-4.391,0.609,0.026,2,14,0,0.171,0,0,0.037,2.699,2.909,-5.443,-0.443,0.023,2,14,0,0.209,0,0,0.057,-2.880,3.560,-0.616,4.384,0.024,2,12,0,0.247,0,1,0.247,3.015,-3.154,-4.978,0.022,0.137,2,14,0,0.201,0,0,0.285,-3.220,-2.818,-4.988,0.012,0.082,2,14,0,0.190,0,0,0.040,2.072,0.695,0,0,0.659,0.000,0.000,0.000,0.000
27.0,0.193,-0.207,-0.388,4.612,0.011,2,12,0,0.659,0,1,0.012,0.615,3.293,-5.206,-0.206,0.099,2,14,0,0.148,0,0,0.182,0.208,-3.210,-5.067,-0.067,0.025,2,14,0,0.187,0,0,0.129,2.996,0.016,-4.322,0.678,0.017,2,14,0,0.175,0,0,0.079,-2.661,0.142,-4.382,0.618,0.033,2,14,0,0.174,0,0,0.074,2.645,2.933,-5.423,-0.423,0.028,2,14,0,0.149,0,0,0.098,-2.883,3.557,-0.675,4.325,0.021,2,12,0,0.247,0,1,0.247,2.969,-2.980,-5.013,-0.013,0.139,2,14,0,0.146,0,0,0.309,-3.292,-2.821,-5.054,-0.054,0.029,2,14,0,0.166,0,0,0.112,2.073,0.681,0,0,0.659,0.000,0.000,0.000,0.000
28.0,0.192,-0.206,-0.398,4.602,0.010,2,12,0,0.659,0,1,0.012,0.559,3.247,-5.201,-0.201,0.107,2,14,0,0.176,0,0,0.116,0.141,-3.187,-5.019,-0.019,0.058,2,14,0,0.199,0,0,0.077,2.959,-0.021,-4.358,0.642,0.048,2,14,0,0.181,0,0,0.029,-2.703,0.204,-4.374,0.626,0.029,2,14,0,0.177,0,0,0.121,2.647,2.971,-5.441,-0.441,0.049,2,14,0,0.210,0,0,0.099,-2.885,3.553,-0.737,4.263,0.019,2,12,0,0.247,0,1,0.247,2.860,-2.937,-4.959,0.041,0.162,2,14,0,0.180,0,0,0.277,-3.272,-2.819,-5.035,-0.035,0.018,2,14,0,0.176,0,0,0.091,2.120,0.611,0,0,0.659,0.000,0.000,0.000,0.000
29.0,0.192,-0.205,-0.410,4.590,0.010,2,12,0,0.659,0,1,0.012,0.420,3.100,-5.185,-0.185,0.116,2,14,0,0.227,0,0,0.093,0.080,-3.164,-5.037,-0.037,0.053,2,14,0,0.163,0,0,0.072,2.859,-0.036,-4.283,0.717,0.036,2,14,0,0.153,0,0,0.074,-2.700,0.192,-4.319,0.681,0.028,2,14,0,0.174,0,0,0.111,2.694,3.061,-5.457,-0.457,0.068,2,14,0,0.180,0,0,0.122,-2.887,3.550,-0.801,4.199,0.017,2,12,0,0.247,0,1,0.247,2.667,-2.944,-4.920,0.080,0.185,2,14,0,0.205,0,0,0.244,-3.189,-2.795,-5.067,-0.067,0.054,2,14,0,0.173,0,0,0.005,2.290,0.561,0,0,0.659,0.000,0.000,0.000,0.000
30.0,0.191,-0.205,-0.422,4.578,0.009,2,12,0,0.659,0,1,0.012,0.370,3.096,-5.249,-0.249,0.022,2,14,0,0.200,0,0,0.143,0.024,-3.127,-5.078,-0.078,0.047,2,14,0,0.167,0,0,0.122,2.829,-0.071,-4.241,0.759,0.021,2,14,0,0.160,0,0,0.114,-2.724,0.155,-4.334,0.666,0.045,2,14,0,0.146,0,0,0.076,2.744,3.035,-5.492,-0.492,0.070,2,14,0,0.153,0,0,0.087,-2.889,3.547,-0.866,4.134,0.015,2,12,0,0.247,0,1,0.247,2.514,-3.026,-4.948,0.052,0.169,2,14,0,0.173,0,0,0.266,-3.214,-2.762,-5.051,-0.051,0.034,2,14,0,0.189,0,0,0.045,2.387,0.558,0,0,0.659,0.000,0.000,0.000,0.000
31.0,0.190,-0.204,-0.435,4.565,0.008,2,12,0,0.659,0,1,0.012,0.391,3.085,-5.273,-0.273,0.062,2,14,0,0.147,0,0,0.130,-0.001,-3.141,-5.051,-0.051,0.064,2,14,0,0.442,0,0,0.125,2.891,-0.014,-4.296,0.704,0.057,2,14,0,0.194,0,0,0.048,-2.739,0.098,-4.381,0.619,0.045,2,14,0,0.177,0,0,0.039,2.796,3.009,-5.435,-0.435,0.077,2,14,0,0.175,0,0,0.081,-2.891,3.544,-0.933,4.067,0.013,2,12,0,0.247,0,1,0.247,2.463,-3.182,-5.058,-0.058,0.163,2,14,0,0.175,0,0,0.268,-3.156,-2.724,-5.048,-0.048,0.027,2,14,0,0.192,0,0,0.077,2.412,0.567,0,0,0.659,0.000,0.000,0.000,0.000
32.0,0.189,-0.203,-0.448,4.552,0.008,2,12,0,0.659,0,1,0.012,0.444,3.087,-5.212,-0.212,0.100,2,14,0,0.214,0,0,0.089,0.007,-3.204,-5.044,-0.044,0.080,2,14,0,0.188,0,0,0.082,2.952,-0.018,-4.344,0.656,0.056,2,14,0,0.185,0,0,0.023,-2.764,0.055,-4.408,0.592,0.020,2,14,0,0.148,0,0,0.065,2.828,2.938,-5.470,-0.470,0.065,2,14,0,0.189,0,0,0.084,-2.892,3.542,-1.001,3.999,0.012,2,12,0,0.247,0,1,0.247,2.521,-3.405,-4.990,0.010,0.165,2,14,0,0.205,0,0,0.306,-3.161,-2.779,-4.950,0.050,0.026,2,14,0,0.196,0,0,0.029,2.402,0.627,0,0,0.659,0.000,0.000,0.000,0.000
33.0,0.188,-0.203,-0.462,4.538,0.008,2,12,0,0.659,0,1,0.012,0.512,3.117,-5.229,-0.229,0.099,2,14,0,0.148,0,0,0.034,0.043,-3.267,-5.071,-0.071,0.073,2,14,0,0.161,0,0,0.050,3.004,-0.012,-4.316,0.684,0.033,2,14,0,0.218,0,0,0.073,-2.706,0.100,-4.362,0.638,0.045,2,14,0,0.180,0,0,0.017,2.833,2.923,-5.467,-0.467,0.049,2,14,0,0.212,0,0,0.095,-2.894,3.540,-1.071,3.929,0.011,2,12,0,0.247,0,1,0.247,2.643,-3.528,-4.952,0.048,0.158,2,14,0,0.174,0,0,0.360,-3.097,-2.780,-4.987,0.013,0.021,2,14,0,0.165,0,0,0.089,2.341,0.638,0,0,0.659,0.000,0.000,0.000,0.000
34.0,0.188,-0.202,-0.476,4.524,0.007,2,12,0,0.659,0,1,0.012,0.579,3.129,-5.308,-0.308,0.076,2,14,0,0.180,0,0,0.079,0.055,-3.357,-5.081,-0.081,0.060,2,14,0,0.161,0,0,0.124,2.967,-0.012,-4.298,0.702,0.035,2,14,0,0.182,0,0,0.040,-2.692,0.136,-4.369,0.631,0.037,2,14,0,0.211,0,0,0.056,2.763,2.902,-5.454,-0.454,0.060,2,14,0,0.179,0,0,0.051,-2.895,3.539,-1.143,3.857,0.010,2,12,0,0.247,0,1,0.247,2.849,-3.528,-4.950,0.050,0.192,2,14,0,0.181,0,0,0.368,-3.095,-2.789,-5.023,-0.023,0.041,2,14,0,0.192,0,0,0.089,2.201,0.593,0,0,0.659,0.000,0.000,0.000,0.000
35.0,0.188,-0.201,-0.491,4.509,0.007,2,12,0,0.659,0,1,0.012,0.626,3.177,-5.265,-0.265,0.031,2,14,0,0.175,0,0,0.127,0.168,-3.414,-5.077,-0.077,0.067,2,14,0,0.184,0,0,0.197,2.974,-0.043,-4.312,0.688,0.037,2,14,0,0.180,0,0,0.042,-2.775,0.131,-4.403,0.597,0.010,2,14,0,0.187,0,0,0.085,2.737,2.932,-5.461,-0.461,0.041,2,14,0,0.182,0,0,0.018,-2.896,3.538,-1.216,3.784,0.010,2,12,0,0.247,0,1,0.247,2.933,-3.332,-4.964,0.036,0.225,2,14,0,0.173,0,0,0.253,-3.166,-2.805,-5.060,-0.060,0.058,2,14,0,0.206,0,0,0.021,2.134,0.651,0,0,0.659,0.000,0.000,0.000,0.000
36.0,0.187,-0.201,-0.507,4.493,0.007,2,12,0,0.659,0,1,0.012,0.594,3.187,-5.191,-0.191,0.023,2,14,0,0.146,0,0,0.098,0.197,-3.396,-5.072,-0.072,0.081,2,14,0,0.169,0,0,0.200,2.911,-0.070,-4.214,0.786,0.037,2,14,0,0.183,0,0,0.042,-2.729,0.113,-4.403,0.597,0.038,2,14,0,0.174,0,0,0.040,2.767,2.979,-5.539,-0.539,0.022,2,14,0,0.175,0,0,0.038,-2.896,3.537,-1.292,3.708,0.009,2,12,0,0.247,0,1,0.247,2.973,-3.097,-5.011,-0.011,0.206,2,14,0,0.173,0,0,0.255,-3.309,-2.812,-5.043,-0.043,0.046,2,14,0,0.241,0,0,0.126,2.210,0.623,0,0,0.659,0.000,0.000,0.000,0.000
37.0,0.187,-0.201,-0.524,4.476,0.007,2,12,0,0.659,0,1,0.012,0.545,3.157,-5.245,-0.245,0.053,2,14,0,0.156,0,0,0.044,0.133,-3.279,-5.069,-0.069,0.133,2,14,0,0.189,0,0,0.072,2.890,-0.062,-4.318,0.682,0.014,2,14,0,0.161,0,0,0.053,-2.637,0.062,-4.370,0.630,0.036,2,14,0,0.181,0,0,0.070,2.752,3.022,-5.467,-0.467,0.028,2,14,0,0.149,0,0,0.074,-2.897,3.536,-1.369,3.631,0.009,2,12,0,0.247,0,1,0.247,2.954,-2.932,-5.006,-0.006,0.145,2,14,0,0.152,0,0,0.333,-3.347,-2.783,-5.029,-0.029,0.024,2,14,0,0.193,0,0,0.164,2.222,0.567,0,0,0.659,0.000,0.000,0.000,0.000
38.0,0.187,-0.200,-0.540,4.460,0.007,2,12,0,0.659,0,1,0.012,0.542,3.117,-5.180,-0.180,0.035,2,14,0,0.146,0,0,0.051,-0.001,-3.099,-5.032,-0.032,0.113,2,14,0,0.160,0,0,0.158,2.900,-0.002,-4.309,0.691,0.032,2,14,0,0.205,0,0,0.047,-2.576,0.126,-4.351,0.649,0.029,2,14,0,0.219,0,0,0.136,2.703,3.000,-5.478,-0.478,0.032,2,14,0,0.181,0,0,0.065,-2.897,3.535,-1.447,3.553,0.009,2,12,0,0.247,0,1,0.247,2.850,-2.865,-4.976,0.024,0.159,2,14,0,0.216,0,0,0.337,-3.296,-2.811,-5.010,-0.010,0.075,2,14,0,0.165,0,0,0.113,2.184,0.555,0,0,0.659,0.000,0.000,0.000,0.000
39.0,0.187,-0.200,-0.558,4.442,0.006,2,12,0,0.659,0,1,0.012,0.485,3.147,-5.219,-0.219,0.034,2,14,0,0.182,0,0,0.017,-0.010,-3.067,-5.076,-0.076,0.003,2,14,0,0.160,0,0,0.192,2.886,0.043,-4.298,0.702,0.016,2,14,0,0.153,0,0,0.088,-2.688,0.107,-4.336,0.664,0.062,2,14,0,0.176,0,0,0.032,2.669,2.935,-5.566,-0.566,0.033,2,14,0,0.174,0,0,0.074,-2.898,3.535,-1.528,3.472,0.008,2,12,0,0.247,0,1,0.247,2.682,-2.910,-4.980,0.020,0.196,2,14,0,0.175,0,0,0.275,-3.251,-2.831,-5.013,-0.013,0.076,2,14,0,0.165,0,0,0.076,2.221,0.545,0,0,0.659,0.000,0.000,0.000,0.000
40.0,0.187,-0.200,-0.576,4.424,0.006,2,12,0,0.659,0,1,0.012,0.502,3.153,-5.221,-0.221,0.005,2,14,0,0.175,0,0,0.003,0.057,-3.125,-5.148,-0.148,0.078,2,14,0,0.238,0,0,0.115,2.906,0.026,-4.300,0.700,0.041,2,14,0,0.156,0,0,0.067,-2.753,0.130,-4.345,0.655,0.045,2,14,0,0.188,0,0,0.067,2.716,2.905,-5.444,-0.444,0.036,2,14,0,0.173,0,0,0.052,-2.898,3.534,-1.609,3.391,0.008,2,12,0,0.247,0,1,0.247,2.548,-3.022,-4.984,0.016,0.196,2,14,0,0.173,0,0,0.241,-3.178,-2.823,-5.067,-0.067,0.078,2,14,0,0.164,0,0,0.029,2.239,0.544,0,0,0.659,0.000,0.000,0.000,0.000
41.0,0.187,-0.199,-0.595,4.405,0.006,2,12,0,0.659,0,1,0.012,0.477,3.145,-5.199,-0.199,0.011,2,14,0,0.143,0,0,0.026,0.137,-3.195,-5.079,-0.079,0.089,2,14,0,0.163,0,0,0.069,2.982,-0.007,-4.251,0.749,0.048,2,14,0,0.151,0,0,0.054,-2.777,0.196,-4.362,0.638,0.013,2,14,0,0.151,0,0,0.134,2.767,2.968,-5.398,-0.398,0.035,2,14,0,0.157,0,0,0.031,-2.899,3.534,-1.693,3.307,0.008,2,12,0,0.247,0,1,0.247,2.388,-3.187,-4.962,0.038,0.172,2,14,0,0.205,0,0,0.343,-3.078,-2.836,-5.070,-0.070,0.047,2,14,0,0.167,0,0,0.114,2.254,0.640,0,0,0.659,0.000,0.000,0.000,0.000
42.0,0.187,-0.199,-0.615,4.385,0.006,2,12,0,0.659,0,1,0.012,0.529,3.150,-5.277,-0.277,0.026,2,14,0,0.179,0,0,0.027,0.110,-3.271,-5.019,-0.019,0.076,2,14,0,0.185,0,0,0.045,3.037,-0.027,-4.313,0.687,0.033,2,14,0,0.179,0,0,0.103,-2.740,0.175,-4.339,0.661,0.037,2,14,0,0.231,0,0,0.099,2.710,2.973,-5.444,-0.444,0.011,2,14,0,0.180,0,0,0.041,-2.899,3.534,-1.780,3.220,0.007,2,12,0,0.247,0,1,0.247,2.385,-3.382,-4.938,0.062,0.171,2,14,0,0.218,0,0,0.400,-3.060,-2.774,-5.094,-0.094,0.035,2,14,0,0.191,0,0,0.125,2.194,0.724,0,0,0.659,0.000,0.000,0.000,0.000
43.0,0.187,-0.199,-0.635,4.365,0.006,2,12,0,0.659,0,1,0.012,0.512,3.149,-5.264,-0.264,0.011,2,14,0,0.149,0,0,0.009,0.093,-3.330,-5.054,-0.054,0.034,2,14,0,0.168,0,0,0.095,2.995,0.035,-4.328,0.672,0.045,2,14,0,0.209,0,0,0.092,-2.719,0.127,-4.391,0.609,0.054,2,14,0,0.148,0,0,0.048,2.759,2.914,-5.442,-0.442,0.030,2,14,0,0.189,0,0,0.038,-2.899,3.533,-1.868,3.132,0.007,2,12,0,0.247,0,1,0.247,2.564,-3.517,-5.025,-0.025,0.217,2,14,0,0.205,0,0,0.377,-3.063,-2.730,-5.023,-0.023,0.053,2,14,0,0.191,0,0,0.137,2.267,0.677,0,0,0.659,0.000,0.000,0.000,0.000
44.0,0.187,-0.199,-0.656,4.344,0.006,2,12,0,0.659,0,1,0.012,0.454,3.156,-5.280,-0.280,0.003,2,14,0,0.166,0,0,0.049,0.109,-3.333,-5.060,-0.060,0.023,2,14,0,0.164,0,0,0.103,2.895,0.014,-4.247,0.753,0.066,2,14,0,0.176,0,0,0.063,-2.676,0.064,-4.404,0.596,0.045,2,14,0,0.147,0,0,0.034,2.742,2.911,-5.424,-0.424,0.011,2,14,0,0.178,0,0,0.038,-2.900,3.533,-1.957,3.043,0.007,2,12,0,0.247,0,1,0.247,2.803,-3.545,-4.942,0.058,0.241,2,14,0,0.173,0,0,0.373,-3.092,-2.707,-5.000,0.000,0.081,2,14,0,0.192,0,0,0.128,2.306,0.579,0,0,0.659,0.000,0.000,0.000,0.000
45.0,0.186,-0.199,-0.678,4.322,0.006,2,12,0,0.659,0,1,0.012,0.467,3.089,-5.223,-0.223,0.037,2,14,0,0.175,0,0,0.071,0.093,-3.274,-5.133,-0.133,0.049,2,14,0,0.189,0,0,0.041,2.872,-0.068,-4.273,0.727,0.054,2,14,0,0.149,0,0,0.072,-2.608,0.071,-4.447,0.553,0.019,2,14,0,0.175,0,0,0.096,2.669,2.937,-5.443,-0.443,0.029,2,14,0,0.175,0,0,0.075,-2.900,3.532,-2.048,2.952,0.006,2,12,0,0.247,0,1,0.247,2.997,-3.389,-4.948,0.052,0.241,2,14,0,0.202,0,0,0.339,-3.166,-2.679,-5.020,-0.020,0.092,2,14,0,0.194,0,0,0.118,2.218,0.541,0,0,0.659,0.000,0.000,0.000,0.000
46.0,0.186,-0.198,-0.700,4.300,0.005,2,12,0,0.659,0,1,0.012,0.512,3.057,-5.198,-0.198,0.036,2,14,0,0.172,0,0,0.094,0.157,-3.218,-5.095,-0.095,0.044,2,14,0,0.163,0,0,0.078,2.878,-0.124,-4.346,0.654,0.024,2,14,0,0.155,0,0,0.105,-2.630,0.062,-4.371,0.629,0.043,2,14,0,0.173,0,0,0.080,2.679,2.994,-5.468,-0.468,0.031,2,14,0,0.177,0,0,0.079,-2.901,3.531,-2.141,2.859,0.006,2,12,0,0.247,0,1,0.247,3.084,-3.173,-4.939,0.061,0.218,2,14,0,0.215,0,0,0.352,-3.207,-2.760,-5.020,-0.020,0.086,2,14,0,0.483,0,0,0.042,2.185,0.540,0,0,0.659,0.000,0.000,0.000,0.000
47.0,0.186,-0.198,-0.722,4.278,0.005,2,12,0,0.659,0,1,0.012,0.582,3.075,-5.227,-0.227,0.052,2,14,0,0.166,0,0,0.109,0.074,-3.185,-5.052,-0.052,0.042,2,14,0,0.192,0,0,0.049,2.924,-0.136,-4.289,0.711,0.046,2,14,0,0.156,0,0,0.103,-2.667,0.103,-4.324,0.676,0.062,2,14,0,0.146,0,0,0.044,2.764,2.972,-5.483,-0.483,0.047,2,14,0,0.173,0,0,0.032,-2.901,3.530,-2.236,2.764,0.006,2,12,0,0.247,0,1,0.247,3.002,-2.932,-4.976,0.024,0.209,2,14,0,0.173,0,0,0.366,-3.225,-2.864,-4.994,0.006,0.060,2,14,0,0.210,0,0,0.080,2.200,0.587,0,0,0.659,0.000,0.000,0.000,0.000
48.0,0.185,-0.197,-0.745,4.255,0.005,2,12,0,0.659,0,1,0.012,0.697,3.158,-5.195,-0.195,0.062,2,14,0,0.204,0,0,0.194,0.037,-3.162,-5.056,-0.056,0.022,2,14,0,0.189,0,0,0.085,2.972,-0.061,-4.321,0.679,0.068,2,14,0,0.184,0,0,0.047,-2.676,0.205,-4.354,0.646,0.053,2,14,0,0.176,0,0,0.125,2.810,2.936,-5.453,-0.453,0.030,2,14,0,0.148,0,0,0.069,-2.902,3.530,-2.331,2.669,0.005,2,12,0,0.247,0,1,0.247,2.849,-2.802,-4.897,0.103,0.195,2,14,0,0.174,0,0,0.396,-3.278,-2.941,-5.002,-0.002,0.009,2,14,0,0.218,0,0,0.173,2.141,0.715,0,0,0.659,0.000,0.000,0.000,0.000
49.0,0.185,-0.197,-0.768,4.232,0.005,2,12,0,0.659,0,1,0.012,0.675,3.213,-5.225,-0.225,0.070,2,14,0,0.195,0,0,0.182,-0.003,-3.178,-5.091,-0.091,0.041,2,4,0,0.187,0,0,0.094,2.969,-0.009,-4.345,0.655,0.051,2,4,0,0.157,0,0,0.043,-2.712,0.267,-4.357,0.643,0.040,2,4,0,0.146,0,0,0.186,2.769,2.905,-5.466,-0.466,0.011,2,4,0,0.148,0,0,0.055,-2.902,3.529,-2.430,2.570,0.005,2,12,0,0.247,0,1,0.247,2.622,-2.868,-4.952,0.048,0.210,2,4,0,0.209,0,0,0.340,-3.264,-2.920,-5.017,-0.017,0.061,2,4,0,0.193,0,0,0.158,2.130,0.708,0,0,0.659,0.000,0.000,0.000,0.000
50.0,0.184,-0.197,-0.793,4.207,0.004,2,12,0,0.659,0,1,0.012,0.620,3.226,-5.262,-0.262,0.027,2,4,0,0.195,0,0,0.182,-0.039,-3.208,-5.124,-0.124,0.009,2,4,0,0.195,0,0,0.119,2.955,0.028,-4.382,0.618,0.016,2,4,0,0.157,0,0,0.043,-2.802,0.252,-4.402,0.598,0.018,2,4,0,0.146,0,0,0.186,2.788,2.917,-5.471,-0.471,0.008,2,4,0,0.199,0,0,0.048,-2.903,3.528,-2.531,2.469,0.004,2,12,0,0.247,0,1,0.247,2.523,-2.901,-5.007,-0.007,0.045,2,4,0,0.234,0,0,0.344,-3.277,-2.918,-5.008,-0.008,0.009,2,4,0,0.197,0,0,0.159,2.200,0.660,0,0,0.659,0.000,0.000,0.000,0.000
51.0,0.183,-0.197,-0.817,4.183,0.004,2,12,0,0.659,0,1,0.012,0.565,3.244,-5.290,-0.290,0.005,2,4,0,0.195,0,0,0.182,-0.036,-3.196,-5.135,-0.135,0.011,2,4,0,0.195,0,0,0.119,2.972,0.018,-4.344,0.656,0.017,2,4,0,0.157,0,0,0.043,-2.814,0.240,-4.340,0.660,0.011,2,4,0,0.146,0,0,0.186,2.780,2.919,-5.509,-0.509,0.006,2,4,0,0.199,0,0,0.048,-2.904,3.527,-2.634,2.366,0.004,2,12,0,0.247,0,1,0.247,2.467,-2.932,-5.031,-0.031,0.006,2,4,0,0.234,0,0,0.344,-3.197,-2.894,-5.045,-0.045,0.020,2,4,0,0.197,0,0,0.159,2.250,0.616,0,0,0.659,0.000,0.000,0.000,0.000
52.0,0.183,-0.197,-0.843,4.157,0.004,2,12,0,0.659,0,1,0.012,0.481,3.260,-5.248,-0.248,0.029,2,4,0,0.195,0,0,0.182,0.020,-3.205,-5.090,-0.090,0.029,2,4,0,0.195,0,0,0.119,2.934,0.024,-4.368,0.632,0.007,2,4,0,0.157,0,0,0.043,-2.795,0.248,-4.328,0.672,0.022,2,4,0,0.146,0,0,0.186,2.775,2.945,-5.497,-0.497,0.005,2,4,0,0.199,0,0,0.048,-2.904,3.526,-2.738,2.262,0.004,2,12,0,0.247,0,1,0.247,2.465,-2.986,-5.062,-0.062,0.003,2,4,0,0.234,0,0,0.344,-3.201,-2.908,-4.998,0.002,0.048,2,4,0,0.197,0,0,0.159,2.328,0.547,0,0,0.659,0.000,0.000,0.000,0.000
53.0,0.182,-0.197,-0.868,4.132,0.004,2,12,0,0.659,0,1,0.012,0.539,3.281,-5.228,-0.228,0.077,2,4,0,0.195,0,0,0.182,-0.039,-3.235,-5.081,-0.081,0.022,2,4,0,0.195,0,0,0.119,3.022,0.037,-4.340,0.660,0.014,2,4,0,0.157,0,0,0.043,-2.793,0.219,-4.357,0.643,0.009,2,4,0,0.146,0,0,0.186,2.787,2.962,-5.468,-0.468,0.014,2,4,0,0.199,0,0,0.048,-2.905,3.525,-2.845,2.155,0.003,2,12,0,0.247,0,1,0.247,2.428,-2.952,-5.011,-0.011,0.049,2,4,0,0.234,0,0,0.344,-3.297,-2.902,-5.038,-0.038,0.044,2,4,0,0.197,0,0,0.159,2.283,0.607,0,0,0.659,0.000,0.000,0.000,0.000
54.0,0.181,-0.197,-0.895,4.105,0.003,2,12,0,0.659,0,1,0.012,0.576,3.233,-5.231,-0.231,0.062,2,4,0,0.195,0,0,0.182,0.015,-3.245,-5.064,-0.064,0.027,2,4,0,0.195,0,0,0.119,3.001,0.019,-4.394,0.606,0.055,2,4,0,0.157,0,0,0.043,-2.774,0.178,-4.344,0.656,0.022,2,4,0,0.146,0,0,0.186,2.764,2.905,-5.461,-0.461,0.017,2,4,0,0.199,0,0,0.048,-2.905,3.524,-2.953,2.047,0.003,2,12,0,0.247,0,1,0.247,2.492,-2.960,-5.001,-0.001,0.043,2,4,0,0.234,0,0,0.344,-3.360,-2.920,-5.055,-0.055,0.008,2,4,0,0.197,0,0,0.159,2.224,0.621,0,0,0.659,0.000,0.000,0.000,0.000
55.0,0.181,-0.197,-0.922,4.078,0.003,2,12,0,0.659,0,1,0.012,0.612,3.214,-5.202,-0.202,0.027,2,4,0,0.195,0,0,0.182,-0.028,-3.247,-5.115,-0.115,0.039,2,4,0,0.195,0,0,0.119,2.922,0.036,-4.357,0.643,0.003,2,4,0,0.157,0,0,0.043,-2.811,0.215,-4.469,0.531,0.030,2,4,0,0.146,0,0,0.186,2.783,2.897,-5.390,-0.390,0.003,2,4,0,0.199,0,0,0.048,-2.906,3.524,-3.063,1.937,0.003,2,12,0,0.247,0,1,0.247,2.498,-2.917,-4.963,0.037,0.019,2,4,0,0.234,0,0,0.344,-3.335,-2.928,-5.051,-0.051,0.038,2,4,0,0.197,0,0,0.159,2.202,0.649,0,0,0.659,0.000,0.000,0.000,0.000
56.0,0.180,-0.197,-0.951,4.049,0.003,2,12,0,0.659,0,1,0.012,0.680,3.223,-5.295,-0.295,0.013,2,4,0,0.195,0,0,0.182,-0.083,-3.216,-5.126,-0.126,0.024,2,4,0,0.195,0,0,0.119,2.980,0.028,-4.377,0.623,0.029,2,4,0,0.157,0,0,0.043,-2.828,0.202,-4.469,0.531,0.027,2,4,0,0.146,0,0,0.186,2.813,2.879,-5.463,-0.463,0.013,2,4,0,0.199,0,0,0.048,-2.906,3.523,-3.176,1.824,0.002,2,12,0,0.247,0,1,0.247,2.477,-2.896,-4.977,0.023,0.021,2,4,0,0.234,0,0,0.344,-3.279,-2.902,-4.996,0.004,0.029,2,4,0,0.197,0,0,0.159,2.166,0.716,0,0,0.659,0.000,0.000,0.000,0.000
57.0,0.179,-0.197,-0.979,4.021,0.003,2,12,0,0.659,0,1,0.012,0.651,3.196,-5.336,-0.336,0.025,2,4,0,0.195,0,0,0.182,-0.014,-3.206,-5.152,-0.152,0.043,2,4,0,0.195,0,0,0.119,2.977,0.015,-4.364,0.636,0.011,2,4,0,0.157,0,0,0.043,-2.769,0.225,-4.417,0.583,0.029,2,4,0,0.146,0,0,0.186,2.783,2.935,-5.496,-0.496,0.025,2,4,0,0.199,0,0,0.048,-2.907,3.522,-3.290,1.710,0.002,2,12,0,0.247,0,1,0.247,2.531,-2.907,-4.996,0.004,0.001,2,4,0,0.234,0,0,0.344,-3.245,-2.852,-4.977,0.023,0.012,2,4,0,0.197,0,0,0.159,2.154,0.680,0,0,0.659,0.000,0.000,0.000,0.000
58.0,0.179,-0.197,-1.009,3.991,0.002,2,12,0,0.659,0,1,0.012,0.599,3.198,-5.287,-0.287,0.030,2,4,0,0.195,0,0,0.182,0.008,-3.209,-5.094,-0.094,0.020,2,4,0,0.195,0,0,0.119,2.948,-0.007,-4.312,0.688,0.007,2,4,0,0.157,0,0,0.043,-2.762,0.271,-4.376,0.624,0.026,2,4,0,0.146,0,0,0.186,2.813,2.942,-5.469,-0.469,0.020,2,4,0,0.199,0,0,0.048,-2.907,3.521,-3.406,1.594,0.002,2,12,0,0.247,0,1,0.247,2.532,-2.900,-4.974,0.026,0.015,2,4,0,0.234,0,0,0.344,-3.273,-2.900,-4.970,0.030,0.030,2,4,0,0.197,0,0,0.159,2.236,0.631,0,0,0.659,0.000,0.000,0.000,0.000
59.0,0.178,-0.197,-1.039,3.961,0.002,2,12,0,0.659,0,1,0.012,0.552,3.220,-5.251,-0.251,0.020,2,4,0,0.195,0,0,0.182,-0.016,-3.185,-5.089,-0.089,0.016,2,4,0,0.195,0,0,0.119,2.929,0.033,-4.362,0.638,0.018,2,4,0,0.157,0,0,0.043,-2.802,0.270,-4.351,0.649,0.022,2,4,0,0.146,0,0,0.186,2.746,2.901,-5.470,-0.470,0.012,2,4,0,0.199,0,0,0.048,-2.907,3.521,-3.524,1.476,0.002,2,12,0,0.247,0,1,0.247,2.553,-2.928,-4.996,0.004,0.023,2,4,0,0.234,0,0,0.344,-3.310,-2.914,-5.002,-0.002,0.016,2,4,0,0.197,0,0,0.159,2.227,0.594,0,0,0.659,0.000,0.000,0.000,0.000
60.0,0.178,-0.197,-1.070,3.930,0.002,2,12,0,0.659,0,1,0.012,0.572,3.171,-5.274,-0.274,0.030,2,4,0,0.195,0,0,0.182,-0.020,-3.213,-5.030,-0.030,0.009,2,4,0,0.195,0,0,0.119,3.010,0.015,-4.374,0.626,0.005,2,4,0,0.157,0,0,0.043,-2.806,0.270,-4.411,0.589,0.022,2,4,0,0.146,0,0,0.186,2.718,2.898,-5.474,-0.474,0.025,2,4,0,0.199,0,0,0.048,-2.908,3.520,-3.643,1.357,0.002,2,12,0,0.247,0,1,0.247,2.534,-2.886,-4.999,0.001,0.014,2,4,0,0.234,0,0,0.344,-3.317,-2.905,-4.977,0.023,0.021,2,4,0,0.197,0,0,0.159,2.172,0.597,0,0,0.659,0.000,0.000,0.000,0.000
61.0,0.177,-0.197,-1.101,3.899,0.002,2,12,0,0.659,0,1,0.012,0.645,3.205,-5.285,-0.285,0.030,2,4,0,0.195,0,0,0.182,-0.022,-3.214,-5.105,-0.105,0.024,2,4,0,0.195,0,0,0.119,2.981,0.016,-4.324,0.676,0.020,2,4,0,0.157,0,0,0.043,-2.732,0.237,-4.382,0.618,0.014,2,4,0,0.146,0,0,0.186,2.734,2.868,-5.441,-0.441,0.039,2,4,0,0.199,0,0,0.048,-2.908,3.520,-3.762,1.238,0.001,2,12,0,0.247,0,1,0.247,2.523,-2.889,-5.041,-0.041,0.022,2,4,0,0.234,0,0,0.344,-3.264,-2.944,-5.007,-0.007,0.009,2,4,0,0.197,0,0,0.159,2.121,0.677,0,0,0.659,0.000,0.000,0.000,0.000
62.0,0.177,-0.197,-1.133,3.867,0.002,2,12,0,0.659,0,1,0.012,0.630,3.263,-5.286,-0.286,0.028,2,4,0,0.195,0,0,0.182,-0.041,-3.210,-5.173,-0.173,0.012,2,4,0,0.195,0,0,0.119,3.003,0.029,-4.319,0.681,0.008,2,4,0,0.157,0,0,0.043,-2.809,0.238,-4.344,0.656,0.032,2,4,0,0.146,0,0,0.186,2.806,2.840,-5.431,-0.431,0.044,2,4,0,0.199,0,0,0.048,-2.908,3.519,-3.845,1.155,0.001,2,12,0,0.247,0,1,0.247,2.505,-2.902,-5.006,-0.006,0.018,2,4,0,0.234,0,0,0.344,-3.308,-2.968,-5.005,-0.005,0.032,2,4,0,0.197,0,0,0.159,2.222,0.682,0,0,0.659,0.000,0.000,0.000,0.000
63.0,0.176,-0.197,-1.166,3.834,0.002,2,12,0,0.659,0,1,0.012,0.589,3.270,-5.247,-0.247,0.018,2,4,0,0.195,0,0,0.182,-0.064,-3.264,-5.129,-0.129,0.005,2,4,0,0.195,0,0,0.119,2.961,0.061,-4.328,0.672,0.031,2,4,0,0.157,0,0,0.043,-2.849,0.228,-4.353,0.647,0.020,2,4,0,0.146,0,0,0.186,2.803,2.898,-5.414,-0.414,0.052,2,4,0,0.199,0,0,0.048,-2.908,3.519,-3.883,1.117,0.001,2,12,0,0.247,0,1,0.247,2.477,-2.921,-4.961,0.039,0.014,2,4,0,0.234,0,0,0.344,-3.295,-2.936,-5.005,-0.005,0.035,2,4,0,0.197,0,0,0.159,2.252,0.648,0,0,0.659,0.000,0.000,0.000,0.000
64.0,0.176,-0.197,-1.199,3.801,0.002,2,12,0,0.659,0,1,0.012,0.602,3.239,-5.223,-0.223,0.025,2,4,0,0.195,0,0,0.182,-0.050,-3.241,-5.056,-0.056,0.036,2,4,0,0.195,0,0,0.119,2.877,0.014,-4.378,0.622,0.038,2,4,0,0.157,0,0,0.043,-2.843,0.253,-4.398,0.602,0.050,2,4,0,0.146,0,0,0.186,2.858,2.935,-5.419,-0.419,0.020,2,4,0,0.199,0,0,0.048,-2.909,3.518,-3.888,1.112,0.001,2,12,0,0.247,0,1,0.247,2.473,-2.882,-4.963,0.037,0.021,2,4,0,0.234,0,0,0.344,-3.248,-2.968,-5.028,-0.028,0.012,2,4,0,0.197,0,0,0.159,2.285,0.648,0,0,0.659,0.000,0.000,0.000,0.000
65.0,0.175,-0.196,-1.233,3.767,0.001,2,12,0,0.659,0,1,0.012,0.638,3.214,-5.201,-0.201,0.008,2,4,0,0.195,0,0,0.182,-0.019,-3.245,-5.105,-0.105,0.027,2,4,0,0.195,0,0,0.119,2.923,-0.019,-4.327,0.673,0.044,2,4,0,0.157,0,0,0.043,-2.816,0.186,-4.386,0.614,0.026,2,4,0,0.146,0,0,0.186,2.768,2.955,-5.480,-0.480,0.036,2,4,0,0.199,0,0,0.048,-2.909,3.518,-3.873,1.127,0.001,2,12,0,0.247,0,1,0.247,2.512,-2.864,-4.970,0.030,0.026,2,4,0,0.234,0,0,0.344,-3.218,-2.935,-5.050,-0.050,0.033,2,4,0,0.197,0,0,0.159,2.163,0.673,0,0,0.659,0.000,0.000,0.000,0.000
66.0,0.175,-0.196,-1.267,3.733,0.001,2,12,0,0.659,0,1,0.012,0.560,3.197,-5.230,-0.230,0.015,2,4,0,0.195,0,0,0.182,0.020,-3.226,-5.073,-0.073,0.022,2,4,0,0.195,0,0,0.119,2.947,-0.025,-4.296,0.704,0.027,2,4,0,0.157,0,0,0.043,-2.820,0.215,-4.357,0.643,0.035,2,4,0,0.146,0,0,0.186,2.750,2.915,-5.471,-0.471,0.021,2,4,0,0.199,0,0,0.048,-2.909,3.518,-3.845,1.155,0.001,2,12,0,0.247,0,1,0.247,2.537,-2.936,-5.015,-0.015,0.030,2,4,0,0.234,0,0,0.344,-3.274,-2.920,-4.979,0.021,0.039,2,4,0,0.197,0,0,0.159,2.221,0.594,0,0,0.659,0.000,0.000,0.000,0.000
67.0,0.175,-0.197,-1.302,3.698,0.001,2,12,0,0.659,0,1,0.012,0.577,3.226,-5.216,-0.216,0.032,2,4,0,0.195,0,0,0.182,-0.022,-3.198,-5.092,-0.092,0.031,2,4,0,0.195,0,0,0.119,3.009,-0.051,-4.274,0.726,0.030,2,4,0,0.157,0,0,0.043,-2.787,0.262,-4.378,0.622,0.014,2,4,0,0.146,0,0,0.186,2.792,2.949,-5.446,-0.446,0.017,2,4,0,0.199,0,0,0.048,-2.909,3.518,-3.810,1.190,0.001,2,12,0,0.247,0,1,0.247,2.573,-2.968,-5.051,-0.051,0.022,2,4,0,0.234,0,0,0.344,-3.324,-2.870,-4.964,0.036,0.009,2,4,0,0.197,0,0,0.159,2.244,0.620,0,0,0.659,0.000,0.000,0.000,0.000
68.0,0.174,-0.197,-1.338,3.662,0.001,2,12,0,0.659,0,1,0.012,0.567,3.225,-5.295,-0.295,0.007,2,14,0,0.180,0,0,0.100,0.001,-3.227,-5.072,-0.072,0.010,2,14,0,0.192,0,0,0.083,2.989,-0.011,-4.309,0.691,0.032,2,14,0,0.220,0,0,0.061,-2.735,0.264,-4.410,0.590,0.014,2,14,0,0.253,0,0,0.185,2.761,2.903,-5.418,-0.418,0.010,2,14,0,0.198,0,0,0.049,-2.909,3.517,-3.773,1.227,0.001,2,12,0,0.247,0,1,0.247,2.590,-2.971,-4.946,0.054,0.007,2,14,0,0.146,0,0,0.251,-3.265,-2.883,-5.022,-0.022,0.017,2,14,0,0.217,0,0,0.120,2.220,0.610,0,0,0.659,0.000,0.000,0.000,0.000
69.0,0.174,-0.197,-1.374,3.626,0.001,2,12,0,0.659,0,1,0.012,0.618,3.211,-5.219,-0.219,0.027,2,14,0,0.205,0,0,0.130,0.006,-3.286,-5.067,-0.067,0.026,2,14,0,0.172,0,0,0.090,2.933,0.026,-4.380,0.620,0.022,2,14,0,0.186,0,0,0.059,-2.720,0.269,-4.368,0.632,0.055,2,14,0,0.176,0,0,0.188,2.728,2.909,-5.453,-0.453,0.009,2,14,0,0.177,0,0,0.042,-2.909,3.517,-3.737,1.263,0.001,2,12,0,0.247,0,1,0.247,2.567,-3.024,-4.957,0.043,0.078,2,14,0,0.199,0,0,0.227,-3.247,-2.836,-5.057,-0.057,0.047,2,14,0,0.188,0,0,0.076,2.144,0.653,0,0,0.659,0.000,0.000,0.000,0.000
70.0,0.174,-0.197,-1.411,3.589,0.001,2,12,0,0.659,0,1,0.012,0.582,3.204,-5.209,-0.209,0.061,2,14,0,0.177,0,0,0.096,-0.016,-3.248,-5.117,-0.117,0.031,2,14,0,0.163,0,0,0.098,2.976,0.057,-4.328,0.672,0.008,2,14,0,0.182,0,0,0.099,-2.774,0.188,-4.322,0.678,0.088,2,14,0,0.213,0,0,0.127,2.758,2.897,-5.454,-0.454,0.018,2,14,0,0.208,0,0,0.054,-2.910,3.517,-3.704,1.296,0.001,2,12,0,0.247,0,1,0.247,2.692,-3.127,-4.956,0.044,0.134,2,14,0,0.206,0,0,0.068,-3.165,-2.790,-5.038,-0.038,0.051,2,14,0,0.168,0,0,0.020,2.212,0.616,0,0,0.659,0.000,0.000,0.000,0.000
71.0,0.174,-0.197,-1.448,3.552,0.001,2,12,0,0.659,0,1,0.012,0.498,3.187,-5.173,-0.173,0.066,2,14,0,0.151,0,0,0.038,0.008,-3.225,-5.063,-0.063,0.065,2,14,0,0.189,0,0,0.076,2.942,0.013,-4.307,0.693,0.048,2,14,0,0.209,0,0,0.048,-2.765,0.133,-4.388,0.612,0.087,2,14,0,0.172,0,0,0.080,2.780,2.947,-5.465,-0.465,0.039,2,14,0,0.216,0,0,0.038,-2.910,3.517,-3.674,1.326,0.001,2,12,0,0.247,0,1,0.247,2.686,-3.192,-4.941,0.059,0.085,2,14,0,0.147,0,0,0.047,-3.105,-2.727,-5.051,-0.051,0.031,2,14,0,0.167,0,0,0.105,2.313,0.532,0,0,0.659,0.000,0.000,0.000,0.000
72.0,0.173,-0.197,-1.486,3.514,0.001,2,12,0,0.659,0,1,0.012,0.485,3.123,-5.197,-0.197,0.051,2,14,0,0.217,0,0,0.029,0.096,-3.217,-5.063,-0.063,0.070,2,14,0,0.186,0,0,0.022,2.876,-0.032,-4.301,0.699,0.052,2,14,0,0.176,0,0,0.056,-2.629,0.047,-4.411,0.589,0.082,2,14,0,0.216,0,0,0.081,2.810,3.012,-5.454,-0.454,0.038,2,14,0,0.182,0,0,0.093,-2.910,3.516,-3.638,1.362,0.001,2,12,0,0.247,0,1,0.247,2.695,-3.236,-4.948,0.052,0.053,2,14,0,0.236,0,0,0.066,-3.178,-2.759,-4.979,0.021,0.034,2,14,0,0.239,0,0,0.037,2.342,0.524,0,0,0.659,0.000,0.000,0.000,0.000
73.0,0.173,-0.197,-1.525,3.475,0.001,2,12,0,0.659,0,1,0.012,0.544,3.097,-5.240,-0.240,0.027,2,14,0,0.173,0,0,0.068,0.133,-3.163,-5.127,-0.127,0.030,2,14,0,0.162,0,0,0.088,2.859,-0.084,-4.296,0.704,0.035,2,14,0,0.177,0,0,0.091,-2.591,0.032,-4.365,0.635,0.009,2,14,0,0.240,0,0,0.123,2.764,3.054,-5.472,-0.472,0.042,2,14,0,0.177,0,0,0.107,-2.910,3.516,-3.592,1.408,0.001,2,12,0,0.247,0,1,0.247,2.701,-3.253,-4.993,0.007,0.032,2,14,0,0.149,0,0,0.080,-3.218,-2.760,-5.051,-0.051,0.032,2,14,0,0.191,0,0,0.049,2.232,0.553,0,0,0.659,0.000,0.000,0.000,0.000
74.0,0.173,-0.197,-1.564,3.436,0.001,2,12,0,0.659,0,1,0.012,0.522,3.033,-5.218,-0.218,0.012,2,14,0,0.150,0,0,0.119,0.150,-3.146,-5.036,-0.036,0.021,2,14,0,0.168,0,0,0.112,2.928,-0.074,-4.256,0.744,0.039,2,14,0,0.709,0,0,0.041,-2.656,0.074,-4.390,0.610,0.062,2,14,0,0.173,0,0,0.051,2.718,3.013,-5.449,-0.449,0.051,2,14,0,0.178,0,0,0.070,-2.910,3.516,-3.536,1.464,0.000,2,12,0,0.247,0,1,0.247,2.746,-3.297,-5.017,-0.017,0.042,2,14,0,0.175,0,0,0.118,-3.168,-2.810,-5.067,-0.067,0.035,2,14,0,0.175,0,0,0.021,2.209,0.524,0,0,0.709,0.000,0.000,0.000,0.000
75.0,0.173,-0.197,-1.604,3.396,0.001,2,12,0,0.659,0,1,0.012,0.473,3.012,-5.243,-0.243,0.043,2,14,0,0.221,0,0,0.142,0.107,-3.126,-5.005,-0.005,0.048,2,14,0,0.161,0,0,0.112,2.932,-0.064,-4.326,0.674,0.023,2,14,0,0.183,0,0,0.030,-2.732,0.078,-4.416,0.584,0.063,2,14,0,0.218,0,0,0.026,2.722,2.961,-5.475,-0.475,0.054,2,14,0,0.209,0,0,0.024,-2.910,3.516,-3.472,1.528,0.000,2,12,0,0.247,0,1,0.247,2.771,-3.260,-4.932,0.068,0.076,2,14,0,0.173,0,0,0.090,-3.161,-2.882,-4.998,0.002,0.024,2,14,0,0.190,0,0,0.089,2.261,0.524,0,0,0.659,0.000,0.000,0.000,0.000
76.0,0.173,-0.197,-1.644,3.356,0.001,2,12,0,0.659,0,1,0.012,0.462,3.070,-5.316,-0.316,0.083,2,14,0,0.201,0,0,0.091,0.079,-3.207,-4.971,0.029,0.080,2,14,0,0.187,0,0,0.031,2.972,-0.055,-4.310,0.690,0.029,2,14,0,0.190,0,0,0.044,-2.776,0.099,-4.343,0.657,0.051,2,14,0,0.178,0,0,0.072,2.668,2.858,-5.458,-0.458,0.042,2,14,0,0.175,0,0,0.117,-2.910,3.516,-3.398,1.602,0.000,2,12,0,0.247,0,1,0.247,2.786,-3.195,-4.959,0.041,0.075,2,14,0,0.151,0,0,0.057,-3.196,-2.862,-5.016,-0.016,0.019,2,14,0,0.258,0,0,0.068,2.221,0.524,0,0,0.659,0.000,0.000,0.000,0.000
77.0,0.172,-0.197,-1.685,3.315,0.001,2,12,0,0.659,0,1,0.012,0.447,3.142,-5.201,-0.201,0.089,2,14,0,0.173,0,0,0.056,0.063,-3.298,-5.068,-0.068,0.055,2,14,0,0.184,0,0,0.065,3.007,-0.033,-4.236,0.764,0.021,2,14,0,0.211,0,0,0.074,-2.792,0.175,-4.355,0.645,0.043,2,14,0,0.151,0,0,0.127,2.709,2.815,-5.456,-0.456,0.025,2,14,0,0.153,0,0,0.138,-2.910,3.516,-3.316,1.684,0.000,2,12,0,0.247,0,1,0.247,2.784,-3.164,-4.936,0.064,0.057,2,14,0,0.153,0,0,0.055,-3.228,-2.788,-4.983,0.017,0.044,2,14,0,0.164,0,0,0.045,2.300,0.524,0,0,0.659,0.000,0.000,0.000,0.000
78.0,0.172,-0.197,-1.727,3.273,0.001,2,12,0,0.659,0,1,0.012,0.519,3.213,-5.254,-0.254,0.074,2,14,0,0.174,0,0,0.064,0.066,-3.374,-5.118,-0.118,0.020,2,14,0,0.161,0,0,0.139,3.006,0.003,-4.285,0.715,0.028,2,14,0,0.159,0,0,0.080,-2.726,0.173,-4.301,0.699,0.038,2,14,0,0.146,0,0,0.094,2.719,2.833,-5.477,-0.477,0.062,2,14,0,0.182,0,0,0.118,-2.910,3.516,-3.225,1.775,0.000,2,12,0,0.247,0,1,0.247,2.750,-3.079,-4.985,0.015,0.056,2,14,0,0.205,0,0,0.102,-3.246,-2.757,-5.020,-0.020,0.028,2,14,0,0.171,0,0,0.074,2.244,0.561,0,0,0.659,0.000,0.000,0.000,0.000
79.0,0.172,-0.197,-1.770,3.230,0.001,2,12,0,0.659,0,1,0.012,0.641,3.273,-5.264,-0.264,0.044,2,14,0,0.148,0,0,0.186,0.058,-3.399,-5.040,-0.040,0.039,2,14,0,0.166,0,0,0.167,2.922,-0.014,-4.265,0.735,0.050,2,14,0,0.200,0,0,0.022,-2.697,0.184,-4.329,0.671,0.033,2,14,0,0.176,0,0,0.102,2.763,2.881,-5.491,-0.491,0.094,2,14,0,0.179,0,0,0.071,-2.910,3.516,-3.125,1.875,0.000,2,12,0,0.247,0,1,0.247,2.724,-3.028,-4.962,0.038,0.039,2,14,0,0.146,0,0,0.151,-3.259,-2.722,-5.017,-0.017,0.029,2,14,0,0.195,0,0,0.105,2.169,0.697,0,0,0.659,0.000,0.000,0.000,0.000
80.0,0.172,-0.197,-1.813,3.187,0.001,2,12,0,0.659,0,1,0.012,0.670,3.266,-5.252,-0.252,0.045,2,14,0,0.152,0,0,0.204,0.043,-3.303,-5.072,-0.072,0.087,2,14,0,0.185,0,0,0.080,2.950,-0.033,-4.298,0.702,0.020,2,14,0,0.180,0,0,0.015,-2.646,0.142,-4.392,0.608,0.044,2,14,0,0.203,0,0,0.085,2.784,2.945,-5.488,-0.488,0.073,2,14,0,0.211,0,0,0.042,-2.910,3.516,-3.017,1.983,0.000,2,12,0,0.247,0,1,0.247,2.736,-3.046,-5.017,-0.017,0.068,2,14,0,0.192,0,0,0.135,-3.220,-2.753,-5.044,-0.044,0.065,2,14,0,0.288,0,0,0.056,2.151,0.721,0,0,0.659,0.000,0.000,0.000,0.000
81.0,0.172,-0.197,-1.856,3.144,0.000,2,12,0,0.659,0,1,0.012,0.648,3.172,-5.205,-0.205,0.104,2,14,0,0.151,0,0,0.148,0.095,-3.209,-5.106,-0.106,0.087,2,14,0,0.194,0,0,0.027,2.911,-0.002,-4.369,0.631,0.026,2,14,0,0.417,0,0,0.037,-2.686,0.060,-4.342,0.658,0.040,2,14,0,0.151,0,0,0.029,2.760,2.972,-5.513,-0.513,0.049,2,14,0,0.181,0,0,0.029,-2.910,3.516,-2.900,2.100,0.000,2,12,0,0.247,0,1,0.247,2.732,-3.108,-5.024,-0.024,0.090,2,14,0,0.182,0,0,0.072,-3.107,-2.836,-5.036,-0.036,0.068,2,14,0,0.244,0,0,0.087,2.144,0.670,0,0,0.659,0.000,0.000,0.000,0.000
82.0,0.172,-0.197,-1.900,3.100,0.000,2,12,0,0.659,0,1,0.012,0.566,3.110,-5.165,-0.165,0.105,2,14,0,0.178,0,0,0.077,0.135,-3.155,-5.109,-0.109,0.044,2,14,0,0.165,0,0,0.095,2.887,-0.038,-4.358,0.642,0.011,2,14,0,0.222,0,0,0.045,-2.682,0.015,-4.436,0.564,0.012,2,14,0,0.362,0,0,0.072,2.811,3.042,-5.493,-0.493,0.032,2,14,0,0.187,0,0,0.115,-2.910,3.516,-2.775,2.225,0.000,2,12,0,0.247,0,1,0.247,2.669,-3.206,-4.995,0.005,0.083,2,14,0,0.192,0,0,0.067,-3.048,-2.864,-5.060,-0.060,0.011,2,14,0,0.168,0,0,0.152,2.270,0.576,0,0,0.659,0.000,0.000,0.000,0.000
83.0,0.172,-0.197,-1.945,3.055,0.000,2,12,0,0.659,0,1,0.012,0.442,3.137,-5.189,-0.189,0.083,2,14,0,0.178,0,0,0.060,0.115,-3.099,-5.060,-0.060,0.018,2,14,0,0.160,0,0,0.140,2.874,-0.038,-4.292,0.708,0.016,2,14,0,0.152,0,0,0.060,-2.714,0.056,-4.418,0.582,0.045,2,14,0,0.150,0,0,0.027,2.706,3.030,-5.447,-0.447,0.046,2,14,0,0.177,0,0,0.090,-2.910,3.515,-2.642,2.358,0.000,2,12,0,0.247,0,1,0.247,2.615,-3.246,-4.956,0.044,0.041,2,14,0,0.148,0,0,0.133,-3.062,-2.833,-5.064,-0.064,0.054,2,14,0,0.179,0,0,0.127,2.281,0.523,0,0,0.659,0.000,0.000,0.000,0.000
84.0,0.171,-0.197,-1.990,3.010,0.000,2,12,0,0.659,0,1,0.012,0.416,3.143,-5.206,-0.206,0.019,2,14,0,0.150,0,0,0.087,0.101,-3.083,-5.039,-0.039,0.050,2,14,0,0.161,0,0,0.153,2.880,-0.042,-4.305,0.695,0.016,2,14,0,0.147,0,0,0.055,-2.693,0.104,-4.401,0.599,0.050,2,14,0,0.174,0,0,0.025,2.697,3.003,-5.442,-0.442,0.045,2,14,0,0.241,0,0,0.072,-2.910,3.515,-2.499,2.501,0.000,2,12,0,0.247,0,1,0.247,2.614,-3.326,-4.991,0.009,0.047,2,14,0,0.179,0,0,0.187,-3.120,-2.838,-5.093,-0.093,0.076,2,14,0,0.190,0,0,0.077,2.298,0.523,0,0,0.659,0.000,0.000,0.000,0.000
85.0,0.171,-0.197,-2.036,2.964,0.000,2,12,0,0.659,0,1,0.012,0.388,3.146,-5.265,-0.265,0.028,2,14,0,0.218,0,0,0.138,0.148,-3.145,-5.105,-0.105,0.091,2,14,0,0.196,0,0,0.067,2.871,-0.024,-4.288,0.712,0.029,2,14,0,0.182,0,0,0.090,-2.744,0.121,-4.323,0.677,0.038,2,14,0,0.178,0,0,0.052,2.774,2.961,-5.381,-0.381,0.041,2,14,0,0.179,0,0,0.069,-2.910,3.515,-2.348,2.652,0.000,2,12,0,0.247,0,1,0.247,2.629,-3.344,-4.994,0.006,0.087,2,14,0,0.177,0,0,0.261,-3.212,-2.771,-5.023,-0.023,0.086,2,14,0,0.193,0,0,0.056,2.395,0.561,0,0,0.659,-0.000,0.077,-0.001,0.176
86.0,0.171,-0.197,-2.083,2.917,0.000,2,12,0,0.659,0,1,0.012,0.421,3.161,-5.231,-0.231,0.176,2,14,0,0.253,0,0,0.346,0.138,-3.204,-5.049,-0.049,0.074,2,14,0,0.233,0,0,0.321,2.950,0.054,-4.299,0.701,0.177,2,14,0,0.222,0,0,0.262,-2.681,0.259,-4.372,0.628,0.189,2,14,0,0.179,0,0,0.175,2.802,3.033,-5.395,-0.395,0.130,2,14,0,0.182,0,0,0.271,-2.910,3.515,-2.187,2.813,0.000,2,12,0,0.247,0,1,0.247,2.756,-3.205,-5.035,-0.035,0.277,2,14,0,0.182,0,0,0.377,-3.266,-2.646,-5.021,-0.021,0.188,2,14,0,0.194,0,0,0.207,2.391,0.607,0,0,0.659,-0.006,0.353,-0.013,0.376
87.0,0.171,-0.197,-2.130,2.870,0.000,2,12,0,0.659,0,1,0.012,0.513,3.397,-5.230,-0.230,0.428,2,14,0,0.256,0,0,0.576,0.071,-3.014,-5.060,-0.060,0.356,2,14,0,0.188,0,0,0.602,2.968,0.312,-4.282,0.718,0.418,2,14,0,0.182,0,0,0.480,-2.604,0.581,-4.397,0.603,0.387,2,14,0,0.216,0,0,0.349,2.772,3.324,-5.474,-0.474,0.397,2,14,0,0.178,0,0,0.453,-2.910,3.515,-2.019,2.981,0.000,2,12,0,0.247,0,1,0.247,2.927,-2.854,-4.979,0.021,0.531,2,14,0,0.220,0,0,0.550,-3.234,-2.435,-5.023,-0.023,0.396,2,14,0,0.256,0,0,0.457,2.273,1.046,0,0,0.659,-0.034,0.828,-0.048,0.574
88.0,0.171,-0.197,-2.178,2.822,0.000,2,12,0,0.659,0,1,0.012,0.619,3.909,-5.227,-0.227,0.736,2,14,0,0.179,0,0,0.776,0.010,-2.468,-5.058,-0.058,0.655,2,14,0,0.191,0,0,0.729,2.980,0.860,-4.257,0.743,0.734,2,14,0,0.179,0,0,0.623,-2.589,1.069,-4.317,0.683,0.618,2,14,0,0.179,0,0,0.557,2.712,3.859,-5.454,-0.454,0.709,2,14,0,0.265,0,0,0.585,-2.911,3.515,-1.845,3.155,0.000,2,12,0,0.247,0,1,0.247,3.013,-2.213,-4.970,0.030,0.822,2,14,0,0.176,0,0,0.656,-3.191,-1.869,-4.969,0.031,0.730,2,14,0,0.240,0,0,0.568,2.106,1.720,0,0,0.659,-0.113,1.500,-0.116,0.767
89.0,0.171,-0.197,-2.226,2.774,0.000,2,12,0,0.659,0,1,0.012,0.593,4.754,-5.249,-0.249,1.062,2,14,0,0.177,0,0,0.848,-0.196,-1.929,-5.057,-0.057,0.468,2,14,0,0.241,0,1,1.037,2.918,1.655,-4.314,0.686,1.043,2,14,0,0.210,0,0,0.718,-2.798,1.755,-4.377,0.623,0.867,2,14,0,0.228,0,0,0.707,2.602,4.695,-5.473,-0.473,1.048,2,14,0,0.273,0,0,0.627,-2.911,3.515,-1.658,3.342,0.000,2,12,0,0.247,0,1,0.247,2.982,-1.230,-4.967,0.033,1.129,2,14,0,0.172,0,0,0.664,-3.198,-0.986,-4.976,0.024,1.045,2,14,0,0.189,0,0,0.592,2.022,2.596,0,0,0.659,-0.282,2.359,-0.230,0.948
90.0,0.171,-0.197,-2.276,2.724,0.000,2,12,0,0.659,0,1,0.012,0.330,5.910,-5.225,-0.225,1.315,2,14,0,0.183,0,0,0.684,-0.405,-1.777,-5.037,-0.037,0.163,2,14,0,0.279,0,1,1.841,2.582,2.758,-4.279,0.721,1.345,2,14,0,0.180,0,0,0.557,-3.105,2.176,-4.373,0.627,0.293,2,14,0,0.234,0,1,1.215,2.453,5.780,-5.486,-0.486,1.310,2,14,0,0.180,0,0,0.558,-2.911,3.515,-1.464,3.536,0.000,2,12,0,0.247,0,1,0.247,2.687,-0.007,-4.964,0.036,1.377,2,14,0,0.204,0,0,0.545,-3.303,0.141,-4.987,0.013,1.297,2,14,0,0.190,0,0,0.569,2.135,3.589,0,0,0.659,-0.566,3.316,-0.332,0.943
91.0,0.171,-0.197,-2.326,2.674,0.000,2,12,0,0.659,0,1,0.012,-0.107,7.157,-5.238,-0.238,1.345,2,14,0,0.207,0,0,0.419,-0.510,-1.698,-5.027,-0.027,0.126,2,14,0,0.295,0,1,2.710,2.133,4.118,-4.319,0.681,1.451,2,14,0,0.176,0,0,0.171,-3.305,2.303,-4.362,0.638,0.152,2,14,0,0.232,0,1,2.032,2.190,7.110,-5.414,-0.414,1.439,2,14,0,0.175,0,0,0.394,-2.911,3.515,-1.261,3.739,0.000,2,12,0,0.247,0,1,0.247,2.150,1.311,-4.959,0.041,1.431,2,14,0,0.242,0,0,0.440,-3.554,1.149,-5.042,-0.042,0.523,2,14,0,0.262,0,1,0.630,1.362,4.576,1,0,0.659,-0.944,4.241,-0.424,0.906
92.0,0.171,-0.197,-2.376,2.624,0.000,2,12,0,0.659,0,1,0.012,-0.705,8.294,-5.204,-0.204,1.232,2,14,0,0.227,0,0,0.208,-0.704,-1.601,-4.917,0.083,0.419,2,14,0,0.247,0,1,3.540,1.629,5.321,-4.322,0.678,1.314,2,14,0,0.209,0,0,0.259,-3.440,2.416,-4.320,0.680,0.066,2,14,0,0.340,0,1,2.852,1.625,8.379,-5.469,-0.469,1.400,2,14,0,0.298,0,0,0.427,-2.911,3.515,-1.048,3.952,0.000,2,12,0,0.247,0,1,0.247,1.442,2.491,-4.925,0.075,1.347,2,14,0,0.271,0,0,0.561,-3.823,1.308,-5.130,-0.130,0.258,2,14,0,0.384,0,1,1.261,1.425,5.552,2,0,0.659,-1.413,5.124,-0.512,0.859
93.0,0.171,-0.197,-2.427,2.573,0.000,2,12,0,0.659,0,1,0.012,-1.444,9.163,-5.215,-0.215,1.052,2,14,0,0.218,0,0,0.062,-1.564,-0.435,-4.913,0.087,0.938,2,14,0,0.301,0,0,3.165,0.991,6.298,-4.389,0.611,1.128,2,14,0,0.241,0,0,0.376,-3.481,2.456,-4.350,0.650,0.130,2,14,0,0.934,0,1,3.758,0.994,9.452,-5.479,-0.479,1.263,2,14,0,0.199,0,0,0.595,-2.911,3.515,-0.829,4.171,0.000,2,12,0,0.247,0,1,0.247,0.463,3.443,-5.011,-0.011,1.201,2,14,0,0.203,0,0,0.741,-4.115,0.390,-4.807,0.193,0.192,2,14,0,0.271,0,1,2.006,2.209,6.513,2,0,0.934,-1.967,5.956,-0.596,0.803
94.0,0.171,-0.197,-2.479,2.521,0.000,2,12,0,0.659,0,1,0.012,-2.165,9.726,-5.299,-0.299,0.824,2,14,0,0.195,0,0,0.161,-2.190,0.889,-4.963,0.037,1.100,2,14,0,0.272,0,1,2.639,0.310,7.087,-4.306,0.694,0.944,2,14,0,0.209,0,0,0.398,-3.583,2.556,-4.364,0.636,0.097,2,14,0,0.235,0,1,4.573,0.175,10.349,-5.480,-0.480,1.126,2,14,0,0.228,0,0,0.676,-2.911,3.515,-0.599,4.401,0.000,2,12,0,0.247,0,1,0.247,-0.428,4.127,-4.979,0.021,0.932,2,14,0,0.228,0,0,0.815,-4.089,-0.417,-4.519,0.481,0.162,2,14,0,0.271,0,1,2.006,2.347,7.459,2,0,0.659,-2.602,6.728,-0.673,0.740
95.0,0.171,-0.197,-2.532,2.468,0.000,2,12,0,0.659,0,1,0.012,-2.765,10.081,-5.281,-0.281,0.684,2,14,0,0.191,0,0,0.504,-2.416,1.984,-5.013,-0.013,0.988,2,14,0,0.300,0,0,2.357,-0.292,7.532,-4.239,0.761,0.814,2,14,0,0.211,0,0,0.161,-3.751,2.773,-4.368,0.632,0.385,2,14,0,0.288,0,0,5.240,-0.738,10.875,-5.429,-0.429,0.978,2,14,0,0.222,0,0,0.528,-2.911,3.515,-0.360,4.640,0.000,2,12,0,0.247,0,1,0.247,-1.191,4.569,-4.997,0.003,0.711,2,14,0,0.220,0,0,0.695,-4.068,-0.619,-4.520,0.480,0.183,2,4,0,0.271,0,1,2.006,2.183,8.386,2,0,0.659,-3.310,7.433,-0.743,0.669
96.0,0.170,-0.197,-2.585,2.415,0.000,2,12,0,0.659,0,1,0.012,-3.346,10.307,-5.282,-0.282,0.660,2,14,0,0.253,0,0,0.930,-2.494,2.855,-5.328,-0.328,1.083,2,14,0,0.323,0,0,2.479,-0.990,7.870,-4.288,0.712,0.846,2,14,0,0.213,0,0,0.222,-4.143,3.192,-4.347,0.653,0.813,2,14,0,0.259,0,0,5.611,-1.556,11.214,-5.534,-0.534,0.858,2,14,0,0.422,0,0,0.306,-2.911,3.515,-0.115,4.885,0.000,2,12,0,0.247,0,1,0.247,-1.858,4.850,-4.985,0.015,0.601,2,14,0,0.174,0,0,0.515,-4.045,-0.473,-4.563,0.437,0.009,2,4,0,0.271,0,1,2.006,2.023,9.293,2,0,0.659,-4.086,8.064,-0.806,0.591
97.0,0.170,-0.197,-2.638,2.362,0.000,2,12,0,0.659,0,1,0.012,-3.942,10.576,-5.308,-0.308,0.731,2,14,0,0.218,0,0,1.272,-2.785,3.435,-5.242,-0.242,0.577,2,14,0,0.247,0,1,2.812,-1.794,8.164,-4.351,0.649,0.910,2,14,0,0.297,0,0,0.450,-4.825,3.913,-4.386,0.614,1.273,2,14,0,0.335,0,0,5.535,-2.245,11.527,-5.466,-0.466,0.813,2,14,0,0.243,0,0,0.080,-2.911,3.515,0.139,5.139,0.000,2,12,0,0.247,0,1,0.247,-2.405,5.135,-4.944,0.056,0.633,2,14,0,0.174,0,0,0.371,-4.122,-0.265,-4.548,0.452,0.083,2,4,0,0.271,0,1,2.006,1.767,10.176,2,0,0.659,-4.921,8.614,-0.861,0.508
98.0,0.170,-0.197,-2.693,2.307,0.000,2,12,0,0.659,0,1,0.012,-4.699,10.920,-5.233,-0.233,0.879,2,14,0,0.284,0,0,1.438,-2.960,3.178,-5.197,-0.197,0.159,2,14,0,0.275,0,1,3.816,-2.649,8.451,-4.318,0.682,0.965,2,14,0,0.179,0,0,0.625,-5.766,4.998,-4.347,0.653,1.774,2,14,0,0.282,0,0,4.982,-2.972,11.912,-5.482,-0.482,0.892,2,14,0,0.187,0,0,0.142,-2.911,3.515,0.398,5.398,0.000,2,12,0,0.247,0,1,0.247,-2.854,5.531,-4.986,0.014,0.772,2,14,0,0.175,0,0,0.423,-4.191,-0.062,-4.494,0.506,0.293,2,4,0,0.271,0,1,2.006,2.007,11.033,2,0,0.659,-5.806,9.078,-0.908,0.419
99.0,0.170,-0.197,-2.748,2.252,0.000,2,12,0,0.659,0,1,0.012,-5.500,11.319,-5.199,-0.199,0.966,2,14,0,0.217,0,0,1.474,-3.148,2.830,-5.134,-0.134,0.363,2,14,0,0.355,0,0,4.855,-3.538,8.816,-4.262,0.738,1.020,2,14,0,0.177,0,0,0.653,-7.157,6.404,-4.313,0.687,2.319,2,14,0,0.269,0,0,3.875,-3.820,12.272,-5.444,-0.444,0.977,2,14,0,0.176,0,0,0.208,-2.911,3.515,0.585,5.585,0.000,2,12,0,0.247,0,1,0.247,-3.455,6.037,-4.941,0.059,0.987,2,14,0,0.198,0,0,0.590,-4.253,0.047,-4.446,0.554,0.460,2,4,0,0.271,0,1,2.006,1.947,11.863,2,0,0.659,-6.733,9.451,-0.945,0.327
100.0,0.170,-0.197,-2.804,2.196,0.000,2,12,0,0.659,0,1,0.012,-6.455,11.675,-5.205,-0.205,1.009,2,14,0,0.219,0,0,1.410,-3.543,2.529,-5.131,-0.131,0.636,2,14,0,0.380,0,0,5.668,-4.449,9.140,-4.279,0.721,1.036,2,14,0,0.180,0,0,0.638,-8.793,8.094,-4.347,0.653,2.502,2,14,0,0.234,0,0,2.355,-4.683,12.615,-5.410,-0.410,1.052,2,14,0,0.207,0,0,0.270,-2.911,3.515,0.676,5.676,0.000,2,12,0,0.247,0,1,0.247,-4.237,6.584,-5.071,-0.071,1.189,2,14,0,0.178,0,0,0.722,-4.295,-0.015,-4.540,0.460,0.507,2,4,0,0.271,0,1,2.006,2.016,12.664,2,0,0.659,-7.693,9.730,-0.973,0.231
101.0,0.170,-0.197,-2.860,2.140,0.000,2,12,0,0.659,0,1,0.012,-7.351,11.909,-5.265,-0.265,0.966,2,14,0,0.224,0,0,1.421,-2.672,4.551,-4.307,0.693,3.104,2,14,4,0.429,31,1,5.801,-5.446,9.441,-4.278,0.722,1.032,2,14,0,0.222,0,0,0.527,-10.509,6.600,-3.336,1.664,2.003,2,14,4,0.408,19,1,2.785,-5.614,12.899,-5.426,-0.426,1.129,2,14,0,0.234,0,0,0.310,-2.911,3.515,0.698,5.698,0.000,2,12,0,0.247,0,1,0.247,-5.311,7.147,-5.038,-0.038,1.365,2,14,0,0.277,0,0,0.749,-4.267,-0.112,-4.528,0.472,0.497,2,4,0,0.271,0,1,2.006,2.006,13.433,2,50,0.659,-8.676,9.912,-0.991,0.132
102.0,0.170,-0.197,-2.917,2.083,0.000,2,12,0,0.659,0,1,0.012,-8.278,12.058,-5.241,-0.241,0.941,2,14,0,0.247,0,0,1.408,-2.248,2.438,-1.618,3.382,6.012,2,14,4,0.720,81,1,5.801,-6.349,9.667,-4.240,0.760,0.980,2,14,0,0.180,0,0,0.485,-9.169,7.158,-0.010,4.990,1.162,2,14,4,0.263,69,1,2.785,-6.783,13.076,-5.463,-0.463,1.211,2,14,0,0.177,0,0,0.198,-2.911,3.515,0.671,5.671,0.000,2,12,0,0.247,0,1,0.247,-6.581,7.525,-4.989,0.011,1.452,2,14,0,0.233,0,0,0.794,-4.213,-0.253,-4.478,0.522,0.402,2,4,0,0.271,0,1,2.006,1.822,14.168,2,150,0.720,-9.672,9.995,-0.999,0.033
103.0,0.170,-0.196,-2.974,2.026,0.000,2,12,0,0.659,0,1,0.012,-9.135,11.975,-5.265,-0.265,0.914,2,14,0,0.212,0,0,1.549,2.721,-1.081,-7.397,-2.397,7.446,2,14,4,0.814,131,1,5.801,-7.125,9.747,-4.315,0.685,0.480,2,14,0,0.206,0,1,0.633,-10.650,8.325,-9.055,-4.055,2.966,2,14,4,0.996,119,1,2.785,-7.915,13.182,-5.389,-0.389,1.174,2,14,0,0.206,0,0,0.255,-2.911,3.515,0.615,5.615,0.000,2,12,0,0.247,0,1,0.247,-8.004,7.602,-4.923,0.077,1.449,2,14,0,0.228,0,0,0.807,-4.166,-0.351,-4.468,0.532,0.301,2,4,0,0.271,0,1,2.006,1.721,15.630,2,250,0.996,-10.672,9.977,-0.998,-0.067
104.0,0.170,-0.196,-3.031,1.969,0.000,2,12,0,0.659,0,1,0.012,-10.037,11.777,-5.228,-0.228,0.933,2,14,0,0.278,0,0,1.667,12.350,-3.758,-2.955,2.045,6.237,2,14,4,0.404,181,1,5.801,-7.593,9.664,-4.286,0.714,0.621,2,14,0,0.214,0,0,1.139,-11.972,7.133,-15.822,-10.822,1.830,2,14,4,0.877,169,1,2.785,-8.923,13.070,-5.430,-0.430,1.113,2,14,0,0.175,0,0,0.260,-2.911,3.515,0.541,5.541,0.000,2,12,0,0.247,0,1,0.247,-9.298,7.344,-4.953,0.047,1.333,2,14,0,0.271,0,0,0.760,-4.149,-0.444,-4.539,0.461,0.196,2,4,0,0.271,0,1,2.006,1.719,26.257,2,350,0.877,-11.664,9.861,-0.986,-0.166
105.0,0.170,-0.196,-3.090,1.910,0.000,2,12,0,0.659,0,1,0.012,-10.784,11.496,-5.259,-0.259,0.921,2,14,0,0.272,0,0,1.864,15.907,-7.987,3.808,8.808,9.988,2,14,4,0.583,231,1,5.801,-8.325,9.357,-4.278,0.722,0.963,2,14,0,0.210,0,0,1.399,-8.221,4.870,-17.919,-12.919,5.118,2,14,4,0.924,219,1,2.785,-9.957,12.787,-5.421,-0.421,1.093,2,14,0,0.176,0,0,0.204,-2.911,3.515,0.458,5.458,0.000,2,12,0,0.247,0,1,0.247,-10.490,6.681,-4.972,0.028,1.362,2,14,0,0.230,0,0,0.624,-4.120,-0.526,-4.567,0.433,0.130,2,4,0,0.271,0,1,2.006,1.541,32.079,2,450,0.924,-12.640,9.645,-0.965,-0.264
106.0,0.170,-0.196,-3.150,1.850,0.000,2,12,0,0.659,0,1,0.012,-11.645,11.106,-5.254,-0.254,0.957,2,14,0,0.246,0,0,1.995,-3.810,-13.453,-0.093,4.907,9.586,2,14,4,0.896,281,1,5.801,-9.307,8.863,-4.320,0.680,1.276,2,14,0,0.179,0,0,1.418,-2.458,8.475,-12.539,-7.539,1.676,2,14,0,0.256,265,0,13.817,-10.913,12.404,-5.459,-0.459,1.053,2,14,0,0.231,0,0,0.141,-2.911,3.515,0.376,5.376,0.000,2,12,0,0.247,0,1,0.247,-11.468,5.555,-5.004,-0.004,1.485,2,14,0,0.229,0,0,0.859,-4.061,-0.602,-4.616,0.384,0.041,2,4,0,0.271,0,1,2.006,1.504,22.072,2,546,0.896,-13.590,9.333,-0.933,-0.359
107.0,0.170,-0.196,-3.209,1.791,0.000,2,12,0,0.659,0,1,0.012,-12.432,10.757,-5.270,-0.270,0.944,2,14,0,0.270,0,0,2.052,-5.195,-16.235,-3.670,1.330,3.251,2,14,4,0.817,331,1,5.801,-10.526,8.327,-4.256,0.744,1.432,2,14,0,0.217,0,0,1.191,-2.282,8.443,-8.608,-3.608,0.368,2,14,0,0.385,265,1,14.929,-11.848,12.010,-5.423,-0.423,0.990,2,14,0,0.176,0,0,0.161,-2.911,3.515,0.301,5.301,0.000,2,12,0,0.247,0,1,0.247,-12.168,4.176,-5.014,-0.014,1.381,2,14,0,0.234,0,0,1.623,-4.038,-0.670,-4.546,0.454,0.030,2,4,0,0.271,0,1,2.006,1.392,24.039,3,596,0.817,-14.504,8.928,-0.893,-0.450
108.0,0.170,-0.196,-3.270,1.730,0.000,2,12,0,0.659,0,1,0.012,-13.193,10.366,-5.278,-0.278,0.933,2,14,0,0.220,0,0,2.074,-3.752,-18.187,-4.327,0.673,1.173,2,14,0,0.301,336,1,26.046,-11.709,7.785,-4.252,0.748,1.369,2,14,0,0.221,0,0,0.958,-2.904,6.628,-5.232,-0.232,0.664,2,14,0,0.261,265,1,14.978,-12.274,11.799,-5.428,-0.428,0.296,2,14,0,0.207,0,0,0.531,-2.911,3.515,0.235,5.235,0.000,2,12,0,0.247,0,1,0.247,-12.562,2.952,-4.947,0.053,1.180,2,14,0,0.253,0,0,2.305,-4.010,-0.653,-4.526,0.474,0.083,2,4,0,0.271,0,1,2.006,1.709,26.325,3,601,0.659,-15.373,8.434,-0.843,-0.537
109.0,0.170,-0.196,-3.332,1.668,0.000,2,12,0,0.659,0,1,0.012,-13.971,9.922,-5.255,-0.255,0.932,2,14,0,0.324,0,0,2.031,-1.822,-19.218,-4.146,0.854,0.963,2,14,0,0.268,336,1,26.867,-12.827,7.263,-4.302,0.698,1.196,2,14,0,0.221,0,0,0.707,-3.251,4.766,-3.908,1.092,0.598,2,14,0,0.261,265,1,14.978,-12.565,11.465,-5.526,-0.526,0.672,2,14,0,0.202,0,0,1.092,-2.911,3.515,0.171,5.171,0.000,2,12,0,0.247,0,1,0.247,-12.661,1.822,-4.920,0.080,0.998,2,14,0,0.263,0,0,2.963,-4.058,-0.663,-4.552,0.448,0.081,2,4,0,0.271,0,1,2.006,2.105,28.034,3,601,0.659,-16.188,7.856,-0.786,-0.619
110.0,0.170,-0.196,-3.395,1.605,0.000,2,12,0,0.659,0,1,0.012,-14.709,9.332,-5.185,-0.185,0.937,2,14,0,0.242,0,0,2.005,0.321,-19.730,-3.955,1.045,0.824,2,14,0,0.268,336,1,26.867,-13.669,6.630,-4.309,0.691,0.992,2,14,0,0.559,0,0,0.636,-3.255,3.242,-3.780,1.220,0.271,2,4,0,0.261,265,1,14.978,-13.179,10.810,-5.402,-0.402,1.112,2,14,0,0.230,0,0,1.204,-2.911,3.515,0.089,5.089,0.000,2,12,0,0.247,0,1,0.247,-12.871,0.957,-4.978,0.022,0.860,2,14,0,0.237,0,0,3.340,-4.117,-0.687,-4.559,0.441,0.090,2,4,0,0.271,0,1,2.006,2.138,29.505,3,601,0.659,-16.941,7.199,-0.720,-0.694
111.0,0.170,-0.196,-3.457,1.543,0.000,2,12,0,0.659,0,1,0.012,-15.302,8.686,-5.204,-0.204,0.916,2,14,0,0.217,0,0,2.045,2.121,-20.098,-3.798,1.202,0.740,2,4,0,0.268,336,1,26.867,-14.174,5.961,-4.294,0.706,0.856,2,14,0,0.194,0,0,0.700,-3.081,2.753,-3.974,1.026,0.728,2,4,0,0.261,265,1,14.978,-14.048,9.944,-5.455,-0.455,1.490,2,14,0,0.180,0,0,0.979,-2.911,3.515,-0.009,4.991,0.000,2,12,0,0.247,0,1,0.247,-13.213,0.461,-5.002,-0.002,0.770,2,14,0,0.229,0,0,3.296,-4.076,-0.677,-4.525,0.475,0.127,2,4,0,0.271,0,1,2.006,1.794,30.746,3,601,0.659,-17.625,6.470,-0.647,-0.763
112.0,0.170,-0.196,-3.521,1.479,0.000,2,12,0,0.659,0,1,0.012,-15.774,7.904,-5.272,-0.272,0.931,2,14,0,0.217,0,0,2.161,3.276,-20.215,-3.841,1.159,0.351,2,4,0,0.268,336,1,26.867,-14.507,5.244,-4.357,0.643,0.829,2,14,0,0.258,0,0,0.883,-3.118,3.061,-4.137,0.863,1.005,2,4,0,0.261,265,1,14.978,-15.161,8.898,-5.451,-0.451,1.563,2,14,0,0.179,0,0,0.434,-2.911,3.515,-0.128,4.872,0.000,2,12,0,0.247,0,1,0.247,-13.655,0.340,-4.975,0.025,0.769,2,14,0,0.244,0,0,2.850,-4.021,-0.682,-4.532,0.468,0.095,2,4,0,0.271,0,1,2.006,1.181,31.410,4,601,0.659,-18.233,5.676,-0.568,-0.823
113.0,0.170,-0.196,-3.585,1.415,0.000,2,12,0,0.659,0,1,0.012,-16.171,7.129,-5.209,-0.209,0.925,2,14,0,0.219,0,0,2.251,3.545,-20.284,-3.942,1.058,1.006,2,4,0,0.268,336,1,26.867,-14.766,4.461,-4.290,0.710,0.874,2,14,0,0.213,0,0,1.106,-3.279,3.533,-4.230,0.770,0.758,2,4,0,0.261,265,1,14.978,-15.529,8.311,-5.442,-0.442,0.291,2,14,0,0.236,0,1,0.709,-2.911,3.515,-0.264,4.736,0.000,2,12,0,0.247,0,1,0.247,-14.213,0.362,-5.037,-0.037,0.835,2,14,0,0.229,0,0,2.234,-4.030,-0.685,-4.521,0.479,0.105,2,4,0,0.271,0,1,2.006,1.365,31.405,5,601,0.659,-18.759,4.826,-0.483,-0.876
114.0,0.170,-0.196,-3.650,1.350,0.000,2,12,0,0.659,0,1,0.012,-16.528,6.272,-5.209,-0.209,0.933,2,14,0,0.277,0,0,2.310,3.261,-20.297,-4.018,0.982,1.210,2,4,0,0.268,336,1,26.867,-15.051,3.661,-4.280,0.720,0.903,2,14,0,0.221,0,0,1.231,-3.458,3.872,-4.190,0.810,0.379,2,4,0,0.261,265,1,14.978,-15.604,8.110,-5.495,-0.495,0.245,2,14,0,0.225,0,0,1.481,-2.911,3.515,-0.417,4.583,0.000,2,12,0,0.247,0,1,0.247,-14.891,0.252,-4.978,0.022,0.899,2,14,0,0.224,0,0,1.654,-4.046,-0.661,-4.507,0.493,0.123,2,4,0,0.271,0,1,2.006,2.077,30.900,5,601,0.659,-19.197,3.927,-0.393,-0.920
115.0,0.170,-0.196,-3.715,1.285,0.000,2,12,0,0.659,0,1,0.012,-16.819,5.440,-5.213,-0.213,0.896,2,14,0,0.277,0,0,2.331,2.967,-20.197,-3.924,1.076,1.015,2,4,0,0.268,336,1,26.867,-15.374,2.882,-4.247,0.753,0.944,2,14,0,0.311,0,0,1.238,-3.466,4.010,-3.980,1.020,0.140,2,4,0,0.261,265,1,14.978,-15.812,7.738,-5.466,-0.466,0.600,2,14,0,0.301,0,0,2.039,-2.911,3.515,-0.586,4.414,0.000,2,12,0,0.247,0,1,0.247,-15.634,-0.076,-4.919,0.081,0.943,2,14,0,0.253,0,0,1.182,-4.066,-0.672,-4.452,0.548,0.093,2,4,0,0.271,0,1,2.006,2.522,30.236,5,601,0.659,-19.543,2.990,-0.299,-0.954
116.0,0.170,-0.196,-3.781,1.219,0.000,2,12,0,0.659,0,1,0.012,-17.110,4.713,-5.192,-0.192,0.859,2,14,0,0.278,0,0,2.231,2.786,-20.160,-3.936,1.064,0.922,2,4,0,0.268,336,1,26.867,-15.716,1.969,-4.307,0.693,0.990,2,14,0,0.262,0,0,1.145,-3.414,4.124,-3.918,1.082,0.149,2,4,0,0.261,265,1,14.978,-16.330,7.161,-5.434,-0.434,0.982,2,14,0,0.366,0,0,2.294,-2.911,3.515,-0.773,4.227,0.000,2,12,0,0.247,0,1,0.247,-16.238,-0.737,-4.942,0.058,1.052,2,14,0,0.208,0,0,0.920,-4.041,-0.694,-4.495,0.505,0.118,2,4,0,0.271,0,1,2.006,2.580,29.627,5,601,0.659,-19.793,2.022,-0.202,-0.979
117.0,0.170,-0.196,-3.848,1.152,0.000,2,12,0,0.659,0,1,0.012,-17.258,3.938,-5.239,-0.239,0.882,2,14,0,0.363,0,0,2.200,-20.940,-18.449,-3.908,1.092,0.194,2,4,0,0.268,336,1,26.867,-15.960,1.064,-4.333,0.667,0.983,2,14,0,0.241,0,0,1.054,-3.424,4.118,-3.813,1.187,0.217,2,4,0,0.261,265,1,14.978,-16.966,6.282,-5.443,-0.443,1.262,2,14,0,0.281,0,0,2.301,-2.911,3.515,-0.978,4.022,0.000,2,12,0,0.247,0,1,0.247,-16.784,-1.796,-5.000,0.000,1.351,2,14,0,0.209,0,0,0.552,-4.065,-0.651,-4.533,0.467,0.120,2,4,0,0.271,0,1,2.006,2.371,20.154,5,601,0.659,-19.946,1.034,-0.103,-0.995
118.0,0.170,-0.196,-3.915,1.085,0.000,2,12,0,0.659,0,1,0.012,-17.290,3.078,-5.246,-0.246,0.954,2,14,0,0.243,0,0,2.211,-20.132,-18.597,-3.834,1.166,1.783,2,4,0,0.268,336,1,26.867,-16.084,0.145,-4.302,0.698,0.998,2,14,0,0.252,0,0,0.991,-3.502,4.086,-3.681,1.319,0.202,2,4,0,0.261,265,1,14.978,-17.357,4.982,-5.438,-0.438,1.522,2,14,0,0.254,0,0,2.004,-2.911,3.515,-1.202,3.798,0.000,2,12,0,0.247,0,1,0.247,-17.366,-3.262,-4.962,0.038,1.743,2,14,0,0.215,0,0,0.143,-4.096,-0.580,-4.569,0.431,0.082,2,4,0,0.271,0,1,2.006,1.915,20.171,5,601,0.659,-20.000,0.036,-0.004,-1.000
119.0,0.170,-0.196,-3.983,1.017,0.000,2,12,0,0.659,0,1,0.012,-17.229,2.115,-5.260,-0.260,1.036,2,14,0,0.265,0,0,2.223,-16.450,-18.619,-3.646,1.354,4.541,2,4,0,0.268,336,1,26.867,-16.216,-0.857,-4.268,0.732,1.038,2,14,0,0.239,0,0,0.817,-3.575,4.007,-3.612,1.388,0.116,2,4,0,0.261,265,1,14.978,-17.542,3.658,-5.479,-0.479,0.869,2,14,0,0.258,0,1,1.690,-2.911,3.515,-1.441,3.559,0.000,2,12,0,0.247,0,1,0.247,-17.929,-4.960,-4.968,0.032,1.772,2,14,0,0.235,0,0,1.082,-4.055,-0.546,-4.521,0.479,0.018,2,4,0,0.271,0,1,2.006,1.589,20.138,5,601,0.659,-19.954,-0.963,0.096,-0.995
120.0,0.170,-0.196,-4.052,0.948,0.000,2,12,0,0.659,0,1,0.012,-17.128,1.151,-5.216,-0.216,1.028,2,14,0,0.245,0,0,2.180,-11.204,-18.850,-3.590,1.410,4.553,2,4,0,0.268,336,1,26.867,-16.068,-1.892,-4.275,0.725,1.065,2,14,0,0.219,0,0,0.811,-3.524,4.034,-3.611,1.389,0.091,2,4,0,0.261,265,1,14.978,-17.469,3.298,-5.415,-0.415,0.207,2,14,0,0.294,0,0,2.317,-2.911,3.515,-1.699,3.301,0.000,2,12,0,0.247,0,1,0.247,-18.172,-6.597,-5.002,-0.002,1.569,2,14,0,0.235,0,0,1.821,-4.077,-0.599,-4.523,0.477,0.019,2,4,0,0.271,0,1,2.006,2.074,20.191,5,601,0.659,-19.808,-1.951,0.195,-0.981
121.0,0.170,-0.196,-4.122,0.878,0.000,2,12,0,0.659,0,1,0.012,-16.989,0.232,-5.187,-0.187,0.975,2,14,0,0.236,0,0,2.074,-6.314,-19.241,-3.713,1.287,3.765,2,4,0,0.268,336,1,26.867,-15.737,-2.847,-4.294,0.706,1.041,2,14,0,0.221,0,0,0.900,-3.507,3.960,-3.603,1.397,0.065,2,4,0,0.261,265,1,14.978,-17.194,3.031,-5.447,-0.447,0.540,2,14,0,0.287,0,0,3.015,-2.911,3.515,-1.972,3.028,0.000,2,12,0,0.247,0,1,0.247,-18.075,-8.124,-5.042,-0.042,1.432,2,14,0,0.230,0,0,2.369,-4.075,-0.611,-4.535,0.465,0.047,2,4,0,0.271,0,1,2.006,1.793,20.261,5,601,0.659,-19.564,-2.921,0.292,-0.956
122.0,0.170,-0.196,-4.191,0.809,0.000,2,12,0,0.659,0,1,0.012,-16.687,-0.640,-5.216,-0.216,0.934,2,14,0,0.215,0,0,2.036,-2.900,-19.607,-3.850,1.150,2.212,2,4,0,0.268,336,1,26.867,-15.315,-3.786,-4.301,0.699,0.999,2,14,0,0.247,0,0,0.983,-3.557,3.919,-3.592,1.408,0.019,2,4,0,0.261,265,1,14.978,-16.738,2.428,-5.463,-0.463,0.891,2,14,0,0.229,0,0,3.338,-2.911,3.515,-2.262,2.738,0.000,2,12,0,0.247,0,1,0.247,-17.469,-9.504,-4.989,0.011,1.411,2,14,0,0.309,0,0,2.657,-4.125,-0.627,-4.486,0.514,0.059,2,4,0,0.271,0,1,2.006,1.533,20.711,5,601,0.659,-19.225,-3.861,0.386,-0.922
123.0,0.170,-0.196,-4.263,0.737,0.000,2,12,0,0.659,0,1,0.012,-16.183,-1.401,-5.266,-0.266,0.906,2,14,0,0.224,0,0,2.115,-0.841,-19.833,-3.858,1.142,1.085,2,4,0,0.268,336,1,26.867,-14.853,-4.616,-4.290,0.710,0.943,2,14,0,0.224,0,0,1.022,-3.576,3.905,-3.588,1.412,0.047,2,4,0,0.261,265,1,14.978,-16.126,1.556,-5.428,-0.428,1.207,2,14,0,0.277,0,0,3.362,-2.911,3.515,-2.572,2.428,0.000,2,12,0,0.247,0,1,0.247,-16.387,-10.728,-5.017,-0.017,1.557,2,14,0,0.273,0,0,2.807,-4.068,-0.599,-4.480,0.520,0.064,2,4,0,0.271,0,1,2.006,1.275,21.632,6,601,0.659,-18.793,-4.763,0.476,-0.879
124.0,0.170,-0.196,-4.334,0.666,0.000,2,12,0,0.659,0,1,0.012,-15.617,-2.084,-5.326,-0.326,0.880,2,14,0,0.226,0,0,2.188,0.264,-20.019,-3.872,1.128,0.740,2,4,0,0.268,336,1,26.867,-14.392,-5.381,-4.269,0.731,0.925,2,14,0,0.192,0,0,0.989,-3.469,3.861,-3.621,1.379,0.040,2,4,0,0.261,265,1,14.978,-15.501,0.423,-5.416,-0.416,1.508,2,14,0,0.335,0,0,3.096,-2.911,3.515,-2.896,2.104,0.000,2,12,0,0.247,0,1,0.247,-14.912,-11.659,-5.063,-0.063,1.681,2,14,0,0.270,0,0,2.930,-3.993,-0.594,-4.527,0.473,0.052,2,4,0,0.271,0,1,2.006,0.978,21.763,7,601,0.659,-18.274,-5.617,0.562,-0.827
125.0,0.170,-0.196,-4.399,0.601,0.000,2,12,0,0.659,0,1,0.012,-15.045,-2.727,-5.236,-0.236,0.858,2,14,0,0.277,0,0,2.192,1.016,-20.199,-3.897,1.103,0.370,2,4,0,0.268,336,1,26.867,-13.862,-6.094,-4.243,0.757,0.939,2,14,0,0.200,0,0,0.948,-3.471,3.859,-3.593,1.407,0.074,2,4,0,0.261,265,1,14.978,-14.901,-0.993,-5.444,-0.444,1.814,2,14,0,0.229,0,0,2.485,-2.911,3.515,-3.241,1.759,0.000,2,12,0,0.247,0,1,0.247,-13.276,-12.258,-4.995,0.005,1.512,2,14,0,0.261,0,0,3.141,-4.018,-0.551,-4.587,0.413,0.071,2,4,0,0.271,0,1,2.006,0.746,21.576,8,601,0.659,-17.672,-6.415,0.641,-0.767
126.0,0.170,-0.196,-4.437,0.563,0.000,2,12,0,0.659,0,1,0.012,-14.472,-3.342,-5.212,-0.212,0.822,2,14,0,0.243,0,0,2.124,1.424,-20.219,-3.903,1.097,0.220,2,4,0,0.268,336,1,26.867,-13.325,-6.824,-4.253,0.747,0.988,2,14,0,0.194,0,0,0.819,-3.533,3.861,-3.612,1.388,0.066,2,4,0,0.261,265,1,14.978,-14.212,-2.417,-5.514,-0.514,0.978,2,14,0,0.229,0,1,1.775,-2.911,3.515,-3.599,1.401,0.000,2,12,0,0.247,0,1,0.247,-11.784,-12.457,-4.989,0.011,1.316,2,14,0,0.275,0,0,3.278,-4.095,-0.582,-4.562,0.438,0.026,2,4,0,0.271,0,1,2.006,0.712,20.991,10,601,0.659,-16.993,-7.148,0.715,-0.699
127.0,0.170,-0.196,-4.451,0.549,0.000,2,12,0,0.659,0,1,0.012,-14.061,-3.986,-5.130,-0.130,0.798,2,14,0,0.221,0,0,1.817,1.687,-20.217,-3.947,1.053,0.071,2,4,0,0.268,336,1,26.867,-12.602,-7.431,-4.326,0.674,1.037,2,14,0,0.231,0,0,0.819,-3.491,3.844,-3.623,1.377,0.076,2,4,0,0.261,265,1,14.978,-13.888,-2.691,-5.480,-0.480,0.228,2,14,0,0.230,0,1,2.191,-2.911,3.515,-3.966,1.034,0.000,2,12,0,0.247,0,1,0.247,-10.534,-12.215,-4.993,0.007,1.168,2,14,0,0.259,0,0,3.232,-4.135,-0.633,-4.487,0.513,0.048,2,4,0,0.271,0,1,2.006,0.750,20.248,12,601,0.659,-16.244,-7.811,0.781,-0.624
128.0,0.170,-0.196,-4.449,0.551,0.000,2,12,0,0.659,0,1,0.012,-13.583,-4.555,-5.196,-0.196,0.852,2,14,0,0.284,0,0,1.515,1.705,-20.199,-3.901,1.099,0.047,2,4,0,0.268,336,1,26.867,-11.737,-7.978,-4.293,0.707,1.055,2,14,0,0.196,0,0,0.886,-3.471,3.882,-3.676,1.324,0.075,2,4,0,0.261,265,1,14.978,-13.732,-2.717,-5.465,-0.465,0.119,2,14,0,0.366,0,1,2.907,-2.911,3.515,-4.232,0.768,0.000,2,12,0,0.247,0,1,0.247,-9.411,-11.740,-4.938,0.062,0.956,2,14,0,0.376,0,0,3.305,-4.147,-0.633,-4.483,0.517,0.100,2,4,0,0.271,0,1,2.006,0.870,19.355,13,601,0.659,-15.433,-8.395,0.840,-0.543
129.0,0.170,-0.196,-4.435,0.565,0.000,2,12,0,0.659,0,1,0.012,-12.868,-5.029,-5.325,-0.325,0.976,2,14,0,0.269,0,0,1.400,1.700,-20.142,-3.896,1.104,0.066,2,4,0,0.268,336,1,26.867,-10.879,-8.401,-4.321,0.679,1.004,2,14,0,0.195,0,0,0.925,-3.494,3.898,-3.693,1.307,0.062,2,4,0,0.261,265,1,14.978,-13.482,-2.890,-5.424,-0.424,0.407,2,14,0,0.284,0,0,3.466,-2.911,3.515,-4.365,0.635,0.000,2,12,0,0.247,0,1,0.247,-8.577,-11.317,-4.929,0.071,0.649,2,14,0,0.231,0,0,3.352,-4.052,-0.600,-4.476,0.524,0.074,2,4,0,0.271,0,1,2.006,0.969,19.020,14,601,0.659,-14.568,-8.896,0.890,-0.457
130.0,0.170,-0.196,-4.415,0.585,0.000,2,12,0,0.659,0,1,0.012,-12.033,-5.387,-5.213,-0.213,1.079,2,14,0,0.227,0,0,1.363,1.804,-20.119,-3.876,1.124,0.071,2,4,0,0.268,336,1,26.867,-9.919,-8.772,-4.263,0.737,0.960,2,14,0,0.196,0,0,0.990,-3.443,3.907,-3.776,1.224,0.042,2,4,0,0.261,265,1,14.978,-12.903,-3.222,-5.457,-0.457,0.821,2,14,0,0.332,0,0,3.712,-2.911,3.515,-4.400,0.600,0.000,2,12,0,0.247,0,1,0.247,-8.220,-11.044,-4.944,0.056,0.277,2,14,0,0.258,0,0,3.077,-4.011,-0.602,-4.536,0.464,0.046,2,4,0,0.271,0,1,2.006,0.909,18.688,15,601,0.659,-13.657,-9.307,0.931,-0.366
131.0,0.170,-0.196,-4.393,0.607,0.000,2,12,0,0.659,0,1,0.012,-11.016,-5.684,-5.257,-0.257,1.108,2,14,0,0.189,0,0,1.426,1.775,-20.190,-3.901,1.099,0.056,2,4,0,0.268,336,1,26.867,-9.060,-9.049,-4.297,0.703,0.881,2,14,0,0.253,0,0,0.942,-3.515,3.905,-3.694,1.306,0.033,2,4,0,0.261,265,1,14.978,-12.079,-3.820,-5.455,-0.455,1.251,2,14,0,0.383,0,0,3.546,-2.911,3.515,-4.367,0.633,0.000,2,12,0,0.247,0,1,0.247,-8.311,-10.952,-4.933,0.067,0.265,2,14,0,0.205,0,0,2.504,-3.974,-0.545,-4.513,0.487,0.061,2,4,0,0.271,0,1,2.006,0.985,18.215,16,601,0.659,-12.710,-9.626,0.963,-0.271
132.0,0.170,-0.196,-4.370,0.630,0.000,2,12,0,0.659,0,1,0.012,-10.012,-6.079,-5.243,-0.243,1.014,2,14,0,0.189,0,0,1.371,1.652,-20.138,-3.893,1.107,0.100,2,4,0,0.268,336,1,26.867,-8.396,-9.063,-4.244,0.756,0.354,2,14,0,0.221,0,1,0.916,-3.468,3.893,-3.766,1.234,0.030,2,4,0,0.261,265,1,14.978,-11.151,-4.490,-5.479,-0.479,0.730,2,14,0,0.310,0,1,3.224,-2.911,3.515,-4.290,0.710,0.000,2,12,0,0.247,0,1,0.247,-8.540,-11.155,-4.950,0.050,0.511,2,14,0,0.228,0,0,1.934,-4.053,-0.564,-4.524,0.476,0.050,2,4,0,0.271,0,1,2.006,0.853,17.770,17,601,0.659,-11.735,-9.848,0.985,-0.174
133.0,0.170,-0.196,-4.348,0.652,0.000,2,12,0,0.659,0,1,0.012,-9.210,-6.460,-5.221,-0.221,0.888,2,14,0,0.755,0,0,1.097,1.686,-20.123,-3.864,1.136,0.189,2,4,0,0.268,336,1,26.867,-8.218,-9.018,-4.270,0.730,0.202,2,14,0,0.344,0,0,1.060,-3.392,3.826,-3.811,1.189,0.078,2,4,0,0.261,265,1,14.978,-10.848,-4.542,-5.449,-0.449,0.195,2,14,0,0.648,0,0,3.763,-2.911,3.515,-4.191,0.809,0.000,2,12,0,0.247,0,1,0.247,-8.689,-11.725,-5.022,-0.022,0.828,2,14,0,0.236,0,0,1.582,-4.071,-0.574,-4.507,0.493,0.016,2,4,0,0.271,0,1,2.006,0.687,17.249,18,601,0.755,-10.743,-9.972,0.997,-0.074
134.0,0.170,-0.196,-4.329,0.671,0.000,2,12,0,0.659,0,1,0.012,-8.452,-6.748,-5.212,-0.212,0.822,2,14,0,0.250,0,0,0.796,1.666,-20.203,-3.917,1.083,0.158,2,4,0,0.268,336,1,26.867,-7.925,-9.073,-4.341,0.659,0.455,2,14,0,0.271,0,0,1.462,-3.473,3.863,-3.765,1.235,0.110,2,4,0,0.261,265,1,14.978,-10.541,-4.708,-5.417,-0.417,0.501,2,14,0,0.336,0,0,4.231,-2.911,3.515,-4.079,0.921,0.000,2,12,0,0.247,0,1,0.247,-8.694,-12.710,-4.968,0.032,1.176,2,14,0,0.252,0,0,1.729,-4.053,-0.557,-4.512,0.488,0.022,2,4,0,0.271,0,1,2.006,0.732,16.675,19,601,0.659,-9.744,-9.997,1.000,0.026
135.0,0.170,-0.196,-4.308,0.692,0.000,2,12,0,0.659,0,1,0.012,-7.629,-6.851,-5.221,-0.221,0.847,2,14,0,0.231,0,0,0.627,1.730,-20.178,-3.873,1.127,0.201,2,4,0,0.268,336,1,26.867,-7.303,-9.156,-4.330,0.670,0.751,2,14,0,0.219,0,0,1.680,-3.472,3.909,-3.804,1.196,0.069,2,4,0,0.261,265,1,14.978,-9.966,-5.101,-5.477,-0.477,0.902,2,14,0,0.255,0,0,4.378,-2.911,3.515,-3.966,1.034,0.000,2,12,0,0.247,0,1,0.247,-8.376,-13.864,-4.952,0.048,1.185,2,14,0,0.329,0,0,2.463,-4.095,-0.571,-4.497,0.503,0.027,2,4,0,0.271,0,1,2.006,0.705,16.117,20,601,0.659,-8.747,-9.921,0.992,0.125
136.0,0.170,-0.196,-4.281,0.719,0.000,2,12,0,0.659,0,1,0.012,-6.741,-6.693,-5.256,-0.256,0.948,2,14,0,0.190,0,0,0.527,1.858,-20.166,-3.907,1.093,0.106,2,4,0,0.268,336,1,26.867,-6.430,-9.245,-4.325,0.675,1.057,2,14,0,0.247,0,0,1.687,-3.439,3.888,-3.809,1.191,0.038,2,4,0,0.261,265,1,14.978,-9.168,-5.680,-5.508,-0.508,1.201,2,14,0,0.286,0,0,4.286,-2.911,3.515,-3.862,1.138,0.000,2,12,0,0.247,0,1,0.247,-7.778,-14.898,-4.972,0.028,1.234,2,14,0,0.310,0,0,3.364,-4.157,-0.548,-4.531,0.469,0.040,2,4,0,0.271,0,1,2.006,0.649,15.477,21,601,0.659,-7.763,-9.747,0.975,0.224
137.0,0.170,-0.196,-4.248,0.752,0.000,2,12,0,0.659,0,1,0.012,-5.777,-6.411,-5.257,-0.257,1.034,2,14,0,0.196,0,0,0.524,1.781,-20.164,-3.931,1.069,0.051,2,4,0,0.268,336,1,26.867,-4.800,-9.618,-4.541,0.459,9.038,2,14,4,0.784,4,1,1.399,-3.486,3.901,-3.787,1.213,0.053,2,4,0,0.261,265,1,14.978,-8.726,-5.632,-5.161,-0.161,7.413,2,14,4,0.948,4,1,4.279,-2.911,3.515,-3.770,1.230,0.000,2,12,0,0.247,0,1,0.247,-6.750,-15.781,-4.979,0.021,1.428,2,14,0,0.310,0,0,4.104,-4.085,-0.630,-4.481,0.519,0.074,2,4,0,0.271,0,1,2.006,0.692,14.791,22,609,0.948,-6.801,-9.475,0.947,0.320
138.0,0.170,-0.196,-4.210,0.790,0.000,2,12,0,0.659,0,1,0.012,-4.765,-6.136,-5.251,-0.251,1.122,2,14,0,0.282,0,0,0.630,1.732,-20.177,-3.866,1.134,0.129,2,4,0,0.268,336,1,26.867,0.178,-12.600,-4.119,0.881,4.760,2,14,4,0.855,54,1,1.399,-3.527,3.873,-3.766,1.234,0.054,2,4,0,0.261,265,1,14.978,-10.473,-3.306,-1.331,3.669,1.777,2,14,4,0.534,54,1,4.279,-2.911,3.515,-3.689,1.311,0.000,2,12,0,0.247,0,1,0.247,-5.342,-16.380,-4.950,0.050,1.724,2,14,0,0.291,0,0,4.634,-4.027,-0.632,-4.511,0.489,0.066,2,4,0,0.271,0,1,2.006,0.717,14.038,23,709,0.855,-5.871,-9.108,0.911,0.413
139.0,0.170,-0.196,-4.166,0.834,0.000,2,12,0,0.659,0,1,0.012,-3.885,-5.999,-5.209,-0.209,0.927,2,14,0,0.272,0,0,0.774,1.749,-20.153,-3.883,1.117,0.143,2,4,0,0.268,336,1,26.867,-1.879,-10.605,-1.443,3.557,0.380,2,14,4,0.386,104,1,1.399,-3.510,3.910,-3.759,1.241,0.070,2,4,0,0.261,265,1,14.978,-9.899,-3.376,-2.681,2.319,0.458,2,14,0,0.387,57,0,7.988,-2.911,3.515,-3.592,1.408,0.000,2,12,0,0.247,0,1,0.247,-3.371,-16.806,-4.956,0.044,2.132,2,14,0,0.292,0,0,5.090,-4.086,-0.576,-4.532,0.468,0.054,2,4,0,0.271,0,1,2.006,0.737,13.333,24,762,0.659,-4.983,-8.650,0.865,0.502
140.0,0.170,-0.196,-4.116,0.884,0.000,2,12,0,0.659,0,1,0.012,-3.216,-5.522,-5.203,-0.203,0.938,2,14,0,0.345,0,0,0.713,1.737,-20.207,-3.870,1.130,0.133,2,4,0,0.268,336,1,26.867,-2.189,-7.650,-1.166,3.834,1.260,2,14,0,0.334,109,0,1.094,-3.440,3.946,-3.840,1.160,0.016,2,4,0,0.261,265,1,14.978,-10.250,-3.024,-4.873,0.127,0.544,2,14,0,0.230,57,0,9.085,-2.911,3.515,-3.471,1.529,0.000,2,12,0,0.247,0,1,0.247,-1.092,-16.964,-4.973,0.027,2.175,2,14,0,0.516,0,0,5.675,-4.106,-0.531,-4.565,0.435,0.023,2,4,0,0.271,0,1,2.006,0.776,12.609,25,767,0.659,-4.144,-8.106,0.811,0.586
141.0,0.170,-0.196,-4.061,0.939,0.000,2,12,0,0.659,0,1,0.012,-2.610,-4.712,-5.215,-0.215,1.141,2,14,0,0.317,0,0,0.460,1.751,-20.166,-3.872,1.128,0.145,2,4,0,0.268,336,1,26.867,0.093,-6.576,-3.002,1.998,1.791,2,14,0,0.292,109,0,1.066,-3.367,3.933,-3.828,1.172,0.068,2,4,0,0.261,265,1,14.978,-10.636,-2.641,-6.122,-1.122,0.568,2,14,0,0.297,60,0,10.172,-2.911,3.515,-3.326,1.674,0.000,2,12,0,0.247,0,1,0.247,1.023,-16.733,-5.033,-0.033,2.091,2,14,0,0.261,0,0,6.285,-4.087,-0.594,-4.506,0.494,0.031,2,4,0,0.271,0,1,2.006,0.796,11.801,26,770,0.659,-3.364,-7.481,0.748,0.664
142.0,0.170,-0.196,-4.001,0.999,0.000,2,12,0,0.659,0,1,0.012,-2.195,-3.569,-5.251,-0.251,1.334,2,14,0,0.233,0,0,0.064,1.818,-20.185,-3.960,1.040,0.145,2,4,0,0.268,336,1,26.867,2.951,-6.810,-4.114,0.886,2.069,2,14,0,0.277,109,0,2.633,-3.505,3.960,-3.771,1.229,0.070,2,4,0,0.261,265,1,14.978,-10.908,-2.282,-6.324,-1.324,0.380,2,14,0,0.252,83,0,11.095,-2.911,3.515,-3.161,1.839,0.000,2,12,0,0.247,0,1,0.247,2.884,-16.025,-5.007,-0.007,2.048,2,14,0,0.328,0,0,6.674,-4.010,-0.603,-4.473,0.527,0.031,2,4,0,0.271,0,1,2.006,0.962,11.357,27,793,0.659,-2.650,-6.781,0.678,0.735
143.0,0.170,-0.196,-3.935,1.065,0.000,2,12,0,0.659,0,1,0.012,-1.786,-2.288,-5.176,-0.176,1.275,2,14,0,0.248,0,0,0.627,1.897,-20.146,-3.933,1.067,0.072,2,4,0,0.268,336,1,26.867,6.046,-7.658,-4.651,0.349,2.330,2,14,0,0.280,109,0,5.320,-3.536,3.958,-3.749,1.251,0.036,2,4,0,0.261,265,1,14.978,-11.047,-1.962,-6.425,-1.425,0.296,2,14,4,0.406,110,1,11.778,-2.911,3.515,-2.971,2.029,0.000,2,12,0,0.247,0,1,0.247,4.606,-14.909,-5.006,-0.006,2.102,2,14,0,0.267,0,0,6.908,-3.964,-0.530,-4.513,0.487,0.077,2,4,0,0.271,0,1,2.006,1.092,12.082,28,820,0.659,-2.010,-6.013,0.601,0.799
144.0,0.170,-0.196,-3.862,1.138,0.000,2,12,0,0.659,0,1,0.012,-1.395,-1.252,-5.220,-0.220,1.047,2,14,0,0.277,0,0,0.902,1.864,-20.180,-3.899,1.101,0.003,2,4,0,0.268,336,1,26.867,9.248,-8.821,-4.605,0.395,2.489,2,14,0,0.274,109,0,8.505,-3.482,3.904,-3.789,1.211,0.030,2,4,0,0.261,265,1,14.978,-11.284,-1.594,-6.152,-1.152,0.706,2,12,0,0.256,117,0,12.028,-2.911,3.515,-2.757,2.243,0.000,2,12,0,0.247,0,1,0.247,6.187,-13.246,-4.932,0.068,2.287,2,14,0,0.256,0,0,6.922,-4.026,-0.542,-4.547,0.453,0.063,2,4,0,0.271,0,1,2.006,1.242,12.848,29,827,0.659,-1.450,-5.186,0.519,0.855
145.0,0.170,-0.196,-3.784,1.216,0.000,2,12,0,0.659,0,1,0.012,-1.139,-0.460,-5.249,-0.249,0.547,2,14,0,0.193,0,1,0.964,1.802,-20.153,-3.853,1.147,0.062,2,4,0,0.268,336,1,26.867,12.313,-10.140,-4.597,0.403,2.522,2,14,0,0.283,109,0,11.839,-3.468,3.905,-3.792,1.208,0.044,2,4,0,0.261,265,1,14.978,-12.041,-0.925,-5.560,-0.560,1.338,2,12,0,0.256,117,0,12.028,-2.911,3.515,-2.518,2.482,0.000,2,12,0,0.247,0,1,0.247,7.363,-11.068,-4.956,0.044,2.578,2,14,0,0.286,0,0,6.657,-4.048,-0.512,-4.496,0.504,0.043,2,4,0,0.271,0,1,2.006,1.444,14.072,30,827,0.659,-0.975,-4.306,0.431,0.903
146.0,0.170,-0.196,-3.701,1.299,0.000,2,12,0,0.659,0,1,0.012,-1.176,-0.192,-5.225,-0.225,0.098,2,14,0,0.271,0,1,1.083,1.864,-20.158,-3.853,1.147,0.091,2,4,0,0.268,336,1,26.867,15.036,-11.516,-4.524,0.476,2.411,2,14,0,0.276,109,0,15.029,-3.495,3.918,-3.849,1.151,0.024,2,4,0,0.261,265,1,14.978,33.480,-34.065,-4.723,0.277,4.044,2,12,0,0.256,117,0,12.028,-2.911,3.514,-2.262,2.738,0.000,2,12,0,0.247,0,1,0.247,8.291,-8.449,-5.010,-0.010,2.831,2,14,0,0.339,0,0,6.434,-4.082,-0.519,-4.530,0.470,0.037,2,4,0,0.271,0,1,2.006,1.739,45.823,30,827,0.659,-0.590,-3.384,0.338,0.941
147.0,0.170,-0.196,-3.612,1.388,0.000,2,12,0,0.659,0,1,0.012,-1.228,-0.231,-5.289,-0.289,0.121,2,14,0,0.328,0,1,1.703,1.849,-20.151,-3.888,1.112,0.051,2,4,0,0.268,336,1,26.867,17.478,-12.782,-4.404,0.596,2.199,2,14,0,0.267,109,0,18.029,-3.451,3.914,-3.855,1.145,0.044,2,4,0,0.261,265,1,14.978,35.958,-35.504,-4.538,0.462,1.401,2,14,0,0.256,117,0,12.028,-2.911,3.514,-1.980,3.020,0.000,2,12,0,0.247,0,1,0.247,8.863,-5.775,-5.029,-0.029,2.664,2,14,0,0.259,0,0,6.432,-4.028,-0.563,-4.493,0.507,0.022,2,4,0,0.271,0,1,2.006,1.992,49.067,30,827,0.659,-0.299,-2.427,0.243,0.970
148.0,0.170,-0.196,-3.518,1.482,0.000,2,12,0,0.659,0,1,0.012,-1.238,-0.370,-5.275,-0.275,0.154,2,14,0,0.299,0,1,2.620,1.874,-20.170,-3.874,1.126,0.056,2,4,0,0.268,336,1,26.867,19.637,-13.862,-4.255,0.745,1.781,2,14,0,0.251,109,1,20.833,-3.439,3.918,-3.806,1.194,0.030,2,4,0,0.261,265,1,14.978,36.549,-35.598,-4.805,0.195,0.164,2,14,0,0.261,117,1,50.250,-2.911,3.514,-1.680,3.320,0.000,2,12,0,0.247,0,1,0.247,9.025,-3.282,-4.986,0.014,2.485,2,14,0,0.254,0,0,6.542,-4.058,-0.580,-4.541,0.459,0.031,2,4,0,0.271,0,1,2.006,2.227,50.128,30,827,0.659,-0.105,-1.447,0.145,0.989
149.0,0.170,-0.196,-3.418,1.582,0.000,2,12,0,0.659,0,1,0.012,-1.315,-0.476,-5.122,-0.122,0.150,2,14,0,0.272,0,1,3.632,1.870,-20.152,-3.903,1.097,0.037,2,4,0,0.268,336,1,26.867,20.608,-14.343,-4.159,0.841,0.302,2,14,0,0.253,109,1,22.448,-3.432,3.930,-3.738,1.262,0.040,2,4,0,0.261,265,1,14.978,36.616,-35.462,-4.465,0.535,0.140,2,14,0,0.261,117,1,50.586,-2.911,3.514,-1.354,3.646,0.000,2,12,0,0.247,0,1,0.247,8.789,-0.966,-4.953,0.047,2.325,2,14,0,0.258,0,0,6.632,-4.119,-0.548,-4.473,0.527,0.022,2,4,0,0.271,0,1,2.006,2.277,50.750,30,827,0.659,-0.010,-0.452,0.045,0.999
