t,d0_x,d0_y,d0_z,d0_poserr,d0_solve_ms,d1_x,d1_y,d1_z,d1_poserr,d1_solve_ms,leader_x,leader_y,leader_z,formation_max_err,min_spacing
0.0000,0.0000,0.0000,-10.0000,0.0000,0.1226,-3.0000,0.0000,-10.0000,0.0000,0.0862,0.0000,0.0000,-5.0000,0.0000,3.0000
0.0500,0.0000,0.0000,-10.0000,0.0000,0.0686,-3.0000,0.0000,-10.0000,0.0000,0.0669,0.0000,0.0000,-5.0000,0.0000,3.0000
0.1000,0.0000,0.0000,-10.0000,0.0000,0.0629,-3.0000,0.0000,-10.0000,0.0000,0.0624,0.0000,0.0000,-5.0000,0.0000,3.0000
0.1500,0.0000,0.0000,-10.0000,0.0000,0.0617,-3.0000,0.0000,-10.0000,0.0000,0.0614,0.0000,0.0000,-5.0000,0.0000,3.0000
0.2000,0.0000,0.0000,-10.0000,0.0000,0.0448,-3.0000,0.0000,-10.0000,0.0000,0.0447,0.0000,0.0000,-5.0000,0.0000,3.0000
0.2500,0.0000,0.0000,-10.0000,0.0000,0.0484,-3.0000,0.0000,-10.0000,0.0000,0.0500,0.0000,0.0000,-5.0000,0.0000,3.0000
0.3000,0.0000,0.0000,-10.0000,0.0000,0.0499,-3.0000,0.0000,-10.0000,0.0000,0.0486,0.0000,0.0000,-5.0000,0.0000,3.0000
0.3500,0.0000,0.0000,-10.0000,0.0000,0.0449,-3.0000,0.0000,-10.0000,0.0000,0.0449,0.0000,0.0000,-5.0000,0.0000,3.0000
0.4000,0.0000,0.0000,-10.0000,0.0000,0.0445,-3.0000,0.0000,-10.0000,0.0000,0.0450,0.0000,0.0000,-5.0000,0.0000,3.0000
0.4500,0.0000,0.0000,-10.0000,0.0000,0.0449,-3.0000,0.0000,-10.0000,0.0000,0.0459,0.0000,0.0000,-5.0000,0.0000,3.0000
0.5000,0.0000,0.0000,-10.0000,0.0000,0.0446,-3.0000,0.0000,-10.0000,0.0000,0.0425,0.0000,0.0000,-5.0000,0.0000,3.0000
0.5500,0.0000,0.0000,-10.0000,0.0000,0.0425,-3.0000,0.0000,-10.0000,0.0000,0.0420,0.0000,0.0000,-5.0000,0.0000,3.0000
0.6000,0.0000,0.0000,-10.0000,0.0000,0.0421,-3.0000,0.0000,-10.0000,0.0000,0.0445,0.0000,0.0000,-5.0000,0.0000,3.0000
0.6500,0.0000,0.0000,-10.0000,0.0000,0.0447,-3.0000,0.0000,-10.0000,0.0000,0.0425,0.0000,0.0000,-5.0000,0.0000,3.0000
0.7000,0.0000,0.0000,-10.0000,0.0000,0.0429,-3.0000,0.0000,-10.0000,0.0000,0.0491,0.0000,0.0000,-5.0000,0.0000,3.0000
0.7500,0.0000,0.0000,-10.0000,0.0000,0.0475,-3.0000,0.0000,-10.0000,0.0000,0.0488,0.0000,0.0000,-5.0000,0.0000,3.0000
0.8000,0.0000,0.0000,-10.0000,0.0000,0.0449,-3.0000,0.0000,-10.0000,0.0000,0.0443,0.0000,0.0000,-5.0000,0.0000,3.0000
0.8500,0.0000,0.0000,-10.0000,0.0000,0.0433,-3.0000,0.0000,-10.0000,0.0000,0.0428,0.0000,0.0000,-5.0000,0.0000,3.0000
0.9000,0.0000,0.0000,-10.0000,0.0000,0.0425,-3.0000,0.0000,-10.0000,0.0000,0.0423,0.0000,0.0000,-5.0000,0.0000,3.0000
0.9500,0.0000,0.0000,-10.0000,0.0000,0.0421,-3.0000,0.0000,-10.0000,0.0000,0.0531,0.0000,0.0000,-5.0000,0.0000,3.0000
1.0000,0.0000,0.0000,-10.0000,0.0000,0.0447,-3.0000,0.0000,-10.0000,0.0000,0.0420,0.0000,0.0000,-5.0000,0.0000,3.0000
1.0500,0.0000,0.0000,-10.0000,0.0000,0.0421,-3.0000,0.0000,-10.0000,0.0000,0.0427,0.0000,0.0000,-5.0000,0.0000,3.0000
1.1000,0.0000,0.0000,-10.0000,0.0000,0.0422,-3.0000,0.0000,-10.0000,0.0000,0.0423,0.0000,0.0000,-5.0000,0.0000,3.0000
1.1500,0.0000,0.0000,-10.0000,0.0000,0.0425,-3.0000,0.0000,-10.0000,0.0000,0.0429,0.0000,0.0000,-5.0000,0.0000,3.0000
1.2000,0.0000,0.0000,-10.0000,0.0000,0.0446,-3.0000,0.0000,-10.0000,0.0000,0.0446,0.0000,0.0000,-5.0000,0.0000,3.0000
1.2500,0.0000,0.0000,-10.0000,0.0000,0.0424,-3.0000,0.0000,-10.0000,0.0000,0.0424,0.0000,0.0000,-5.0000,0.0000,3.0000
1.3000,0.0000,0.0000,-10.0000,0.0000,0.0431,-3.0000,0.0000,-10.0000,0.0000,0.0422,0.0000,0.0000,-5.0000,0.0000,3.0000
1.3500,0.0000,0.0000,-10.0000,0.0000,0.0423,-3.0000,0.0000,-10.0000,0.0000,0.0439,0.0000,0.0000,-5.0000,0.0000,3.0000
1.4000,0.0000,0.0000,-10.0000,0.0000,0.0446,-3.0000,0.0000,-10.0000,0.0000,0.0422,0.0000,0.0000,-5.0000,0.0000,3.0000
1.4500,0.0000,0.0000,-10.0000,0.0000,0.0420,-3.0000,0.0000,-10.0000,0.0000,0.0421,0.0000,0.0000,-5.0000,0.0000,3.0000
1.5000,0.0000,0.0000,-10.0000,0.0000,0.0419,-3.0000,0.0000,-10.0000,0.0000,0.0430,0.0000,0.0000,-5.0000,0.0000,3.0000
1.5500,0.0000,0.0000,-10.0000,0.0000,0.0420,-3.0000,0.0000,-10.0000,0.0000,0.0422,0.0000,0.0000,-5.0000,0.0000,3.0000
1.6000,0.0000,0.0000,-10.0000,0.0000,0.0445,-3.0000,0.0000,-10.0000,0.0000,0.0434,0.0000,0.0000,-5.0000,0.0000,3.0000
1.6500,0.0000,0.0000,-10.0000,0.0000,0.0421,-3.0000,0.0000,-10.0000,0.0000,0.0420,0.0000,0.0000,-5.0000,0.0000,3.0000
1.7000,0.0000,0.0000,-10.0000,0.0000,0.0424,-3.0000,0.0000,-10.0000,0.0000,0.0423,0.0000,0.0000,-5.0000,0.0000,3.0000
1.7500,0.0000,0.0000,-10.0000,0.0000,0.0432,-3.0000,0.0000,-10.0000,0.0000,0.0424,0.0000,0.0000,-5.0000,0.0000,3.0000
1.8000,0.0000,0.0000,-10.0000,0.0000,0.0421,-3.0000,0.0000,-10.0000,0.0000,0.0456,0.0000,0.0000,-5.0000,0.0000,3.0000
1.8500,0.0000,0.0000,-10.0000,0.0000,0.0425,-3.0000,0.0000,-10.0000,0.0000,0.0424,0.0000,0.0000,-5.0000,0.0000,3.0000
1.9000,0.0000,0.0000,-10.0000,0.0000,0.0424,-3.0000,0.0000,-10.0000,0.0000,0.0428,0.0000,0.0000,-5.0000,0.0000,3.0000
1.9500,0.0000,0.0000,-10.0000,0.0000,0.0424,-3.0000,0.0000,-10.0000,0.0000,0.0435,0.0000,0.0000,-5.0000,0.0000,3.0000
2.0000,0.0000,0.0000,-10.0000,0.0000,0.0431,-3.0000,0.0000,-10.0000,0.0000,0.0458,0.0000,0.0000,-5.0000,0.0000,3.0000
2.0500,0.0000,0.0000,-10.0000,0.0000,0.0422,-3.0000,0.0000,-10.0000,0.0000,0.0427,0.0000,0.0000,-5.0000,0.0000,3.0000
2.1000,0.0000,0.0000,-10.0000,0.0000,0.0424,-3.0000,0.0000,-10.0000,0.0000,0.0425,0.0000,0.0000,-5.0000,0.0000,3.0000
2.1500,0.0000,0.0000,-10.0000,0.0000,0.0424,-3.0000,0.0000,-10.0000,0.0000,0.0426,0.0000,0.0000,-5.0000,0.0000,3.0000
2.2000,0.0000,0.0000,-10.0000,0.0000,0.0442,-3.0000,0.0000,-10.0000,0.0000,0.0450,0.0000,0.0000,-5.0000,0.0000,3.0000
2.2500,0.0000,0.0000,-10.0000,0.0000,0.0425,-3.0000,0.0000,-10.0000,0.0000,0.0423,0.0000,0.0000,-5.0000,0.0000,3.0000
2.3000,0.0000,0.0000,-10.0000,0.0000,0.0426,-3.0000,0.0000,-10.0000,0.0000,0.0453,0.0000,0.0000,-5.0000,0.0000,3.0000
2.3500,0.0000,0.0000,-10.0000,0.0000,0.0446,-3.0000,0.0000,-10.0000,0.0000,0.0446,0.0000,0.0000,-5.0000,0.0000,3.0000
2.4000,0.0000,0.0000,-10.0000,0.0000,0.0448,-3.0000,0.0000,-10.0000,0.0000,0.0458,0.0000,0.0000,-5.0000,0.0000,3.0000
2.4500,0.0000,0.0000,-10.0000,0.0000,0.0424,-3.0000,0.0000,-10.0000,0.0000,0.0424,0.0000,0.0000,-5.0000,0.0000,3.0000
2.5000,0.0000,0.0000,-10.0000,0.0000,0.0446,-3.0000,0.0000,-10.0000,0.0000,0.0444,0.0000,0.0000,-5.0000,0.0000,3.0000
2.5500,0.0000,0.0000,-10.0000,0.0000,0.0448,-3.0000,0.0000,-10.0000,0.0000,0.0446,0.0000,0.0000,-5.0000,0.0000,3.0000
2.6000,0.0000,0.0000,-10.0000,0.0000,0.0445,-3.0000,0.0000,-10.0000,0.0000,0.0442,0.0000,0.0000,-5.0000,0.0000,3.0000
2.6500,0.0000,0.0000,-10.0000,0.0000,0.0424,-3.0000,0.0000,-10.0000,0.0000,0.0421,0.0000,0.0000,-5.0000,0.0000,3.0000
2.7000,0.0000,0.0000,-10.0000,0.0000,0.0424,-3.0000,0.0000,-10.0000,0.0000,0.0421,0.0000,0.0000,-5.0000,0.0000,3.0000
2.7500,0.0000,0.0000,-10.0000,0.0000,0.0422,-3.0000,0.0000,-10.0000,0.0000,0.0420,0.0000,0.0000,-5.0000,0.0000,3.0000
2.8000,0.0000,0.0000,-10.0000,0.0000,0.0433,-3.0000,0.0000,-10.0000,0.0000,0.0448,0.0000,0.0000,-5.0000,0.0000,3.0000
2.8500,0.0000,0.0000,-10.0000,0.0000,0.0420,-3.0000,0.0000,-10.0000,0.0000,0.0429,0.0000,0.0000,-5.0000,0.0000,3.0000
2.9000,0.0000,0.0000,-10.0000,0.0000,0.0418,-3.0000,0.0000,-10.0000,0.0000,0.0422,0.0000,0.0000,-5.0000,0.0000,3.0000
2.9500,0.0000,0.0000,-10.0000,0.0000,0.0418,-3.0000,0.0000,-10.0000,0.0000,0.0417,0.0000,0.0000,-5.0000,0.0000,3.0000
3.0000,0.0000,0.0000,-10.0000,0.0000,0.0419,-3.0000,0.0000,-10.0000,0.0000,0.0442,0.0000,0.0000,-5.0000,0.0000,3.0000
3.0500,0.0000,0.0000,-10.0000,0.0000,0.0428,-3.0000,0.0000,-10.0000,0.0000,0.0419,0.0000,0.0000,-5.0000,0.0000,3.0000
3.1000,0.0000,0.0000,-10.0000,0.0000,0.0434,-3.0000,0.0000,-10.0000,0.0000,0.0422,0.0000,0.0000,-5.0000,0.0000,3.0000
3.1500,0.0000,0.0000,-10.0000,0.0000,0.0421,-3.0000,0.0000,-10.0000,0.0000,0.0425,0.0000,0.0000,-5.0000,0.0000,3.0000
3.2000,0.0000,0.0000,-10.0000,0.0000,0.0418,-3.0000,0.0000,-10.0000,0.0000,0.0428,0.0000,0.0000,-5.0000,0.0000,3.0000
3.2500,0.0000,0.0000,-10.0000,0.0000,0.0443,-3.0000,0.0000,-10.0000,0.0000,0.0444,0.0000,0.0000,-5.0000,0.0000,3.0000
3.3000,0.0000,0.0000,-10.0000,0.0000,0.0442,-3.0000,0.0000,-10.0000,0.0000,0.0449,0.0000,0.0000,-5.0000,0.0000,3.0000
3.3500,0.0000,0.0000,-10.0000,0.0000,0.0454,-3.0000,0.0000,-10.0000,0.0000,0.0452,0.0000,0.0000,-5.0000,0.0000,3.0000
3.4000,0.0000,0.0000,-10.0000,0.0000,0.0453,-3.0000,0.0000,-10.0000,0.0000,0.0448,0.0000,0.0000,-5.0000,0.0000,3.0000
3.4500,0.0000,0.0000,-10.0000,0.0000,0.0445,-3.0000,0.0000,-10.0000,0.0000,0.0443,0.0000,0.0000,-5.0000,0.0000,3.0000
3.5000,0.0000,0.0000,-10.0000,0.0000,0.0444,-3.0000,0.0000,-10.0000,0.0000,0.0447,0.0000,0.0000,-5.0000,0.0000,3.0000
3.5500,0.0000,0.0000,-10.0000,0.0000,0.0452,-3.0000,0.0000,-10.0000,0.0000,0.0443,0.0000,0.0000,-5.0000,0.0000,3.0000
3.6000,0.0000,0.0000,-10.0000,0.0000,0.0440,-3.0000,0.0000,-10.0000,0.0000,0.0440,0.0000,0.0000,-5.0000,0.0000,3.0000
3.6500,0.0000,0.0000,-10.0000,0.0000,0.0445,-3.0000,0.0000,-10.0000,0.0000,0.0447,0.0000,0.0000,-5.0000,0.0000,3.0000
3.7000,0.0000,0.0000,-10.0000,0.0000,0.0444,-3.0000,0.0000,-10.0000,0.0000,0.0442,0.0000,0.0000,-5.0000,0.0000,3.0000
3.7500,0.0000,0.0000,-10.0000,0.0000,0.0447,-3.0000,0.0000,-10.0000,0.0000,0.0420,0.0000,0.0000,-5.0000,0.0000,3.0000
3.8000,0.0000,0.0000,-10.0000,0.0000,0.0423,-3.0000,0.0000,-10.0000,0.0000,0.0443,0.0000,0.0000,-5.0000,0.0000,3.0000
3.8500,0.0000,0.0000,-10.0000,0.0000,0.0421,-3.0000,0.0000,-10.0000,0.0000,0.0422,0.0000,0.0000,-5.0000,0.0000,3.0000
3.9000,0.0000,0.0000,-10.0000,0.0000,0.0421,-3.0000,0.0000,-10.0000,0.0000,0.0435,0.0000,0.0000,-5.0000,0.0000,3.0000
3.9500,0.0000,0.0000,-10.0000,0.0000,0.0433,-3.0000,0.0000,-10.0000,0.0000,0.0430,0.0000,0.0000,-5.0000,0.0000,3.0000
4.0000,0.0000,0.0000,-10.0000,0.0000,0.0419,-3.0000,0.0000,-10.0000,0.0000,0.0418,0.0000,0.0000,-5.0000,0.0000,3.0000
4.0500,0.0000,0.0000,-10.0000,0.0000,0.0442,-3.0000,0.0000,-10.0000,0.0000,0.0422,0.0000,0.0000,-5.0000,0.0000,3.0000
4.1000,0.0000,0.0000,-10.0000,0.0000,0.0422,-3.0000,0.0000,-10.0000,0.0000,0.0421,0.0000,0.0000,-5.0000,0.0000,3.0000
4.1500,0.0000,0.0000,-10.0000,0.0000,0.0421,-3.0000,0.0000,-10.0000,0.0000,0.0421,0.0000,0.0000,-5.0000,0.0000,3.0000
4.2000,0.0000,0.0000,-10.0000,0.0000,0.0426,-3.0000,0.0000,-10.0000,0.0000,0.0447,0.0000,0.0000,-5.0000,0.0000,3.0000
4.2500,0.0000,0.0000,-10.0000,0.0000,0.0448,-3.0000,0.0000,-10.0000,0.0000,0.0418,0.0000,0.0000,-5.0000,0.0000,3.0000
4.3000,0.0000,0.0000,-10.0000,0.0000,0.0422,-3.0000,0.0000,-10.0000,0.0000,0.0422,0.0000,0.0000,-5.0000,0.0000,3.0000
4.3500,0.0000,0.0000,-10.0000,0.0000,0.0416,-3.0000,0.0000,-10.0000,0.0000,0.0421,0.0000,0.0000,-5.0000,0.0000,3.0000
4.4000,0.0000,0.0000,-10.0000,0.0000,0.0418,-3.0000,0.0000,-10.0000,0.0000,0.0426,0.0000,0.0000,-5.0000,0.0000,3.0000
4.4500,0.0000,0.0000,-10.0000,0.0000,0.0442,-3.0000,0.0000,-10.0000,0.0000,0.0442,0.0000,0.0000,-5.0000,0.0000,3.0000
4.5000,0.0000,0.0000,-10.0000,0.0000,0.0417,-3.0000,0.0000,-10.0000,0.0000,0.0422,0.0000,0.0000,-5.0000,0.0000,3.0000
4.5500,0.0000,0.0000,-10.0000,0.0000,0.0424,-3.0000,0.0000,-10.0000,0.0000,0.0417,0.0000,0.0000,-5.0000,0.0000,3.0000
4.6000,0.0000,0.0000,-10.0000,0.0000,0.0419,-3.0000,0.0000,-10.0000,0.0000,0.0419,0.0000,0.0000,-5.0000,0.0000,3.0000
4.6500,0.0000,0.0000,-10.0000,0.0000,0.0449,-3.0000,0.0000,-10.0000,0.0000,0.0441,0.0000,0.0000,-5.0000,0.0000,3.0000
4.7000,0.0000,0.0000,-10.0000,0.0000,0.0420,-3.0000,0.0000,-10.0000,0.0000,0.0420,0.0000,0.0000,-5.0000,0.0000,3.0000
4.7500,0.0000,0.0000,-10.0000,0.0000,0.0419,-3.0000,0.0000,-10.0000,0.0000,0.0421,0.0000,0.0000,-5.0000,0.0000,3.0000
4.8000,0.0000,0.0000,-10.0000,0.0000,0.0419,-3.0000,0.0000,-10.0000,0.0000,0.0419,0.0000,0.0000,-5.0000,0.0000,3.0000
4.8500,0.0000,0.0000,-10.0000,0.0000,0.0437,-3.0000,0.0000,-10.0000,0.0000,0.0453,0.0000,0.0000,-5.0000,0.0000,3.0000
4.9000,0.0000,0.0000,-10.0000,0.0000,0.0446,-3.0000,0.0000,-10.0000,0.0000,0.0417,0.0000,0.0000,-5.0000,0.0000,3.0000
4.9500,0.0000,0.0000,-10.0000,0.0000,0.0424,-3.0000,0.0000,-10.0000,0.0000,0.0422,0.0000,0.0000,-5.0000,0.0000,3.0000
5.0000,0.0000,0.0000,-10.0000,0.0000,0.0421,-3.0000,0.0000,-10.0000,0.0000,0.0423,0.0000,0.0000,-5.0000,0.0000,3.0000
5.0500,0.0000,0.0000,-10.0000,0.0000,0.0439,-3.0000,0.0000,-10.0000,0.0000,0.0444,0.0000,0.0000,-5.0000,0.0000,3.0000
5.1000,0.0000,0.0000,-10.0000,0.0000,0.0425,-3.0000,0.0000,-10.0000,0.0000,0.0425,0.0000,0.0000,-5.0000,0.0000,3.0000
5.1500,0.0000,0.0000,-10.0000,0.0000,0.0422,-3.0000,0.0000,-10.0000,0.0000,0.0423,0.0000,0.0000,-5.0000,0.0000,3.0000
5.2000,0.0000,0.0000,-10.0000,0.0000,0.0425,-3.0000,0.0000,-10.0000,0.0000,0.0423,0.0000,0.0000,-5.0000,0.0000,3.0000
5.2500,0.0000,0.0000,-10.0000,0.0000,0.0422,-3.0000,0.0000,-10.0000,0.0000,0.0422,0.0000,0.0000,-5.0000,0.0000,3.0000
5.3000,0.0000,0.0000,-10.0000,0.0000,0.0423,-3.0000,0.0000,-10.0000,0.0000,0.0423,0.0000,0.0000,-5.0000,0.0000,3.0000
5.3500,0.0000,0.0000,-10.0000,0.0000,0.0437,-3.0000,0.0000,-10.0000,0.0000,0.0422,0.0000,0.0000,-5.0000,0.0000,3.0000
5.4000,0.0000,0.0000,-10.0000,0.0000,0.0423,-3.0000,0.0000,-10.0000,0.0000,0.0421,0.0000,0.0000,-5.0000,0.0000,3.0000
5.4500,0.0000,0.0000,-10.0000,0.0000,0.0424,-3.0000,0.0000,-10.0000,0.0000,0.0421,0.0000,0.0000,-5.0000,0.0000,3.0000
5.5000,0.0000,0.0000,-10.0000,0.0000,0.0423,-3.0000,0.0000,-10.0000,0.0000,0.0424,0.0000,0.0000,-5.0000,0.0000,3.0000
5.5500,0.0000,0.0000,-10.0000,0.0000,0.0425,-3.0000,0.0000,-10.0000,0.0000,0.0435,0.0000,0.0000,-5.0000,0.0000,3.0000
5.6000,0.0000,0.0000,-10.0000,0.0000,0.0450,-3.0000,0.0000,-10.0000,0.0000,0.0451,0.0000,0.0000,-5.0000,0.0000,3.0000
5.6500,0.0000,0.0000,-10.0000,0.0000,0.0443,-3.0000,0.0000,-10.0000,0.0000,0.0461,0.0000,0.0000,-5.0000,0.0000,3.0000
5.7000,0.0000,0.0000,-10.0000,0.0000,0.0427,-3.0000,0.0000,-10.0000,0.0000,0.0417,0.0000,0.0000,-5.0000,0.0000,3.0000
5.7500,0.0000,0.0000,-10.0000,0.0000,0.0421,-3.0000,0.0000,-10.0000,0.0000,0.0423,0.0000,0.0000,-5.0000,0.0000,3.0000
5.8000,0.0000,0.0000,-10.0000,0.0000,0.0429,-3.0000,0.0000,-10.0000,0.0000,0.0444,0.0000,0.0000,-5.0000,0.0000,3.0000
5.8500,0.0000,0.0000,-10.0000,0.0000,0.0421,-3.0000,0.0000,-10.0000,0.0000,0.0420,0.0000,0.0000,-5.0000,0.0000,3.0000
5.9000,0.0000,0.0000,-10.0000,0.0000,0.0418,-3.0000,0.0000,-10.0000,0.0000,0.0424,0.0000,0.0000,-5.0000,0.0000,3.0000
5.9500,0.0000,0.0000,-10.0000,0.0000,0.0420,-3.0000,0.0000,-10.0000,0.0000,0.0420,0.0000,0.0000,-5.0000,0.0000,3.0000
6.0000,0.0000,0.0000,-10.0000,0.0000,0.0417,-3.0000,0.0000,-10.0000,0.0000,0.0427,0.0000,0.0000,-5.0000,0.0000,3.0000
6.0500,0.0000,0.0000,-10.0000,0.0000,0.0418,-3.0000,0.0000,-10.0000,0.0000,0.0420,0.0000,0.0000,-5.0000,0.0000,3.0000
6.1000,0.0000,0.0000,-10.0000,0.0000,0.0422,-3.0000,0.0000,-10.0000,0.0000,0.0446,0.0000,0.0000,-5.0000,0.0000,3.0000
6.1500,0.0000,0.0000,-10.0000,0.0000,0.0444,-3.0000,0.0000,-10.0000,0.0000,0.0445,0.0000,0.0000,-5.0000,0.0000,3.0000
6.2000,0.0000,0.0000,-10.0000,0.0000,0.0448,-3.0000,0.0000,-10.0000,0.0000,0.0451,0.0000,0.0000,-5.0000,0.0000,3.0000
6.2500,0.0000,0.0000,-10.0000,0.0000,0.0456,-3.0000,0.0000,-10.0000,0.0000,0.0450,0.0000,0.0000,-5.0000,0.0000,3.0000
6.3000,0.0000,0.0000,-10.0000,0.0000,0.0442,-3.0000,0.0000,-10.0000,0.0000,0.0443,0.0000,0.0000,-5.0000,0.0000,3.0000
6.3500,0.0000,0.0000,-10.0000,0.0000,0.0442,-3.0000,0.0000,-10.0000,0.0000,0.0444,0.0000,0.0000,-5.0000,0.0000,3.0000
6.4000,0.0000,0.0000,-10.0000,0.0000,0.0446,-3.0000,0.0000,-10.0000,0.0000,0.0445,0.0000,0.0000,-5.0000,0.0000,3.0000
6.4500,0.0000,0.0000,-10.0000,0.0000,0.0443,-3.0000,0.0000,-10.0000,0.0000,0.0451,0.0000,0.0000,-5.0000,0.0000,3.0000
6.5000,0.0000,0.0000,-10.0000,0.0000,0.0443,-3.0000,0.0000,-10.0000,0.0000,0.0441,0.0000,0.0000,-5.0000,0.0000,3.0000
6.5500,0.0000,0.0000,-10.0000,0.0000,0.0444,-3.0000,0.0000,-10.0000,0.0000,0.0440,0.0000,0.0000,-5.0000,0.0000,3.0000
6.6000,0.0000,0.0000,-10.0000,0.0000,0.0446,-3.0000,0.0000,-10.0000,0.0000,0.0447,0.0000,0.0000,-5.0000,0.0000,3.0000
6.6500,0.0000,0.0000,-10.0000,0.0000,0.0443,-3.0000,0.0000,-10.0000,0.0000,0.0442,0.0000,0.0000,-5.0000,0.0000,3.0000
6.7000,0.0000,0.0000,-10.0000,0.0000,0.0455,-3.0000,0.0000,-10.0000,0.0000,0.0448,0.0000,0.0000,-5.0000,0.0000,3.0000
6.7500,0.0000,0.0000,-10.0000,0.0000,0.0449,-3.0000,0.0000,-10.0000,0.0000,0.0452,0.0000,0.0000,-5.0000,0.0000,3.0000
6.8000,0.0000,0.0000,-10.0000,0.0000,0.0445,-3.0000,0.0000,-10.0000,0.0000,0.0442,0.0000,0.0000,-5.0000,0.0000,3.0000
6.8500,0.0000,0.0000,-10.0000,0.0000,0.0440,-3.0000,0.0000,-10.0000,0.0000,0.0441,0.0000,0.0000,-5.0000,0.0000,3.0000
6.9000,0.0000,0.0000,-10.0000,0.0000,0.0442,-3.0000,0.0000,-10.0000,0.0000,0.0449,0.0000,0.0000,-5.0000,0.0000,3.0000
6.9500,0.0000,0.0000,-10.0000,0.0000,0.0448,-3.0000,0.0000,-10.0000,0.0000,0.0444,0.0000,0.0000,-5.0000,0.0000,3.0000
7.0000,0.0000,0.0000,-10.0000,0.0000,0.0442,-3.0000,0.0000,-10.0000,0.0000,0.0443,0.0000,0.0000,-5.0000,0.0000,3.0000
7.0500,0.0000,0.0000,-10.0000,0.0000,0.0448,-3.0000,0.0000,-10.0000,0.0000,0.0446,0.0000,0.0000,-5.0000,0.0000,3.0000
7.1000,0.0000,0.0000,-10.0000,0.0000,0.0442,-3.0000,0.0000,-10.0000,0.0000,0.0445,0.0000,0.0000,-5.0000,0.0000,3.0000
7.1500,0.0000,0.0000,-10.0000,0.0000,0.0451,-3.0000,0.0000,-10.0000,0.0000,0.0457,0.0000,0.0000,-5.0000,0.0000,3.0000
7.2000,0.0000,0.0000,-10.0000,0.0000,0.0427,-3.0000,0.0000,-10.0000,0.0000,0.0426,0.0000,0.0000,-5.0000,0.0000,3.0000
7.2500,0.0000,0.0000,-10.0000,0.0000,0.0425,-3.0000,0.0000,-10.0000,0.0000,0.0426,0.0000,0.0000,-5.0000,0.0000,3.0000
7.3000,0.0000,0.0000,-10.0000,0.0000,0.0433,-3.0000,0.0000,-10.0000,0.0000,0.0423,0.0000,0.0000,-5.0000,0.0000,3.0000
7.3500,0.0000,0.0000,-10.0000,0.0000,0.0422,-3.0000,0.0000,-10.0000,0.0000,0.0428,0.0000,0.0000,-5.0000,0.0000,3.0000
7.4000,0.0000,0.0000,-10.0000,0.0000,0.0424,-3.0000,0.0000,-10.0000,0.0000,0.0420,0.0000,0.0000,-5.0000,0.0000,3.0000
7.4500,0.0000,0.0000,-10.0000,0.0000,0.0423,-3.0000,0.0000,-10.0000,0.0000,0.0454,0.0000,0.0000,-5.0000,0.0000,3.0000
7.5000,0.0000,0.0000,-10.0000,0.0000,0.0423,-3.0000,0.0000,-10.0000,0.0000,0.0426,0.0000,0.0000,-5.0000,0.0000,3.0000
7.5500,0.0000,0.0000,-10.0000,0.0000,0.0421,-3.0000,0.0000,-10.0000,0.0000,0.0423,0.0000,0.0000,-5.0000,0.0000,3.0000
7.6000,0.0000,0.0000,-10.0000,0.0000,0.0430,-3.0000,0.0000,-10.0000,0.0000,0.0424,0.0000,0.0000,-5.0000,0.0000,3.0000
7.6500,0.0000,0.0000,-10.0000,0.0000,0.0424,-3.0000,0.0000,-10.0000,0.0000,0.0426,0.0000,0.0000,-5.0000,0.0000,3.0000
7.7000,0.0000,0.0000,-10.0000,0.0000,0.0437,-3.0000,0.0000,-10.0000,0.0000,0.0446,0.0000,0.0000,-5.0000,0.0000,3.0000
7.7500,0.0000,0.0000,-10.0000,0.0000,0.0420,-3.0000,0.0000,-10.0000,0.0000,0.0421,0.0000,0.0000,-5.0000,0.0000,3.0000
7.8000,0.0000,0.0000,-10.0000,0.0000,0.0423,-3.0000,0.0000,-10.0000,0.0000,0.0440,0.0000,0.0000,-5.0000,0.0000,3.0000
7.8500,0.0000,0.0000,-10.0000,0.0000,0.0452,-3.0000,0.0000,-10.0000,0.0000,0.0421,0.0000,0.0000,-5.0000,0.0000,3.0000
7.9000,0.0000,0.0000,-10.0000,0.0000,0.0454,-3.0000,0.0000,-10.0000,0.0000,0.0462,0.0000,0.0000,-5.0000,0.0000,3.0000
7.9500,0.0000,0.0000,-10.0000,0.0000,0.0451,-3.0000,0.0000,-10.0000,0.0000,0.0427,0.0000,0.0000,-5.0000,0.0000,3.0000
8.0000,0.0000,0.0000,-10.0000,0.0000,0.0444,-3.0000,0.0000,-10.0000,0.0000,0.0423,0.0000,0.0000,-5.0000,0.0000,3.0000
8.0500,0.0000,0.0000,-10.0000,0.0000,0.0418,-3.0000,0.0000,-10.0000,0.0000,0.0430,0.0000,0.0000,-5.0000,0.0000,3.0000
8.1000,0.0000,0.0000,-10.0000,0.0000,0.0423,-3.0000,0.0000,-10.0000,0.0000,0.0454,0.0000,0.0000,-5.0000,0.0000,3.0000
8.1500,0.0000,0.0000,-10.0000,0.0000,0.0453,-3.0000,0.0000,-10.0000,0.0000,0.0446,0.0000,0.0000,-5.0000,0.0000,3.0000
8.2000,0.0000,0.0000,-10.0000,0.0000,0.0445,-3.0000,0.0000,-10.0000,0.0000,0.0442,0.0000,0.0000,-5.0000,0.0000,3.0000
8.2500,0.0000,0.0000,-10.0000,0.0000,0.0447,-3.0000,0.0000,-10.0000,0.0000,0.0444,0.0000,0.0000,-5.0000,0.0000,3.0000
8.3000,0.0000,0.0000,-10.0000,0.0000,0.0448,-3.0000,0.0000,-10.0000,0.0000,0.0427,0.0000,0.0000,-5.0000,0.0000,3.0000
8.3500,0.0000,0.0000,-10.0000,0.0000,0.0421,-3.0000,0.0000,-10.0000,0.0000,0.0418,0.0000,0.0000,-5.0000,0.0000,3.0000
8.4000,0.0000,0.0000,-10.0000,0.0000,0.0421,-3.0000,0.0000,-10.0000,0.0000,0.0419,0.0000,0.0000,-5.0000,0.0000,3.0000
8.4500,0.0000,0.0000,-10.0000,0.0000,0.0420,-3.0000,0.0000,-10.0000,0.0000,0.0420,0.0000,0.0000,-5.0000,0.0000,3.0000
8.5000,0.0000,0.0000,-10.0000,0.0000,0.0420,-3.0000,0.0000,-10.0000,0.0000,0.0453,0.0000,0.0000,-5.0000,0.0000,3.0000
8.5500,0.0000,0.0000,-10.0000,0.0000,0.0444,-3.0000,0.0000,-10.0000,0.0000,0.0416,0.0000,0.0000,-5.0000,0.0000,3.0000
8.6000,0.0000,0.0000,-10.0000,0.0000,0.0418,-3.0000,0.0000,-10.0000,0.0000,0.0416,0.0000,0.0000,-5.0000,0.0000,3.0000
8.6500,0.0000,0.0000,-10.0000,0.0000,0.0416,-3.0000,0.0000,-10.0000,0.0000,0.0421,0.0000,0.0000,-5.0000,0.0000,3.0000
8.7000,0.0000,0.0000,-10.0000,0.0000,0.0419,-3.0000,0.0000,-10.0000,0.0000,0.0417,0.0000,0.0000,-5.0000,0.0000,3.0000
8.7500,0.0000,0.0000,-10.0000,0.0000,0.0457,-3.0000,0.0000,-10.0000,0.0000,0.0433,0.0000,0.0000,-5.0000,0.0000,3.0000
8.8000,0.0000,0.0000,-10.0000,0.0000,0.0419,-3.0000,0.0000,-10.0000,0.0000,0.0420,0.0000,0.0000,-5.0000,0.0000,3.0000
8.8500,0.0000,0.0000,-10.0000,0.0000,0.0420,-3.0000,0.0000,-10.0000,0.0000,0.0416,0.0000,0.0000,-5.0000,0.0000,3.0000
8.9000,0.0000,0.0000,-10.0000,0.0000,0.0421,-3.0000,0.0000,-10.0000,0.0000,0.0422,0.0000,0.0000,-5.0000,0.0000,3.0000
8.9500,0.0000,0.0000,-10.0000,0.0000,0.0442,-3.0000,0.0000,-10.0000,0.0000,0.0454,0.0000,0.0000,-5.0000,0.0000,3.0000
9.0000,0.0000,0.0000,-10.0000,0.0000,0.0417,-3.0000,0.0000,-10.0000,0.0000,0.0419,0.0000,0.0000,-5.0000,0.0000,3.0000
9.0500,0.0000,0.0000,-10.0000,0.0000,0.0419,-3.0000,0.0000,-10.0000,0.0000,0.0418,0.0000,0.0000,-5.0000,0.0000,3.0000
9.1000,0.0000,0.0000,-10.0000,0.0000,0.0423,-3.0000,0.0000,-10.0000,0.0000,0.0422,0.0000,0.0000,-5.0000,0.0000,3.0000
9.1500,0.0000,0.0000,-10.0000,0.0000,0.0435,-3.0000,0.0000,-10.0000,0.0000,0.0447,0.0000,0.0000,-5.0000,0.0000,3.0000
9.2000,0.0000,0.0000,-10.0000,0.0000,0.0455,-3.0000,0.0000,-10.0000,0.0000,0.0445,0.0000,0.0000,-5.0000,0.0000,3.0000
9.2500,0.0000,0.0000,-10.0000,0.0000,0.0420,-3.0000,0.0000,-10.0000,0.0000,0.0416,0.0000,0.0000,-5.0000,0.0000,3.0000
9.3000,0.0000,0.0000,-10.0000,0.0000,0.0421,-3.0000,0.0000,-10.0000,0.0000,0.0418,0.0000,0.0000,-5.0000,0.0000,3.0000
9.3500,0.0000,0.0000,-10.0000,0.0000,0.0418,-3.0000,0.0000,-10.0000,0.0000,0.0439,0.0000,0.0000,-5.0000,0.0000,3.0000
9.4000,0.0000,0.0000,-10.0000,0.0000,0.0419,-3.0000,0.0000,-10.0000,0.0000,0.0428,0.0000,0.0000,-5.0000,0.0000,3.0000
9.4500,0.0000,0.0000,-10.0000,0.0000,0.0419,-3.0000,0.0000,-10.0000,0.0000,0.0420,0.0000,0.0000,-5.0000,0.0000,3.0000
9.5000,0.0000,0.0000,-10.0000,0.0000,0.0418,-3.0000,0.0000,-10.0000,0.0000,0.0419,0.0000,0.0000,-5.0000,0.0000,3.0000
9.5500,0.0000,0.0000,-10.0000,0.0000,0.0418,-3.0000,0.0000,-10.0000,0.0000,0.0453,0.0000,0.0000,-5.0000,0.0000,3.0000
9.6000,0.0000,0.0000,-10.0000,0.0000,0.0420,-3.0000,0.0000,-10.0000,0.0000,0.0421,0.0000,0.0000,-5.0000,0.0000,3.0000
9.6500,0.0000,0.0000,-10.0000,0.0000,0.0429,-3.0000,0.0000,-10.0000,0.0000,0.0417,0.0000,0.0000,-5.0000,0.0000,3.0000
9.7000,0.0000,0.0000,-10.0000,0.0000,0.0418,-3.0000,0.0000,-10.0000,0.0000,0.0421,0.0000,0.0000,-5.0000,0.0000,3.0000
9.7500,0.0000,0.0000,-10.0000,0.0000,0.0417,-3.0000,0.0000,-10.0000,0.0000,0.0416,0.0000,0.0000,-5.0000,0.0000,3.0000
9.8000,0.0000,0.0000,-10.0000,0.0000,0.0443,-3.0000,0.0000,-10.0000,0.0000,0.0420,0.0000,0.0000,-5.0000,0.0000,3.0000
9.8500,0.0000,0.0000,-10.0000,0.0000,0.0419,-3.0000,0.0000,-10.0000,0.0000,0.0428,0.0000,0.0000,-5.0000,0.0000,3.0000
9.9000,0.0000,0.0000,-10.0000,0.0000,0.0417,-3.0000,0.0000,-10.0000,0.0000,0.0431,0.0000,0.0000,-5.0000,0.0000,3.0000
9.9500,0.0000,0.0000,-10.0000,0.0000,0.0441,-3.0000,0.0000,-10.0000,0.0000,0.0419,0.0000,0.0000,-5.0000,0.0000,3.0000
10.0000,0.0000,0.0000,-10.0000,0.0000,0.0418,-3.0000,0.0000,-10.0000,0.0000,0.0444,0.0000,0.0000,-5.0000,0.0000,3.0000
10.0500,0.0000,0.0000,-10.0000,0.0000,0.0422,-3.0000,0.0000,-10.0000,0.0000,0.0417,0.0000,0.0000,-5.0000,0.0000,3.0000
10.1000,0.0000,0.0000,-10.0000,0.0000,0.0428,-3.0000,0.0000,-10.0000,0.0000,0.0420,0.0000,0.0000,-5.0000,0.0000,3.0000
10.1500,0.0000,0.0000,-10.0000,0.0000,0.0439,-3.0000,0.0000,-10.0000,0.0000,0.0446,0.0000,0.0000,-5.0000,0.0000,3.0000
10.2000,0.0000,0.0000,-10.0000,0.0000,0.0462,-3.0000,0.0000,-10.0000,0.0000,0.0430,0.0000,0.0000,-5.0000,0.0000,3.0000
10.2500,0.0000,0.0000,-10.0000,0.0000,0.0418,-3.0000,0.0000,-10.0000,0.0000,0.0418,0.0000,0.0000,-5.0000,0.0000,3.0000
10.3000,0.0000,0.0000,-10.0000,0.0000,0.0416,-3.0000,0.0000,-10.0000,0.0000,0.0420,0.0000,0.0000,-5.0000,0.0000,3.0000
10.3500,0.0000,0.0000,-10.0000,0.0000,0.0422,-3.0000,0.0000,-10.0000,0.0000,0.0419,0.0000,0.0000,-5.0000,0.0000,3.0000
10.4000,0.0000,0.0000,-10.0000,0.0000,0.0425,-3.0000,0.0000,-10.0000,0.0000,0.0452,0.0000,0.0000,-5.0000,0.0000,3.0000
10.4500,0.0000,0.0000,-10.0000,0.0000,0.0427,-3.0000,0.0000,-10.0000,0.0000,0.0421,0.0000,0.0000,-5.0000,0.0000,3.0000
10.5000,0.0000,0.0000,-10.0000,0.0000,0.0424,-3.0000,0.0000,-10.0000,0.0000,0.0424,0.0000,0.0000,-5.0000,0.0000,3.0000
10.5500,0.0000,0.0000,-10.0000,0.0000,0.0429,-3.0000,0.0000,-10.0000,0.0000,0.0424,0.0000,0.0000,-5.0000,0.0000,3.0000
10.6000,0.0000,0.0000,-10.0000,0.0000,0.0425,-3.0000,0.0000,-10.0000,0.0000,0.0423,0.0000,0.0000,-5.0000,0.0000,3.0000
10.6500,0.0000,0.0000,-10.0000,0.0000,0.0451,-3.0000,0.0000,-10.0000,0.0000,0.0423,0.0000,0.0000,-5.0000,0.0000,3.0000
10.7000,0.0000,0.0000,-10.0000,0.0000,0.0424,-3.0000,0.0000,-10.0000,0.0000,0.0423,0.0000,0.0000,-5.0000,0.0000,3.0000
10.7500,0.0000,0.0000,-10.0000,0.0000,0.0418,-3.0000,0.0000,-10.0000,0.0000,0.0419,0.0000,0.0000,-5.0000,0.0000,3.0000
10.8000,0.0000,0.0000,-10.0000,0.0000,0.0422,-3.0000,0.0000,-10.0000,0.0000,0.0419,0.0000,0.0000,-5.0000,0.0000,3.0000
10.8500,0.0000,0.0000,-10.0000,0.0000,0.0443,-3.0000,0.0000,-10.0000,0.0000,0.0425,0.0000,0.0000,-5.0000,0.0000,3.0000
10.9000,0.0000,0.0000,-10.0000,0.0000,0.0435,-3.0000,0.0000,-10.0000,0.0000,0.0423,0.0000,0.0000,-5.0000,0.0000,3.0000
10.9500,0.0000,0.0000,-10.0000,0.0000,0.0421,-3.0000,0.0000,-10.0000,0.0000,0.0425,0.0000,0.0000,-5.0000,0.0000,3.0000
11.0000,0.0000,0.0000,-10.0000,0.0000,0.0433,-3.0000,0.0000,-10.0000,0.0000,0.0425,0.0000,0.0000,-5.0000,0.0000,3.0000
11.0500,0.0000,0.0000,-10.0000,0.0000,0.0424,-3.0000,0.0000,-10.0000,0.0000,0.0444,0.0000,0.0000,-5.0000,0.0000,3.0000
11.1000,0.0000,0.0000,-10.0000,0.0000,0.0423,-3.0000,0.0000,-10.0000,0.0000,0.0414,0.0000,0.0000,-5.0000,0.0000,3.0000
11.1500,0.0000,0.0000,-10.0000,0.0000,0.0421,-3.0000,0.0000,-10.0000,0.0000,0.0419,0.0000,0.0000,-5.0000,0.0000,3.0000
11.2000,0.0000,0.0000,-10.0000,0.0000,0.0418,-3.0000,0.0000,-10.0000,0.0000,0.0421,0.0000,0.0000,-5.0000,0.0000,3.0000
11.2500,0.0000,0.0000,-10.0000,0.0000,0.0442,-3.0000,0.0000,-10.0000,0.0000,0.0456,0.0000,0.0000,-5.0000,0.0000,3.0000
11.3000,0.0000,0.0000,-10.0000,0.0000,0.0449,-3.0000,0.0000,-10.0000,0.0000,0.0440,0.0000,0.0000,-5.0000,0.0000,3.0000
11.3500,0.0000,0.0000,-10.0000,0.0000,0.0442,-3.0000,0.0000,-10.0000,0.0000,0.0443,0.0000,0.0000,-5.0000,0.0000,3.0000
11.4000,0.0000,0.0000,-10.0000,0.0000,0.0418,-3.0000,0.0000,-10.0000,0.0000,0.0418,0.0000,0.0000,-5.0000,0.0000,3.0000
11.4500,0.0000,0.0000,-10.0000,0.0000,0.0433,-3.0000,0.0000,-10.0000,0.0000,0.0453,0.0000,0.0000,-5.0000,0.0000,3.0000
11.5000,0.0000,0.0000,-10.0000,0.0000,0.0447,-3.0000,0.0000,-10.0000,0.0000,0.0418,0.0000,0.0000,-5.0000,0.0000,3.0000
11.5500,0.0000,0.0000,-10.0000,0.0000,0.0421,-3.0000,0.0000,-10.0000,0.0000,0.0432,0.0000,0.0000,-5.0000,0.0000,3.0000
11.6000,0.0000,0.0000,-10.0000,0.0000,0.0419,-3.0000,0.0000,-10.0000,0.0000,0.0417,0.0000,0.0000,-5.0000,0.0000,3.0000
11.6500,0.0000,0.0000,-10.0000,0.0000,0.0431,-3.0000,0.0000,-10.0000,0.0000,0.0441,0.0000,0.0000,-5.0000,0.0000,3.0000
11.7000,0.0000,0.0000,-10.0000,0.0000,0.0428,-3.0000,0.0000,-10.0000,0.0000,0.0421,0.0000,0.0000,-5.0000,0.0000,3.0000
11.7500,0.0000,0.0000,-10.0000,0.0000,0.0417,-3.0000,0.0000,-10.0000,0.0000,0.0419,0.0000,0.0000,-5.0000,0.0000,3.0000
11.8000,0.0000,0.0000,-10.0000,0.0000,0.0419,-3.0000,0.0000,-10.0000,0.0000,0.0421,0.0000,0.0000,-5.0000,0.0000,3.0000
11.8500,0.0000,0.0000,-10.0000,0.0000,0.0419,-3.0000,0.0000,-10.0000,0.0000,0.0419,0.0000,0.0000,-5.0000,0.0000,3.0000
11.9000,0.0000,0.0000,-10.0000,0.0000,0.0442,-3.0000,0.0000,-10.0000,0.0000,0.0454,0.0000,0.0000,-5.0000,0.0000,3.0000
11.9500,0.0000,0.0000,-10.0000,0.0000,0.0443,-3.0000,0.0000,-10.0000,0.0000,0.0442,0.0000,0.0000,-5.0000,0.0000,3.0000
12.0000,0.0000,0.0000,-10.0000,0.0000,0.0446,-3.0000,0.0000,-10.0000,0.0000,0.0441,0.0000,0.0000,-5.0000,0.0000,3.0000
12.0500,0.0000,0.0000,-10.0000,0.0000,0.0447,-3.0000,0.0000,-10.0000,0.0000,0.0443,0.0000,0.0000,-5.0000,0.0000,3.0000
12.1000,0.0000,0.0000,-10.0000,0.0000,0.0444,-3.0000,0.0000,-10.0000,0.0000,0.0443,0.0000,0.0000,-5.0000,0.0000,3.0000
12.1500,0.0000,0.0000,-10.0000,0.0000,0.0454,-3.0000,0.0000,-10.0000,0.0000,0.0448,0.0000,0.0000,-5.0000,0.0000,3.0000
12.2000,0.0000,0.0000,-10.0000,0.0000,0.0440,-3.0000,0.0000,-10.0000,0.0000,0.0442,0.0000,0.0000,-5.0000,0.0000,3.0000
12.2500,0.0000,0.0000,-10.0000,0.0000,0.0443,-3.0000,0.0000,-10.0000,0.0000,0.0440,0.0000,0.0000,-5.0000,0.0000,3.0000
12.3000,0.0000,0.0000,-10.0000,0.0000,0.0446,-3.0000,0.0000,-10.0000,0.0000,0.0441,0.0000,0.0000,-5.0000,0.0000,3.0000
12.3500,0.0000,0.0000,-10.0000,0.0000,0.0443,-3.0000,0.0000,-10.0000,0.0000,0.0450,0.0000,0.0000,-5.0000,0.0000,3.0000
12.4000,0.0000,0.0000,-10.0000,0.0000,0.0445,-3.0000,0.0000,-10.0000,0.0000,0.0445,0.0000,0.0000,-5.0000,0.0000,3.0000
12.4500,0.0000,0.0000,-10.0000,0.0000,0.0444,-3.0000,0.0000,-10.0000,0.0000,0.0444,0.0000,0.0000,-5.0000,0.0000,3.0000
12.5000,0.0000,0.0000,-10.0000,0.0000,0.0443,-3.0000,0.0000,-10.0000,0.0000,0.0439,0.0000,0.0000,-5.0000,0.0000,3.0000
12.5500,0.0000,0.0000,-10.0000,0.0000,0.0447,-3.0000,0.0000,-10.0000,0.0000,0.0444,0.0000,0.0000,-5.0000,0.0000,3.0000
12.6000,0.0000,0.0000,-10.0000,0.0000,0.0447,-3.0000,0.0000,-10.0000,0.0000,0.0443,0.0000,0.0000,-5.0000,0.0000,3.0000
12.6500,0.0000,0.0000,-10.0000,0.0000,0.0439,-3.0000,0.0000,-10.0000,0.0000,0.0418,0.0000,0.0000,-5.0000,0.0000,3.0000
12.7000,0.0000,0.0000,-10.0000,0.0000,0.0449,-3.0000,0.0000,-10.0000,0.0000,0.0433,0.0000,0.0000,-5.0000,0.0000,3.0000
12.7500,0.0000,0.0000,-10.0000,0.0000,0.0419,-3.0000,0.0000,-10.0000,0.0000,0.0421,0.0000,0.0000,-5.0000,0.0000,3.0000
12.8000,0.0000,0.0000,-10.0000,0.0000,0.0419,-3.0000,0.0000,-10.0000,0.0000,0.0428,0.0000,0.0000,-5.0000,0.0000,3.0000
12.8500,0.0000,0.0000,-10.0000,0.0000,0.0420,-3.0000,0.0000,-10.0000,0.0000,0.0428,0.0000,0.0000,-5.0000,0.0000,3.0000
12.9000,0.0000,0.0000,-10.0000,0.0000,0.0429,-3.0000,0.0000,-10.0000,0.0000,0.0417,0.0000,0.0000,-5.0000,0.0000,3.0000
12.9500,0.0000,0.0000,-10.0000,0.0000,0.0422,-3.0000,0.0000,-10.0000,0.0000,0.0424,0.0000,0.0000,-5.0000,0.0000,3.0000
13.0000,0.0000,0.0000,-10.0000,0.0000,0.0417,-3.0000,0.0000,-10.0000,0.0000,0.0416,0.0000,0.0000,-5.0000,0.0000,3.0000
13.0500,0.0000,0.0000,-10.0000,0.0000,0.0427,-3.0000,0.0000,-10.0000,0.0000,0.0420,0.0000,0.0000,-5.0000,0.0000,3.0000
13.1000,0.0000,0.0000,-10.0000,0.0000,0.0427,-3.0000,0.0000,-10.0000,0.0000,0.0422,0.0000,0.0000,-5.0000,0.0000,3.0000
13.1500,0.0000,0.0000,-10.0000,0.0000,0.0421,-3.0000,0.0000,-10.0000,0.0000,0.0420,0.0000,0.0000,-5.0000,0.0000,3.0000
13.2000,0.0000,0.0000,-10.0000,0.0000,0.0420,-3.0000,0.0000,-10.0000,0.0000,0.0421,0.0000,0.0000,-5.0000,0.0000,3.0000
13.2500,0.0000,0.0000,-10.0000,0.0000,0.0423,-3.0000,0.0000,-10.0000,0.0000,0.0431,0.0000,0.0000,-5.0000,0.0000,3.0000
13.3000,0.0000,0.0000,-10.0000,0.0000,0.0440,-3.0000,0.0000,-10.0000,0.0000,0.0422,0.0000,0.0000,-5.0000,0.0000,3.0000
13.3500,0.0000,0.0000,-10.0000,0.0000,0.0426,-3.0000,0.0000,-10.0000,0.0000,0.0425,0.0000,0.0000,-5.0000,0.0000,3.0000
13.4000,0.0000,0.0000,-10.0000,0.0000,0.0424,-3.0000,0.0000,-10.0000,0.0000,0.0424,0.0000,0.0000,-5.0000,0.0000,3.0000
13.4500,0.0000,0.0000,-10.0000,0.0000,0.0424,-3.0000,0.0000,-10.0000,0.0000,0.0424,0.0000,0.0000,-5.0000,0.0000,3.0000
13.5000,0.0000,0.0000,-10.0000,0.0000,0.0447,-3.0000,0.0000,-10.0000,0.0000,0.0424,0.0000,0.0000,-5.0000,0.0000,3.0000
13.5500,0.0000,0.0000,-10.0000,0.0000,0.0423,-3.0000,0.0000,-10.0000,0.0000,0.0421,0.0000,0.0000,-5.0000,0.0000,3.0000
13.6000,0.0000,0.0000,-10.0000,0.0000,0.0423,-3.0000,0.0000,-10.0000,0.0000,0.0420,0.0000,0.0000,-5.0000,0.0000,3.0000
13.6500,0.0000,0.0000,-10.0000,0.0000,0.0423,-3.0000,0.0000,-10.0000,0.0000,0.0424,0.0000,0.0000,-5.0000,0.0000,3.0000
13.7000,0.0000,0.0000,-10.0000,0.0000,0.0423,-3.0000,0.0000,-10.0000,0.0000,0.0429,0.0000,0.0000,-5.0000,0.0000,3.0000
13.7500,0.0000,0.0000,-10.0000,0.0000,0.0422,-3.0000,0.0000,-10.0000,0.0000,0.0421,0.0000,0.0000,-5.0000,0.0000,3.0000
13.8000,0.0000,0.0000,-10.0000,0.0000,0.0425,-3.0000,0.0000,-10.0000,0.0000,0.0425,0.0000,0.0000,-5.0000,0.0000,3.0000
13.8500,0.0000,0.0000,-10.0000,0.0000,0.0422,-3.0000,0.0000,-10.0000,0.0000,0.0419,0.0000,0.0000,-5.0000,0.0000,3.0000
13.9000,0.0000,0.0000,-10.0000,0.0000,0.0423,-3.0000,0.0000,-10.0000,0.0000,0.0438,0.0000,0.0000,-5.0000,0.0000,3.0000
13.9500,0.0000,0.0000,-10.0000,0.0000,0.0431,-3.0000,0.0000,-10.0000,0.0000,0.0421,0.0000,0.0000,-5.0000,0.0000,3.0000
14.0000,0.0000,0.0000,-10.0000,0.0000,0.0424,-3.0000,0.0000,-10.0000,0.0000,0.0421,0.0000,0.0000,-5.0000,0.0000,3.0000
14.0500,0.0000,0.0000,-10.0000,0.0000,0.0422,-3.0000,0.0000,-10.0000,0.0000,0.0424,0.0000,0.0000,-5.0000,0.0000,3.0000
14.1000,0.0000,0.0000,-10.0000,0.0000,0.0425,-3.0000,0.0000,-10.0000,0.0000,0.0422,0.0000,0.0000,-5.0000,0.0000,3.0000
14.1500,0.0000,0.0000,-10.0000,0.0000,0.0420,-3.0000,0.0000,-10.0000,0.0000,0.0428,0.0000,0.0000,-5.0000,0.0000,3.0000
14.2000,0.0000,0.0000,-10.0000,0.0000,0.0422,-3.0000,0.0000,-10.0000,0.0000,0.0427,0.0000,0.0000,-5.0000,0.0000,3.0000
14.2500,0.0000,0.0000,-10.0000,0.0000,0.0427,-3.0000,0.0000,-10.0000,0.0000,0.0422,0.0000,0.0000,-5.0000,0.0000,3.0000
14.3000,0.0000,0.0000,-10.0000,0.0000,0.0422,-3.0000,0.0000,-10.0000,0.0000,0.0421,0.0000,0.0000,-5.0000,0.0000,3.0000
14.3500,0.0000,0.0000,-10.0000,0.0000,0.0420,-3.0000,0.0000,-10.0000,0.0000,0.0423,0.0000,0.0000,-5.0000,0.0000,3.0000
14.4000,0.0000,0.0000,-10.0000,0.0000,0.0432,-3.0000,0.0000,-10.0000,0.0000,0.0449,0.0000,0.0000,-5.0000,0.0000,3.0000
14.4500,0.0000,0.0000,-10.0000,0.0000,0.0447,-3.0000,0.0000,-10.0000,0.0000,0.0444,0.0000,0.0000,-5.0000,0.0000,3.0000
14.5000,0.0000,0.0000,-10.0000,0.0000,0.0446,-3.0000,0.0000,-10.0000,0.0000,0.0446,0.0000,0.0000,-5.0000,0.0000,3.0000
14.5500,0.0000,0.0000,-10.0000,0.0000,0.0442,-3.0000,0.0000,-10.0000,0.0000,0.0443,0.0000,0.0000,-5.0000,0.0000,3.0000
14.6000,0.0000,0.0000,-10.0000,0.0000,0.0443,-3.0000,0.0000,-10.0000,0.0000,0.0453,0.0000,0.0000,-5.0000,0.0000,3.0000
14.6500,0.0000,0.0000,-10.0000,0.0000,0.0421,-3.0000,0.0000,-10.0000,0.0000,0.0417,0.0000,0.0000,-5.0000,0.0000,3.0000
14.7000,0.0000,0.0000,-10.0000,0.0000,0.0421,-3.0000,0.0000,-10.0000,0.0000,0.0416,0.0000,0.0000,-5.0000,0.0000,3.0000
14.7500,0.0000,0.0000,-10.0000,0.0000,0.0432,-3.0000,0.0000,-10.0000,0.0000,0.0440,0.0000,0.0000,-5.0000,0.0000,3.0000
14.8000,0.0000,0.0000,-10.0000,0.0000,0.0442,-3.0000,0.0000,-10.0000,0.0000,0.0442,0.0000,0.0000,-5.0000,0.0000,3.0000
14.8500,0.0000,0.0000,-10.0000,0.0000,0.0448,-3.0000,0.0000,-10.0000,0.0000,0.0423,0.0000,0.0000,-5.0000,0.0000,3.0000
14.9000,0.0000,0.0000,-10.0000,0.0000,0.0420,-3.0000,0.0000,-10.0000,0.0000,0.0421,0.0000,0.0000,-5.0000,0.0000,3.0000
14.9500,0.0000,0.0000,-10.0000,0.0000,0.0421,-3.0000,0.0000,-10.0000,0.0000,0.0431,0.0000,0.0000,-5.0000,0.0000,3.0000
15.0000,0.0000,0.0000,-10.0000,0.0000,0.0432,-3.0000,0.0000,-10.0000,0.0000,0.0421,0.0000,0.0000,-5.0000,0.0000,3.0000
15.0500,0.0000,0.0000,-10.0000,0.0000,0.0416,-3.0000,0.0000,-10.0000,0.0000,0.0428,0.0000,0.0000,-5.0000,0.0000,3.0000
15.1000,0.0000,0.0000,-10.0000,0.0000,0.0424,-3.0000,0.0000,-10.0000,0.0000,0.0421,0.0000,0.0000,-5.0000,0.0000,3.0000
15.1500,0.0000,0.0000,-10.0000,0.0000,0.0420,-3.0000,0.0000,-10.0000,0.0000,0.0451,0.0000,0.0000,-5.0000,0.0000,3.0000
15.2000,0.0000,0.0000,-10.0000,0.0000,0.0422,-3.0000,0.0000,-10.0000,0.0000,0.0424,0.0000,0.0000,-5.0000,0.0000,3.0000
15.2500,0.0000,0.0000,-10.0000,0.0000,0.0421,-3.0000,0.0000,-10.0000,0.0000,0.0421,0.0000,0.0000,-5.0000,0.0000,3.0000
15.3000,0.0000,0.0000,-10.0000,0.0000,0.0426,-3.0000,0.0000,-10.0000,0.0000,0.0422,0.0000,0.0000,-5.0000,0.0000,3.0000
15.3500,0.0000,0.0000,-10.0000,0.0000,0.0422,-3.0000,0.0000,-10.0000,0.0000,0.0434,0.0000,0.0000,-5.0000,0.0000,3.0000
15.4000,0.0000,0.0000,-10.0000,0.0000,0.0451,-3.0000,0.0000,-10.0000,0.0000,0.0442,0.0000,0.0000,-5.0000,0.0000,3.0000
15.4500,0.0000,0.0000,-10.0000,0.0000,0.0444,-3.0000,0.0000,-10.0000,0.0000,0.0435,0.0000,0.0000,-5.0000,0.0000,3.0000
15.5000,0.0000,0.0000,-10.0000,0.0000,0.0420,-3.0000,0.0000,-10.0000,0.0000,0.0434,0.0000,0.0000,-5.0000,0.0000,3.0000
15.5500,0.0000,0.0000,-10.0000,0.0000,0.0423,-3.0000,0.0000,-10.0000,0.0000,0.0445,0.0000,0.0000,-5.0000,0.0000,3.0000
15.6000,0.0000,0.0000,-10.0000,0.0000,0.0449,-3.0000,0.0000,-10.0000,0.0000,0.0451,0.0000,0.0000,-5.0000,0.0000,3.0000
15.6500,0.0000,0.0000,-10.0000,0.0000,0.0416,-3.0000,0.0000,-10.0000,0.0000,0.0416,0.0000,0.0000,-5.0000,0.0000,3.0000
15.7000,0.0000,0.0000,-10.0000,0.0000,0.0413,-3.0000,0.0000,-10.0000,0.0000,0.0416,0.0000,0.0000,-5.0000,0.0000,3.0000
15.7500,0.0000,0.0000,-10.0000,0.0000,0.0418,-3.0000,0.0000,-10.0000,0.0000,0.0429,0.0000,0.0000,-5.0000,0.0000,3.0000
15.8000,0.0000,0.0000,-10.0000,0.0000,0.0420,-3.0000,0.0000,-10.0000,0.0000,0.0418,0.0000,0.0000,-5.0000,0.0000,3.0000
15.8500,0.0000,0.0000,-10.0000,0.0000,0.0419,-3.0000,0.0000,-10.0000,0.0000,0.0418,0.0000,0.0000,-5.0000,0.0000,3.0000
15.9000,0.0000,0.0000,-10.0000,0.0000,0.0423,-3.0000,0.0000,-10.0000,0.0000,0.0425,0.0000,0.0000,-5.0000,0.0000,3.0000
15.9500,0.0000,0.0000,-10.0000,0.0000,0.0419,-3.0000,0.0000,-10.0000,0.0000,0.0421,0.0000,0.0000,-5.0000,0.0000,3.0000
16.0000,0.0000,0.0000,-10.0000,0.0000,0.0446,-3.0000,0.0000,-10.0000,0.0000,0.0419,0.0000,0.0000,-5.0000,0.0000,3.0000
16.0500,0.0000,0.0000,-10.0000,0.0000,0.0418,-3.0000,0.0000,-10.0000,0.0000,0.0419,0.0000,0.0000,-5.0000,0.0000,3.0000
16.1000,0.0000,0.0000,-10.0000,0.0000,0.0419,-3.0000,0.0000,-10.0000,0.0000,0.0443,0.0000,0.0000,-5.0000,0.0000,3.0000
16.1500,0.0000,0.0000,-10.0000,0.0000,0.0443,-3.0000,0.0000,-10.0000,0.0000,0.0448,0.0000,0.0000,-5.0000,0.0000,3.0000
16.2000,0.0000,0.0000,-10.0000,0.0000,0.0446,-3.0000,0.0000,-10.0000,0.0000,0.0450,0.0000,0.0000,-5.0000,0.0000,3.0000
16.2500,0.0000,0.0000,-10.0000,0.0000,0.0440,-3.0000,0.0000,-10.0000,0.0000,0.0416,0.0000,0.0000,-5.0000,0.0000,3.0000
16.3000,0.0000,0.0000,-10.0000,0.0000,0.0446,-3.0000,0.0000,-10.0000,0.0000,0.0442,0.0000,0.0000,-5.0000,0.0000,3.0000
16.3500,0.0000,0.0000,-10.0000,0.0000,0.0418,-3.0000,0.0000,-10.0000,0.0000,0.0416,0.0000,0.0000,-5.0000,0.0000,3.0000
16.4000,0.0000,0.0000,-10.0000,0.0000,0.0422,-3.0000,0.0000,-10.0000,0.0000,0.0443,0.0000,0.0000,-5.0000,0.0000,3.0000
16.4500,0.0000,0.0000,-10.0000,0.0000,0.0445,-3.0000,0.0000,-10.0000,0.0000,0.0422,0.0000,0.0000,-5.0000,0.0000,3.0000
16.5000,0.0000,0.0000,-10.0000,0.0000,0.0425,-3.0000,0.0000,-10.0000,0.0000,0.0423,0.0000,0.0000,-5.0000,0.0000,3.0000
16.5500,0.0000,0.0000,-10.0000,0.0000,0.0423,-3.0000,0.0000,-10.0000,0.0000,0.0426,0.0000,0.0000,-5.0000,0.0000,3.0000
16.6000,0.0000,0.0000,-10.0000,0.0000,0.0422,-3.0000,0.0000,-10.0000,0.0000,0.0424,0.0000,0.0000,-5.0000,0.0000,3.0000
16.6500,0.0000,0.0000,-10.0000,0.0000,0.0454,-3.0000,0.0000,-10.0000,0.0000,0.0434,0.0000,0.0000,-5.0000,0.0000,3.0000
16.7000,0.0000,0.0000,-10.0000,0.0000,0.0420,-3.0000,0.0000,-10.0000,0.0000,0.0419,0.0000,0.0000,-5.0000,0.0000,3.0000
16.7500,0.0000,0.0000,-10.0000,0.0000,0.0423,-3.0000,0.0000,-10.0000,0.0000,0.0424,0.0000,0.0000,-5.0000,0.0000,3.0000
16.8000,0.0000,0.0000,-10.0000,0.0000,0.0422,-3.0000,0.0000,-10.0000,0.0000,0.0442,0.0000,0.0000,-5.0000,0.0000,3.0000
16.8500,0.0000,0.0000,-10.0000,0.0000,0.0443,-3.0000,0.0000,-10.0000,0.0000,0.0441,0.0000,0.0000,-5.0000,0.0000,3.0000
16.9000,0.0000,0.0000,-10.0000,0.0000,0.0429,-3.0000,0.0000,-10.0000,0.0000,0.0422,0.0000,0.0000,-5.0000,0.0000,3.0000
16.9500,0.0000,0.0000,-10.0000,0.0000,0.0420,-3.0000,0.0000,-10.0000,0.0000,0.0422,0.0000,0.0000,-5.0000,0.0000,3.0000
17.0000,0.0000,0.0000,-10.0000,0.0000,0.0418,-3.0000,0.0000,-10.0000,0.0000,0.0417,0.0000,0.0000,-5.0000,0.0000,3.0000
17.0500,0.0000,0.0000,-10.0000,0.0000,0.0443,-3.0000,0.0000,-10.0000,0.0000,0.0427,0.0000,0.0000,-5.0000,0.0000,3.0000
17.1000,0.0000,0.0000,-10.0000,0.0000,0.0420,-3.0000,0.0000,-10.0000,0.0000,0.0422,0.0000,0.0000,-5.0000,0.0000,3.0000
17.1500,0.0000,0.0000,-10.0000,0.0000,0.0419,-3.0000,0.0000,-10.0000,0.0000,0.0422,0.0000,0.0000,-5.0000,0.0000,3.0000
17.2000,0.0000,0.0000,-10.0000,0.0000,0.0423,-3.0000,0.0000,-10.0000,0.0000,0.0416,0.0000,0.0000,-5.0000,0.0000,3.0000
17.2500,0.0000,0.0000,-10.0000,0.0000,0.0442,-3.0000,0.0000,-10.0000,0.0000,0.0442,0.0000,0.0000,-5.0000,0.0000,3.0000
17.3000,0.0000,0.0000,-10.0000,0.0000,0.0418,-3.0000,0.0000,-10.0000,0.0000,0.0420,0.0000,0.0000,-5.0000,0.0000,3.0000
17.3500,0.0000,0.0000,-10.0000,0.0000,0.0427,-3.0000,0.0000,-10.0000,0.0000,0.0420,0.0000,0.0000,-5.0000,0.0000,3.0000
17.4000,0.0000,0.0000,-10.0000,0.0000,0.0421,-3.0000,0.0000,-10.0000,0.0000,0.0419,0.0000,0.0000,-5.0000,0.0000,3.0000
17.4500,0.0000,0.0000,-10.0000,0.0000,0.0419,-3.0000,0.0000,-10.0000,0.0000,0.0441,0.0000,0.0000,-5.0000,0.0000,3.0000
17.5000,0.0000,0.0000,-10.0000,0.0000,0.0427,-3.0000,0.0000,-10.0000,0.0000,0.0416,0.0000,0.0000,-5.0000,0.0000,3.0000
17.5500,0.0000,0.0000,-10.0000,0.0000,0.0415,-3.0000,0.0000,-10.0000,0.0000,0.0418,0.0000,0.0000,-5.0000,0.0000,3.0000
17.6000,0.0000,0.0000,-10.0000,0.0000,0.0433,-3.0000,0.0000,-10.0000,0.0000,0.0423,0.0000,0.0000,-5.0000,0.0000,3.0000
17.6500,0.0000,0.0000,-10.0000,0.0000,0.0421,-3.0000,0.0000,-10.0000,0.0000,0.0422,0.0000,0.0000,-5.0000,0.0000,3.0000
17.7000,0.0000,0.0000,-10.0000,0.0000,0.0454,-3.0000,0.0000,-10.0000,0.0000,0.0441,0.0000,0.0000,-5.0000,0.0000,3.0000
17.7500,0.0000,0.0000,-10.0000,0.0000,0.0444,-3.0000,0.0000,-10.0000,0.0000,0.0442,0.0000,0.0000,-5.0000,0.0000,3.0000
17.8000,0.0000,0.0000,-10.0000,0.0000,0.0444,-3.0000,0.0000,-10.0000,0.0000,0.0453,0.0000,0.0000,-5.0000,0.0000,3.0000
17.8500,0.0000,0.0000,-10.0000,0.0000,0.0422,-3.0000,0.0000,-10.0000,0.0000,0.0418,0.0000,0.0000,-5.0000,0.0000,3.0000
17.9000,0.0000,0.0000,-10.0000,0.0000,0.0438,-3.0000,0.0000,-10.0000,0.0000,0.0416,0.0000,0.0000,-5.0000,0.0000,3.0000
17.9500,0.0000,0.0000,-10.0000,0.0000,0.0418,-3.0000,0.0000,-10.0000,0.0000,0.0417,0.0000,0.0000,-5.0000,0.0000,3.0000
18.0000,0.0000,0.0000,-10.0000,0.0000,0.0420,-3.0000,0.0000,-10.0000,0.0000,0.0422,0.0000,0.0000,-5.0000,0.0000,3.0000
18.0500,0.0000,0.0000,-10.0000,0.0000,0.0432,-3.0000,0.0000,-10.0000,0.0000,0.0435,0.0000,0.0000,-5.0000,0.0000,3.0000
18.1000,0.0000,0.0000,-10.0000,0.0000,0.0418,-3.0000,0.0000,-10.0000,0.0000,0.0421,0.0000,0.0000,-5.0000,0.0000,3.0000
18.1500,0.0000,0.0000,-10.0000,0.0000,0.0421,-3.0000,0.0000,-10.0000,0.0000,0.0418,0.0000,0.0000,-5.0000,0.0000,3.0000
18.2000,0.0000,0.0000,-10.0000,0.0000,0.0422,-3.0000,0.0000,-10.0000,0.0000,0.0420,0.0000,0.0000,-5.0000,0.0000,3.0000
18.2500,0.0000,0.0000,-10.0000,0.0000,0.0442,-3.0000,0.0000,-10.0000,0.0000,0.0444,0.0000,0.0000,-5.0000,0.0000,3.0000
18.3000,0.0000,0.0000,-10.0000,0.0000,0.0418,-3.0000,0.0000,-10.0000,0.0000,0.0419,0.0000,0.0000,-5.0000,0.0000,3.0000
18.3500,0.0000,0.0000,-10.0000,0.0000,0.0420,-3.0000,0.0000,-10.0000,0.0000,0.0419,0.0000,0.0000,-5.0000,0.0000,3.0000
18.4000,0.0000,0.0000,-10.0000,0.0000,0.0418,-3.0000,0.0000,-10.0000,0.0000,0.0418,0.0000,0.0000,-5.0000,0.0000,3.0000
18.4500,0.0000,0.0000,-10.0000,0.0000,0.0422,-3.0000,0.0000,-10.0000,0.0000,0.0419,0.0000,0.0000,-5.0000,0.0000,3.0000
18.5000,0.0000,0.0000,-10.0000,0.0000,0.0426,-3.0000,0.0000,-10.0000,0.0000,0.0422,0.0000,0.0000,-5.0000,0.0000,3.0000
18.5500,0.0000,0.0000,-10.0000,0.0000,0.0420,-3.0000,0.0000,-10.0000,0.0000,0.0421,0.0000,0.0000,-5.0000,0.0000,3.0000
18.6000,0.0000,0.0000,-10.0000,0.0000,0.0419,-3.0000,0.0000,-10.0000,0.0000,0.0421,0.0000,0.0000,-5.0000,0.0000,3.0000
18.6500,0.0000,0.0000,-10.0000,0.0000,0.0416,-3.0000,0.0000,-10.0000,0.0000,0.0422,0.0000,0.0000,-5.0000,0.0000,3.0000
18.7000,0.0000,0.0000,-10.0000,0.0000,0.0419,-3.0000,0.0000,-10.0000,0.0000,0.0450,0.0000,0.0000,-5.0000,0.0000,3.0000
18.7500,0.0000,0.0000,-10.0000,0.0000,0.0418,-3.0000,0.0000,-10.0000,0.0000,0.0420,0.0000,0.0000,-5.0000,0.0000,3.0000
18.8000,0.0000,0.0000,-10.0000,0.0000,0.0422,-3.0000,0.0000,-10.0000,0.0000,0.0417,0.0000,0.0000,-5.0000,0.0000,3.0000
18.8500,0.0000,0.0000,-10.0000,0.0000,0.0421,-3.0000,0.0000,-10.0000,0.0000,0.0419,0.0000,0.0000,-5.0000,0.0000,3.0000
18.9000,0.0000,0.0000,-10.0000,0.0000,0.0425,-3.0000,0.0000,-10.0000,0.0000,0.0420,0.0000,0.0000,-5.0000,0.0000,3.0000
18.9500,0.0000,0.0000,-10.0000,0.0000,0.0426,-3.0000,0.0000,-10.0000,0.0000,0.0418,0.0000,0.0000,-5.0000,0.0000,3.0000
19.0000,0.0000,0.0000,-10.0000,0.0000,0.0422,-3.0000,0.0000,-10.0000,0.0000,0.0419,0.0000,0.0000,-5.0000,0.0000,3.0000
19.0500,0.0000,0.0000,-10.0000,0.0000,0.0419,-3.0000,0.0000,-10.0000,0.0000,0.0422,0.0000,0.0000,-5.0000,0.0000,3.0000
19.1000,0.0000,0.0000,-10.0000,0.0000,0.0421,-3.0000,0.0000,-10.0000,0.0000,0.0438,0.0000,0.0000,-5.0000,0.0000,3.0000
19.1500,0.0000,0.0000,-10.0000,0.0000,0.0419,-3.0000,0.0000,-10.0000,0.0000,0.0429,0.0000,0.0000,-5.0000,0.0000,3.0000
19.2000,0.0000,0.0000,-10.0000,0.0000,0.0420,-3.0000,0.0000,-10.0000,0.0000,0.0421,0.0000,0.0000,-5.0000,0.0000,3.0000
19.2500,0.0000,0.0000,-10.0000,0.0000,0.0421,-3.0000,0.0000,-10.0000,0.0000,0.0415,0.0000,0.0000,-5.0000,0.0000,3.0000
19.3000,0.0000,0.0000,-10.0000,0.0000,0.0421,-3.0000,0.0000,-10.0000,0.0000,0.0421,0.0000,0.0000,-5.0000,0.0000,3.0000
19.3500,0.0000,0.0000,-10.0000,0.0000,0.0417,-3.0000,0.0000,-10.0000,0.0000,0.0418,0.0000,0.0000,-5.0000,0.0000,3.0000
19.4000,0.0000,0.0000,-10.0000,0.0000,0.0422,-3.0000,0.0000,-10.0000,0.0000,0.0420,0.0000,0.0000,-5.0000,0.0000,3.0000
19.4500,0.0000,0.0000,-10.0000,0.0000,0.0420,-3.0000,0.0000,-10.0000,0.0000,0.0421,0.0000,0.0000,-5.0000,0.0000,3.0000
19.5000,0.0000,0.0000,-10.0000,0.0000,0.0442,-3.0000,0.0000,-10.0000,0.0000,0.0440,0.0000,0.0000,-5.0000,0.0000,3.0000
19.5500,0.0000,0.0000,-10.0000,0.0000,0.0439,-3.0000,0.0000,-10.0000,0.0000,0.0419,0.0000,0.0000,-5.0000,0.0000,3.0000
19.6000,0.0000,0.0000,-10.0000,0.0000,0.0418,-3.0000,0.0000,-10.0000,0.0000,0.0426,0.0000,0.0000,-5.0000,0.0000,3.0000
19.6500,0.0000,0.0000,-10.0000,0.0000,0.0417,-3.0000,0.0000,-10.0000,0.0000,0.0419,0.0000,0.0000,-5.0000,0.0000,3.0000
19.7000,0.0000,0.0000,-10.0000,0.0000,0.0421,-3.0000,0.0000,-10.0000,0.0000,0.0419,0.0000,0.0000,-5.0000,0.0000,3.0000
19.7500,0.0000,0.0000,-10.0000,0.0000,0.0419,-3.0000,0.0000,-10.0000,0.0000,0.0419,0.0000,0.0000,-5.0000,0.0000,3.0000
19.8000,0.0000,0.0000,-10.0000,0.0000,0.0417,-3.0000,0.0000,-10.0000,0.0000,0.0421,0.0000,0.0000,-5.0000,0.0000,3.0000
19.8500,0.0000,0.0000,-10.0000,0.0000,0.0428,-3.0000,0.0000,-10.0000,0.0000,0.0421,0.0000,0.0000,-5.0000,0.0000,3.0000
19.9000,0.0000,0.0000,-10.0000,0.0000,0.0418,-3.0000,0.0000,-10.0000,0.0000,0.0419,0.0000,0.0000,-5.0000,0.0000,3.0000
19.9500,0.0000,0.0000,-10.0000,0.0000,0.0420,-3.0000,0.0000,-10.0000,0.0000,0.0419,0.0000,0.0000,-5.0000,0.0000,3.0000
20.0000,0.0000,0.0000,-10.0000,0.0000,0.0417,-3.0000,0.0000,-10.0000,0.0000,0.0423,0.0000,0.0000,-5.0000,0.0000,3.0000
20.0500,0.0000,0.0000,-10.0000,0.0000,0.0421,-3.0000,0.0000,-10.0000,0.0000,0.0428,0.0000,0.0000,-5.0000,0.0000,3.0000
20.1000,0.0000,0.0000,-10.0000,0.0000,0.0423,-3.0000,0.0000,-10.0000,0.0000,0.0417,0.0000,0.0000,-5.0000,0.0000,3.0000
20.1500,0.0000,0.0000,-10.0000,0.0000,0.0424,-3.0000,0.0000,-10.0000,0.0000,0.0449,0.0000,0.0000,-5.0000,0.0000,3.0000
20.2000,0.0000,0.0000,-10.0000,0.0000,0.0419,-3.0000,0.0000,-10.0000,0.0000,0.0421,0.0000,0.0000,-5.0000,0.0000,3.0000
20.2500,0.0000,0.0000,-10.0000,0.0000,0.0421,-3.0000,0.0000,-10.0000,0.0000,0.0421,0.0000,0.0000,-5.0000,0.0000,3.0000
20.3000,0.0000,0.0000,-10.0000,0.0000,0.0422,-3.0000,0.0000,-10.0000,0.0000,0.0417,0.0000,0.0000,-5.0000,0.0000,3.0000
20.3500,0.0000,0.0000,-10.0000,0.0000,0.0418,-3.0000,0.0000,-10.0000,0.0000,0.0422,0.0000,0.0000,-5.0000,0.0000,3.0000
20.4000,0.0000,0.0000,-10.0000,0.0000,0.0422,-3.0000,0.0000,-10.0000,0.0000,0.0420,0.0000,0.0000,-5.0000,0.0000,3.0000
20.4500,0.0000,0.0000,-10.0000,0.0000,0.0421,-3.0000,0.0000,-10.0000,0.0000,0.0421,0.0000,0.0000,-5.0000,0.0000,3.0000
20.5000,0.0000,0.0000,-10.0000,0.0000,0.0420,-3.0000,0.0000,-10.0000,0.0000,0.0427,0.0000,0.0000,-5.0000,0.0000,3.0000
20.5500,0.0000,0.0000,-10.0000,0.0000,0.0426,-3.0000,0.0000,-10.0000,0.0000,0.0424,0.0000,0.0000,-5.0000,0.0000,3.0000
20.6000,0.0000,0.0000,-10.0000,0.0000,0.0424,-3.0000,0.0000,-10.0000,0.0000,0.0421,0.0000,0.0000,-5.0000,0.0000,3.0000
20.6500,0.0000,0.0000,-10.0000,0.0000,0.0422,-3.0000,0.0000,-10.0000,0.0000,0.0420,0.0000,0.0000,-5.0000,0.0000,3.0000
20.7000,0.0000,0.0000,-10.0000,0.0000,0.0426,-3.0000,0.0000,-10.0000,0.0000,0.0421,0.0000,0.0000,-5.0000,0.0000,3.0000
20.7500,0.0000,0.0000,-10.0000,0.0000,0.0430,-3.0000,0.0000,-10.0000,0.0000,0.0421,0.0000,0.0000,-5.0000,0.0000,3.0000
20.8000,0.0000,0.0000,-10.0000,0.0000,0.0438,-3.0000,0.0000,-10.0000,0.0000,0.0423,0.0000,0.0000,-5.0000,0.0000,3.0000
20.8500,0.0000,0.0000,-10.0000,0.0000,0.0423,-3.0000,0.0000,-10.0000,0.0000,0.0422,0.0000,0.0000,-5.0000,0.0000,3.0000
20.9000,0.0000,0.0000,-10.0000,0.0000,0.0423,-3.0000,0.0000,-10.0000,0.0000,0.0423,0.0000,0.0000,-5.0000,0.0000,3.0000
20.9500,0.0000,0.0000,-10.0000,0.0000,0.0421,-3.0000,0.0000,-10.0000,0.0000,0.0429,0.0000,0.0000,-5.0000,0.0000,3.0000
21.0000,0.0000,0.0000,-10.0000,0.0000,0.0423,-3.0000,0.0000,-10.0000,0.0000,0.0449,0.0000,0.0000,-5.0000,0.0000,3.0000
21.0500,0.0000,0.0000,-10.0000,0.0000,0.0423,-3.0000,0.0000,-10.0000,0.0000,0.0422,0.0000,0.0000,-5.0000,0.0000,3.0000
21.1000,0.0000,0.0000,-10.0000,0.0000,0.0420,-3.0000,0.0000,-10.0000,0.0000,0.0424,0.0000,0.0000,-5.0000,0.0000,3.0000
21.1500,0.0000,0.0000,-10.0000,0.0000,0.0421,-3.0000,0.0000,-10.0000,0.0000,0.0453,0.0000,0.0000,-5.0000,0.0000,3.0000
21.2000,0.0000,0.0000,-10.0000,0.0000,0.0471,-3.0000,0.0000,-10.0000,0.0000,0.0452,0.0000,0.0000,-5.0000,0.0000,3.0000
21.2500,0.0000,0.0000,-10.0000,0.0000,0.0430,-3.0000,0.0000,-10.0000,0.0000,0.0420,0.0000,0.0000,-5.0000,0.0000,3.0000
21.3000,0.0000,0.0000,-10.0000,0.0000,0.0417,-3.0000,0.0000,-10.0000,0.0000,0.0422,0.0000,0.0000,-5.0000,0.0000,3.0000
21.3500,0.0000,0.0000,-10.0000,0.0000,0.0417,-3.0000,0.0000,-10.0000,0.0000,0.0418,0.0000,0.0000,-5.0000,0.0000,3.0000
21.4000,0.0000,0.0000,-10.0000,0.0000,0.0437,-3.0000,0.0000,-10.0000,0.0000,0.0455,0.0000,0.0000,-5.0000,0.0000,3.0000
21.4500,0.0000,0.0000,-10.0000,0.0000,0.0427,-3.0000,0.0000,-10.0000,0.0000,0.0423,0.0000,0.0000,-5.0000,0.0000,3.0000
21.5000,0.0000,0.0000,-10.0000,0.0000,0.0426,-3.0000,0.0000,-10.0000,0.0000,0.0456,0.0000,0.0000,-5.0000,0.0000,3.0000
21.5500,0.0000,0.0000,-10.0000,0.0000,0.0449,-3.0000,0.0000,-10.0000,0.0000,0.0423,0.0000,0.0000,-5.0000,0.0000,3.0000
21.6000,0.0000,0.0000,-10.0000,0.0000,0.0439,-3.0000,0.0000,-10.0000,0.0000,0.0425,0.0000,0.0000,-5.0000,0.0000,3.0000
21.6500,0.0000,0.0000,-10.0000,0.0000,0.0419,-3.0000,0.0000,-10.0000,0.0000,0.0425,0.0000,0.0000,-5.0000,0.0000,3.0000
21.7000,0.0000,0.0000,-10.0000,0.0000,0.0420,-3.0000,0.0000,-10.0000,0.0000,0.0416,0.0000,0.0000,-5.0000,0.0000,3.0000
21.7500,0.0000,0.0000,-10.0000,0.0000,0.0419,-3.0000,0.0000,-10.0000,0.0000,0.0419,0.0000,0.0000,-5.0000,0.0000,3.0000
21.8000,0.0000,0.0000,-10.0000,0.0000,0.0421,-3.0000,0.0000,-10.0000,0.0000,0.0448,0.0000,0.0000,-5.0000,0.0000,3.0000
21.8500,0.0000,0.0000,-10.0000,0.0000,0.0433,-3.0000,0.0000,-10.0000,0.0000,0.0416,0.0000,0.0000,-5.0000,0.0000,3.0000
21.9000,0.0000,0.0000,-10.0000,0.0000,0.0427,-3.0000,0.0000,-10.0000,0.0000,0.0421,0.0000,0.0000,-5.0000,0.0000,3.0000
21.9500,0.0000,0.0000,-10.0000,0.0000,0.0447,-3.0000,0.0000,-10.0000,0.0000,0.0418,0.0000,0.0000,-5.0000,0.0000,3.0000
22.0000,0.0000,0.0000,-10.0000,0.0000,0.0419,-3.0000,0.0000,-10.0000,0.0000,0.0420,0.0000,0.0000,-5.0000,0.0000,3.0000
22.0500,0.0000,0.0000,-10.0000,0.0000,0.0419,-3.0000,0.0000,-10.0000,0.0000,0.0422,0.0000,0.0000,-5.0000,0.0000,3.0000
22.1000,0.0000,0.0000,-10.0000,0.0000,0.0419,-3.0000,0.0000,-10.0000,0.0000,0.0425,0.0000,0.0000,-5.0000,0.0000,3.0000
22.1500,0.0000,0.0000,-10.0000,0.0000,0.0416,-3.0000,0.0000,-10.0000,0.0000,0.0418,0.0000,0.0000,-5.0000,0.0000,3.0000
22.2000,0.0000,0.0000,-10.0000,0.0000,0.0420,-3.0000,0.0000,-10.0000,0.0000,0.0419,0.0000,0.0000,-5.0000,0.0000,3.0000
22.2500,0.0000,0.0000,-10.0000,0.0000,0.0423,-3.0000,0.0000,-10.0000,0.0000,0.0422,0.0000,0.0000,-5.0000,0.0000,3.0000
22.3000,0.0000,0.0000,-10.0000,0.0000,0.0422,-3.0000,0.0000,-10.0000,0.0000,0.0419,0.0000,0.0000,-5.0000,0.0000,3.0000
22.3500,0.0000,0.0000,-10.0000,0.0000,0.0430,-3.0000,0.0000,-10.0000,0.0000,0.0417,0.0000,0.0000,-5.0000,0.0000,3.0000
22.4000,0.0000,0.0000,-10.0000,0.0000,0.0420,-3.0000,0.0000,-10.0000,0.0000,0.0418,0.0000,0.0000,-5.0000,0.0000,3.0000
22.4500,0.0000,0.0000,-10.0000,0.0000,0.0422,-3.0000,0.0000,-10.0000,0.0000,0.0418,0.0000,0.0000,-5.0000,0.0000,3.0000
22.5000,0.0000,0.0000,-10.0000,0.0000,0.0417,-3.0000,0.0000,-10.0000,0.0000,0.0414,0.0000,0.0000,-5.0000,0.0000,3.0000
22.5500,0.0000,0.0000,-10.0000,0.0000,0.0416,-3.0000,0.0000,-10.0000,0.0000,0.0425,0.0000,0.0000,-5.0000,0.0000,3.0000
22.6000,0.0000,0.0000,-10.0000,0.0000,0.0419,-3.0000,0.0000,-10.0000,0.0000,0.0420,0.0000,0.0000,-5.0000,0.0000,3.0000
22.6500,0.0000,0.0000,-10.0000,0.0000,0.0432,-3.0000,0.0000,-10.0000,0.0000,0.0421,0.0000,0.0000,-5.0000,0.0000,3.0000
22.7000,0.0000,0.0000,-10.0000,0.0000,0.0420,-3.0000,0.0000,-10.0000,0.0000,0.0420,0.0000,0.0000,-5.0000,0.0000,3.0000
22.7500,0.0000,0.0000,-10.0000,0.0000,0.0419,-3.0000,0.0000,-10.0000,0.0000,0.0419,0.0000,0.0000,-5.0000,0.0000,3.0000
22.8000,0.0000,0.0000,-10.0000,0.0000,0.0424,-3.0000,0.0000,-10.0000,0.0000,0.0420,0.0000,0.0000,-5.0000,0.0000,3.0000
22.8500,0.0000,0.0000,-10.0000,0.0000,0.0420,-3.0000,0.0000,-10.0000,0.0000,0.0449,0.0000,0.0000,-5.0000,0.0000,3.0000
22.9000,0.0000,0.0000,-10.0000,0.0000,0.0417,-3.0000,0.0000,-10.0000,0.0000,0.0418,0.0000,0.0000,-5.0000,0.0000,3.0000
22.9500,0.0000,0.0000,-10.0000,0.0000,0.0418,-3.0000,0.0000,-10.0000,0.0000,0.0417,0.0000,0.0000,-5.0000,0.0000,3.0000
23.0000,0.0000,0.0000,-10.0000,0.0000,0.0417,-3.0000,0.0000,-10.0000,0.0000,0.0426,0.0000,0.0000,-5.0000,0.0000,3.0000
23.0500,0.0000,0.0000,-10.0000,0.0000,0.0420,-3.0000,0.0000,-10.0000,0.0000,0.0462,0.0000,0.0000,-5.0000,0.0000,3.0000
23.1000,0.0000,0.0000,-10.0000,0.0000,0.0421,-3.0000,0.0000,-10.0000,0.0000,0.0418,0.0000,0.0000,-5.0000,0.0000,3.0000
23.1500,0.0000,0.0000,-10.0000,0.0000,0.0421,-3.0000,0.0000,-10.0000,0.0000,0.0418,0.0000,0.0000,-5.0000,0.0000,3.0000
23.2000,0.0000,0.0000,-10.0000,0.0000,0.0419,-3.0000,0.0000,-10.0000,0.0000,0.0420,0.0000,0.0000,-5.0000,0.0000,3.0000
23.2500,0.0000,0.0000,-10.0000,0.0000,0.0426,-3.0000,0.0000,-10.0000,0.0000,0.0418,0.0000,0.0000,-5.0000,0.0000,3.0000
23.3000,0.0000,0.0000,-10.0000,0.0000,0.0420,-3.0000,0.0000,-10.0000,0.0000,0.0419,0.0000,0.0000,-5.0000,0.0000,3.0000
23.3500,0.0000,0.0000,-10.0000,0.0000,0.0420,-3.0000,0.0000,-10.0000,0.0000,0.0418,0.0000,0.0000,-5.0000,0.0000,3.0000
23.4000,0.0000,0.0000,-10.0000,0.0000,0.0422,-3.0000,0.0000,-10.0000,0.0000,0.0416,0.0000,0.0000,-5.0000,0.0000,3.0000
23.4500,0.0000,0.0000,-10.0000,0.0000,0.0416,-3.0000,0.0000,-10.0000,0.0000,0.0426,0.0000,0.0000,-5.0000,0.0000,3.0000
23.5000,0.0000,0.0000,-10.0000,0.0000,0.0420,-3.0000,0.0000,-10.0000,0.0000,0.0422,0.0000,0.0000,-5.0000,0.0000,3.0000
23.5500,0.0000,0.0000,-10.0000,0.0000,0.0421,-3.0000,0.0000,-10.0000,0.0000,0.0419,0.0000,0.0000,-5.0000,0.0000,3.0000
23.6000,0.0000,0.0000,-10.0000,0.0000,0.0416,-3.0000,0.0000,-10.0000,0.0000,0.0419,0.0000,0.0000,-5.0000,0.0000,3.0000
23.6500,0.0000,0.0000,-10.0000,0.0000,0.0419,-3.0000,0.0000,-10.0000,0.0000,0.0421,0.0000,0.0000,-5.0000,0.0000,3.0000
23.7000,0.0000,0.0000,-10.0000,0.0000,0.0438,-3.0000,0.0000,-10.0000,0.0000,0.0450,0.0000,0.0000,-5.0000,0.0000,3.0000
23.7500,0.0000,0.0000,-10.0000,0.0000,0.0435,-3.0000,0.0000,-10.0000,0.0000,0.0424,0.0000,0.0000,-5.0000,0.0000,3.0000
23.8000,0.0000,0.0000,-10.0000,0.0000,0.0426,-3.0000,0.0000,-10.0000,0.0000,0.0425,0.0000,0.0000,-5.0000,0.0000,3.0000
23.8500,0.0000,0.0000,-10.0000,0.0000,0.0420,-3.0000,0.0000,-10.0000,0.0000,0.0419,0.0000,0.0000,-5.0000,0.0000,3.0000
23.9000,0.0000,0.0000,-10.0000,0.0000,0.0421,-3.0000,0.0000,-10.0000,0.0000,0.0420,0.0000,0.0000,-5.0000,0.0000,3.0000
23.9500,0.0000,0.0000,-10.0000,0.0000,0.0433,-3.0000,0.0000,-10.0000,0.0000,0.0425,0.0000,0.0000,-5.0000,0.0000,3.0000
24.0000,0.0000,0.0000,-10.0000,0.0000,0.0420,-3.0000,0.0000,-10.0000,0.0000,0.0424,0.0000,0.0000,-5.0000,0.0000,3.0000
24.0500,0.0000,0.0000,-10.0000,0.0000,0.0424,-3.0000,0.0000,-10.0000,0.0000,0.0424,0.0000,0.0000,-5.0000,0.0000,3.0000
24.1000,0.0000,0.0000,-10.0000,0.0000,0.0423,-3.0000,0.0000,-10.0000,0.0000,0.0433,0.0000,0.0000,-5.0000,0.0000,3.0000
24.1500,0.0000,0.0000,-10.0000,0.0000,0.0419,-3.0000,0.0000,-10.0000,0.0000,0.0422,0.0000,0.0000,-5.0000,0.0000,3.0000
24.2000,0.0000,0.0000,-10.0000,0.0000,0.0418,-3.0000,0.0000,-10.0000,0.0000,0.0422,0.0000,0.0000,-5.0000,0.0000,3.0000
24.2500,0.0000,0.0000,-10.0000,0.0000,0.0420,-3.0000,0.0000,-10.0000,0.0000,0.0417,0.0000,0.0000,-5.0000,0.0000,3.0000
24.3000,0.0000,0.0000,-10.0000,0.0000,0.0419,-3.0000,0.0000,-10.0000,0.0000,0.0418,0.0000,0.0000,-5.0000,0.0000,3.0000
24.3500,0.0000,0.0000,-10.0000,0.0000,0.0419,-3.0000,0.0000,-10.0000,0.0000,0.0419,0.0000,0.0000,-5.0000,0.0000,3.0000
24.4000,0.0000,0.0000,-10.0000,0.0000,0.0429,-3.0000,0.0000,-10.0000,0.0000,0.0420,0.0000,0.0000,-5.0000,0.0000,3.0000
24.4500,0.0000,0.0000,-10.0000,0.0000,0.0418,-3.0000,0.0000,-10.0000,0.0000,0.0418,0.0000,0.0000,-5.0000,0.0000,3.0000
24.5000,0.0000,0.0000,-10.0000,0.0000,0.0422,-3.0000,0.0000,-10.0000,0.0000,0.0424,0.0000,0.0000,-5.0000,0.0000,3.0000
24.5500,0.0000,0.0000,-10.0000,0.0000,0.0440,-3.0000,0.0000,-10.0000,0.0000,0.0444,0.0000,0.0000,-5.0000,0.0000,3.0000
24.6000,0.0000,0.0000,-10.0000,0.0000,0.0423,-3.0000,0.0000,-10.0000,0.0000,0.0429,0.0000,0.0000,-5.0000,0.0000,3.0000
24.6500,0.0000,0.0000,-10.0000,0.0000,0.0424,-3.0000,0.0000,-10.0000,0.0000,0.0426,0.0000,0.0000,-5.0000,0.0000,3.0000
24.7000,0.0000,0.0000,-10.0000,0.0000,0.0446,-3.0000,0.0000,-10.0000,0.0000,0.0442,0.0000,0.0000,-5.0000,0.0000,3.0000
24.7500,0.0000,0.0000,-10.0000,0.0000,0.0453,-3.0000,0.0000,-10.0000,0.0000,0.0445,0.0000,0.0000,-5.0000,0.0000,3.0000
24.8000,0.0000,0.0000,-10.0000,0.0000,0.0434,-3.0000,0.0000,-10.0000,0.0000,0.0421,0.0000,0.0000,-5.0000,0.0000,3.0000
24.8500,0.0000,0.0000,-10.0000,0.0000,0.0453,-3.0000,0.0000,-10.0000,0.0000,0.0445,0.0000,0.0000,-5.0000,0.0000,3.0000
24.9000,0.0000,0.0000,-10.0000,0.0000,0.0442,-3.0000,0.0000,-10.0000,0.0000,0.0446,0.0000,0.0000,-5.0000,0.0000,3.0000
24.9500,0.0000,0.0000,-10.0000,0.0000,0.0458,-3.0000,0.0000,-10.0000,0.0000,0.0444,0.0000,0.0000,-5.0000,0.0000,3.0000
25.0000,0.0000,0.0000,-10.0000,0.0000,0.0418,-3.0000,0.0000,-10.0000,0.0000,0.0420,0.0000,0.0000,-5.0000,0.0000,3.0000
25.0500,0.0000,0.0000,-10.0000,0.0000,0.0420,-3.0000,0.0000,-10.0000,0.0000,0.0425,0.0000,0.0000,-5.0000,0.0000,3.0000
25.1000,0.0000,0.0000,-10.0000,0.0000,0.0417,-3.0000,0.0000,-10.0000,0.0000,0.0418,0.0000,0.0000,-5.0000,0.0000,3.0000
25.1500,0.0000,0.0000,-10.0000,0.0000,0.0420,-3.0000,0.0000,-10.0000,0.0000,0.0433,0.0000,0.0000,-5.0000,0.0000,3.0000
25.2000,0.0000,0.0000,-10.0000,0.0000,0.0449,-3.0000,0.0000,-10.0000,0.0000,0.0421,0.0000,0.0000,-5.0000,0.0000,3.0000
25.2500,0.0000,0.0000,-10.0000,0.0000,0.0416,-3.0000,0.0000,-10.0000,0.0000,0.0416,0.0000,0.0000,-5.0000,0.0000,3.0000
25.3000,0.0000,0.0000,-10.0000,0.0000,0.0430,-3.0000,0.0000,-10.0000,0.0000,0.0418,0.0000,0.0000,-5.0000,0.0000,3.0000
25.3500,0.0000,0.0000,-10.0000,0.0000,0.0426,-3.0000,0.0000,-10.0000,0.0000,0.0443,0.0000,0.0000,-5.0000,0.0000,3.0000
25.4000,0.0000,0.0000,-10.0000,0.0000,0.0419,-3.0000,0.0000,-10.0000,0.0000,0.0420,0.0000,0.0000,-5.0000,0.0000,3.0000
25.4500,0.0000,0.0000,-10.0000,0.0000,0.0418,-3.0000,0.0000,-10.0000,0.0000,0.0420,0.0000,0.0000,-5.0000,0.0000,3.0000
25.5000,0.0000,0.0000,-10.0000,0.0000,0.0423,-3.0000,0.0000,-10.0000,0.0000,0.0420,0.0000,0.0000,-5.0000,0.0000,3.0000
25.5500,0.0000,0.0000,-10.0000,0.0000,0.0427,-3.0000,0.0000,-10.0000,0.0000,0.0429,0.0000,0.0000,-5.0000,0.0000,3.0000
25.6000,0.0000,0.0000,-10.0000,0.0000,0.0446,-3.0000,0.0000,-10.0000,0.0000,0.0419,0.0000,0.0000,-5.0000,0.0000,3.0000
25.6500,0.0000,0.0000,-10.0000,0.0000,0.0418,-3.0000,0.0000,-10.0000,0.0000,0.0417,0.0000,0.0000,-5.0000,0.0000,3.0000
25.7000,0.0000,0.0000,-10.0000,0.0000,0.0421,-3.0000,0.0000,-10.0000,0.0000,0.0423,0.0000,0.0000,-5.0000,0.0000,3.0000
25.7500,0.0000,0.0000,-10.0000,0.0000,0.0425,-3.0000,0.0000,-10.0000,0.0000,0.0430,0.0000,0.0000,-5.0000,0.0000,3.0000
25.8000,0.0000,0.0000,-10.0000,0.0000,0.0441,-3.0000,0.0000,-10.0000,0.0000,0.0437,0.0000,0.0000,-5.0000,0.0000,3.0000
25.8500,0.0000,0.0000,-10.0000,0.0000,0.0421,-3.0000,0.0000,-10.0000,0.0000,0.0415,0.0000,0.0000,-5.0000,0.0000,3.0000
25.9000,0.0000,0.0000,-10.0000,0.0000,0.0419,-3.0000,0.0000,-10.0000,0.0000,0.0421,0.0000,0.0000,-5.0000,0.0000,3.0000
25.9500,0.0000,0.0000,-10.0000,0.0000,0.0417,-3.0000,0.0000,-10.0000,0.0000,0.0417,0.0000,0.0000,-5.0000,0.0000,3.0000
26.0000,0.0000,0.0000,-10.0000,0.0000,0.0442,-3.0000,0.0000,-10.0000,0.0000,0.0444,0.0000,0.0000,-5.0000,0.0000,3.0000
26.0500,0.0000,0.0000,-10.0000,0.0000,0.0426,-3.0000,0.0000,-10.0000,0.0000,0.0423,0.0000,0.0000,-5.0000,0.0000,3.0000
26.1000,0.0000,0.0000,-10.0000,0.0000,0.0422,-3.0000,0.0000,-10.0000,0.0000,0.0419,0.0000,0.0000,-5.0000,0.0000,3.0000
26.1500,0.0000,0.0000,-10.0000,0.0000,0.0420,-3.0000,0.0000,-10.0000,0.0000,0.0419,0.0000,0.0000,-5.0000,0.0000,3.0000
26.2000,0.0000,0.0000,-10.0000,0.0000,0.0417,-3.0000,0.0000,-10.0000,0.0000,0.0427,0.0000,0.0000,-5.0000,0.0000,3.0000
26.2500,0.0000,0.0000,-10.0000,0.0000,0.0418,-3.0000,0.0000,-10.0000,0.0000,0.0421,0.0000,0.0000,-5.0000,0.0000,3.0000
26.3000,0.0000,0.0000,-10.0000,0.0000,0.0419,-3.0000,0.0000,-10.0000,0.0000,0.0420,0.0000,0.0000,-5.0000,0.0000,3.0000
26.3500,0.0000,0.0000,-10.0000,0.0000,0.0418,-3.0000,0.0000,-10.0000,0.0000,0.0418,0.0000,0.0000,-5.0000,0.0000,3.0000
26.4000,0.0000,0.0000,-10.0000,0.0000,0.0417,-3.0000,0.0000,-10.0000,0.0000,0.0430,0.0000,0.0000,-5.0000,0.0000,3.0000
26.4500,0.0000,0.0000,-10.0000,0.0000,0.0439,-3.0000,0.0000,-10.0000,0.0000,0.0828,0.0000,0.0000,-5.0000,0.0000,3.0000
26.5000,0.0000,0.0000,-10.0000,0.0000,0.0593,-3.0000,0.0000,-10.0000,0.0000,0.0456,0.0000,0.0000,-5.0000,0.0000,3.0000
26.5500,0.0000,0.0000,-10.0000,0.0000,0.0437,-3.0000,0.0000,-10.0000,0.0000,0.0422,0.0000,0.0000,-5.0000,0.0000,3.0000
26.6000,0.0000,0.0000,-10.0000,0.0000,0.0423,-3.0000,0.0000,-10.0000,0.0000,0.0421,0.0000,0.0000,-5.0000,0.0000,3.0000
26.6500,0.0000,0.0000,-10.0000,0.0000,0.0422,-3.0000,0.0000,-10.0000,0.0000,0.0445,0.0000,0.0000,-5.0000,0.0000,3.0000
26.7000,0.0000,0.0000,-10.0000,0.0000,0.0435,-3.0000,0.0000,-10.0000,0.0000,0.0420,0.0000,0.0000,-5.0000,0.0000,3.0000
26.7500,0.0000,0.0000,-10.0000,0.0000,0.0421,-3.0000,0.0000,-10.0000,0.0000,0.0416,0.0000,0.0000,-5.0000,0.0000,3.0000
26.8000,0.0000,0.0000,-10.0000,0.0000,0.0419,-3.0000,0.0000,-10.0000,0.0000,0.0419,0.0000,0.0000,-5.0000,0.0000,3.0000
26.8500,0.0000,0.0000,-10.0000,0.0000,0.0422,-3.0000,0.0000,-10.0000,0.0000,0.0423,0.0000,0.0000,-5.0000,0.0000,3.0000
26.9000,0.0000,0.0000,-10.0000,0.0000,0.0428,-3.0000,0.0000,-10.0000,0.0000,0.0417,0.0000,0.0000,-5.0000,0.0000,3.0000
26.9500,0.0000,0.0000,-10.0000,0.0000,0.0423,-3.0000,0.0000,-10.0000,0.0000,0.0419,0.0000,0.0000,-5.0000,0.0000,3.0000
27.0000,0.0000,0.0000,-10.0000,0.0000,0.0420,-3.0000,0.0000,-10.0000,0.0000,0.0418,0.0000,0.0000,-5.0000,0.0000,3.0000
27.0500,0.0000,0.0000,-10.0000,0.0000,0.0420,-3.0000,0.0000,-10.0000,0.0000,0.0421,0.0000,0.0000,-5.0000,0.0000,3.0000
27.1000,0.0000,0.0000,-10.0000,0.0000,0.0420,-3.0000,0.0000,-10.0000,0.0000,0.0428,0.0000,0.0000,-5.0000,0.0000,3.0000
27.1500,0.0000,0.0000,-10.0000,0.0000,0.0420,-3.0000,0.0000,-10.0000,0.0000,0.0420,0.0000,0.0000,-5.0000,0.0000,3.0000
27.2000,0.0000,0.0000,-10.0000,0.0000,0.0419,-3.0000,0.0000,-10.0000,0.0000,0.0418,0.0000,0.0000,-5.0000,0.0000,3.0000
27.2500,0.0000,0.0000,-10.0000,0.0000,0.0423,-3.0000,0.0000,-10.0000,0.0000,0.0425,0.0000,0.0000,-5.0000,0.0000,3.0000
27.3000,0.0000,0.0000,-10.0000,0.0000,0.0423,-3.0000,0.0000,-10.0000,0.0000,0.0419,0.0000,0.0000,-5.0000,0.0000,3.0000
27.3500,0.0000,0.0000,-10.0000,0.0000,0.0428,-3.0000,0.0000,-10.0000,0.0000,0.0420,0.0000,0.0000,-5.0000,0.0000,3.0000
27.4000,0.0000,0.0000,-10.0000,0.0000,0.0420,-3.0000,0.0000,-10.0000,0.0000,0.0420,0.0000,0.0000,-5.0000,0.0000,3.0000
27.4500,0.0000,0.0000,-10.0000,0.0000,0.0421,-3.0000,0.0000,-10.0000,0.0000,0.0421,0.0000,0.0000,-5.0000,0.0000,3.0000
27.5000,0.0000,0.0000,-10.0000,0.0000,0.0418,-3.0000,0.0000,-10.0000,0.0000,0.0418,0.0000,0.0000,-5.0000,0.0000,3.0000
27.5500,0.0000,0.0000,-10.0000,0.0000,0.0416,-3.0000,0.0000,-10.0000,0.0000,0.0428,0.0000,0.0000,-5.0000,0.0000,3.0000
27.6000,0.0000,0.0000,-10.0000,0.0000,0.0419,-3.0000,0.0000,-10.0000,0.0000,0.0418,0.0000,0.0000,-5.0000,0.0000,3.0000
27.6500,0.0000,0.0000,-10.0000,0.0000,0.0431,-3.0000,0.0000,-10.0000,0.0000,0.0418,0.0000,0.0000,-5.0000,0.0000,3.0000
27.7000,0.0000,0.0000,-10.0000,0.0000,0.0423,-3.0000,0.0000,-10.0000,0.0000,0.0421,0.0000,0.0000,-5.0000,0.0000,3.0000
27.7500,0.0000,0.0000,-10.0000,0.0000,0.0421,-3.0000,0.0000,-10.0000,0.0000,0.0419,0.0000,0.0000,-5.0000,0.0000,3.0000
27.8000,0.0000,0.0000,-10.0000,0.0000,0.0428,-3.0000,0.0000,-10.0000,0.0000,0.0426,0.0000,0.0000,-5.0000,0.0000,3.0000
27.8500,0.0000,0.0000,-10.0000,0.0000,0.0423,-3.0000,0.0000,-10.0000,0.0000,0.0424,0.0000,0.0000,-5.0000,0.0000,3.0000
27.9000,0.0000,0.0000,-10.0000,0.0000,0.0426,-3.0000,0.0000,-10.0000,0.0000,0.0426,0.0000,0.0000,-5.0000,0.0000,3.0000
27.9500,0.0000,0.0000,-10.0000,0.0000,0.0424,-3.0000,0.0000,-10.0000,0.0000,0.0422,0.0000,0.0000,-5.0000,0.0000,3.0000
28.0000,0.0000,0.0000,-10.0000,0.0000,0.0424,-3.0000,0.0000,-10.0000,0.0000,0.0424,0.0000,0.0000,-5.0000,0.0000,3.0000
28.0500,0.0000,0.0000,-10.0000,0.0000,0.0433,-3.0000,0.0000,-10.0000,0.0000,0.0444,0.0000,0.0000,-5.0000,0.0000,3.0000
28.1000,0.0000,0.0000,-10.0000,0.0000,0.0424,-3.0000,0.0000,-10.0000,0.0000,0.0426,0.0000,0.0000,-5.0000,0.0000,3.0000
28.1500,0.0000,0.0000,-10.0000,0.0000,0.0423,-3.0000,0.0000,-10.0000,0.0000,0.0419,0.0000,0.0000,-5.0000,0.0000,3.0000
28.2000,0.0000,0.0000,-10.0000,0.0000,0.0422,-3.0000,0.0000,-10.0000,0.0000,0.0423,0.0000,0.0000,-5.0000,0.0000,3.0000
28.2500,0.0000,0.0000,-10.0000,0.0000,0.0421,-3.0000,0.0000,-10.0000,0.0000,0.0442,0.0000,0.0000,-5.0000,0.0000,3.0000
28.3000,0.0000,0.0000,-10.0000,0.0000,0.0421,-3.0000,0.0000,-10.0000,0.0000,0.0423,0.0000,0.0000,-5.0000,0.0000,3.0000
28.3500,0.0000,0.0000,-10.0000,0.0000,0.0424,-3.0000,0.0000,-10.0000,0.0000,0.0439,0.0000,0.0000,-5.0000,0.0000,3.0000
28.4000,0.0000,0.0000,-10.0000,0.0000,0.0446,-3.0000,0.0000,-10.0000,0.0000,0.0417,0.0000,0.0000,-5.0000,0.0000,3.0000
28.4500,0.0000,0.0000,-10.0000,0.0000,0.0441,-3.0000,0.0000,-10.0000,0.0000,0.0441,0.0000,0.0000,-5.0000,0.0000,3.0000
28.5000,0.0000,0.0000,-10.0000,0.0000,0.0432,-3.0000,0.0000,-10.0000,0.0000,0.0421,0.0000,0.0000,-5.0000,0.0000,3.0000
28.5500,0.0000,0.0000,-10.0000,0.0000,0.0422,-3.0000,0.0000,-10.0000,0.0000,0.0420,0.0000,0.0000,-5.0000,0.0000,3.0000
28.6000,0.0000,0.0000,-10.0000,0.0000,0.0420,-3.0000,0.0000,-10.0000,0.0000,0.0420,0.0000,0.0000,-5.0000,0.0000,3.0000
28.6500,0.0000,0.0000,-10.0000,0.0000,0.0421,-3.0000,0.0000,-10.0000,0.0000,0.0419,0.0000,0.0000,-5.0000,0.0000,3.0000
28.7000,0.0000,0.0000,-10.0000,0.0000,0.0416,-3.0000,0.0000,-10.0000,0.0000,0.0425,0.0000,0.0000,-5.0000,0.0000,3.0000
28.7500,0.0000,0.0000,-10.0000,0.0000,0.0420,-3.0000,0.0000,-10.0000,0.0000,0.0417,0.0000,0.0000,-5.0000,0.0000,3.0000
28.8000,0.0000,0.0000,-10.0000,0.0000,0.0418,-3.0000,0.0000,-10.0000,0.0000,0.0419,0.0000,0.0000,-5.0000,0.0000,3.0000
28.8500,0.0000,0.0000,-10.0000,0.0000,0.0419,-3.0000,0.0000,-10.0000,0.0000,0.0419,0.0000,0.0000,-5.0000,0.0000,3.0000
28.9000,0.0000,0.0000,-10.0000,0.0000,0.0432,-3.0000,0.0000,-10.0000,0.0000,0.0416,0.0000,0.0000,-5.0000,0.0000,3.0000
28.9500,0.0000,0.0000,-10.0000,0.0000,0.0430,-3.0000,0.0000,-10.0000,0.0000,0.0423,0.0000,0.0000,-5.0000,0.0000,3.0000
29.0000,0.0000,0.0000,-10.0000,0.0000,0.0418,-3.0000,0.0000,-10.0000,0.0000,0.0418,0.0000,0.0000,-5.0000,0.0000,3.0000
29.0500,0.0000,0.0000,-10.0000,0.0000,0.0423,-3.0000,0.0000,-10.0000,0.0000,0.0423,0.0000,0.0000,-5.0000,0.0000,3.0000
29.1000,0.0000,0.0000,-10.0000,0.0000,0.0422,-3.0000,0.0000,-10.0000,0.0000,0.0422,0.0000,0.0000,-5.0000,0.0000,3.0000
29.1500,0.0000,0.0000,-10.0000,0.0000,0.0417,-3.0000,0.0000,-10.0000,0.0000,0.0424,0.0000,0.0000,-5.0000,0.0000,3.0000
29.2000,0.0000,0.0000,-10.0000,0.0000,0.0420,-3.0000,0.0000,-10.0000,0.0000,0.0418,0.0000,0.0000,-5.0000,0.0000,3.0000
29.2500,0.0000,0.0000,-10.0000,0.0000,0.0422,-3.0000,0.0000,-10.0000,0.0000,0.0420,0.0000,0.0000,-5.0000,0.0000,3.0000
29.3000,0.0000,0.0000,-10.0000,0.0000,0.0419,-3.0000,0.0000,-10.0000,0.0000,0.0432,0.0000,0.0000,-5.0000,0.0000,3.0000
29.3500,0.0000,0.0000,-10.0000,0.0000,0.0417,-3.0000,0.0000,-10.0000,0.0000,0.0424,0.0000,0.0000,-5.0000,0.0000,3.0000
29.4000,0.0000,0.0000,-10.0000,0.0000,0.0433,-3.0000,0.0000,-10.0000,0.0000,0.0422,0.0000,0.0000,-5.0000,0.0000,3.0000
29.4500,0.0000,0.0000,-10.0000,0.0000,0.0419,-3.0000,0.0000,-10.0000,0.0000,0.0419,0.0000,0.0000,-5.0000,0.0000,3.0000
29.5000,0.0000,0.0000,-10.0000,0.0000,0.0419,-3.0000,0.0000,-10.0000,0.0000,0.0421,0.0000,0.0000,-5.0000,0.0000,3.0000
29.5500,0.0000,0.0000,-10.0000,0.0000,0.0440,-3.0000,0.0000,-10.0000,0.0000,0.0444,0.0000,0.0000,-5.0000,0.0000,3.0000
29.6000,0.0000,0.0000,-10.0000,0.0000,0.0420,-3.0000,0.0000,-10.0000,0.0000,0.0430,0.0000,0.0000,-5.0000,0.0000,3.0000
29.6500,0.0000,0.0000,-10.0000,0.0000,0.0421,-3.0000,0.0000,-10.0000,0.0000,0.0417,0.0000,0.0000,-5.0000,0.0000,3.0000
29.7000,0.0000,0.0000,-10.0000,0.0000,0.0420,-3.0000,0.0000,-10.0000,0.0000,0.0419,0.0000,0.0000,-5.0000,0.0000,3.0000
29.7500,0.0000,0.0000,-10.0000,0.0000,0.0421,-3.0000,0.0000,-10.0000,0.0000,0.0417,0.0000,0.0000,-5.0000,0.0000,3.0000
29.8000,0.0000,0.0000,-10.0000,0.0000,0.0446,-3.0000,0.0000,-10.0000,0.0000,0.0444,0.0000,0.0000,-5.0000,0.0000,3.0000
29.8500,0.0000,0.0000,-10.0000,0.0000,0.0434,-3.0000,0.0000,-10.0000,0.0000,0.0421,0.0000,0.0000,-5.0000,0.0000,3.0000
29.9000,0.0000,0.0000,-10.0000,0.0000,0.0424,-3.0000,0.0000,-10.0000,0.0000,0.0421,0.0000,0.0000,-5.0000,0.0000,3.0000
29.9500,0.0000,0.0000,-10.0000,0.0000,0.0441,-3.0000,0.0000,-10.0000,0.0000,0.0421,0.0000,0.0000,-5.0000,0.0000,3.0000
30.0000,0.0000,0.0000,-10.0000,0.0000,0.0423,-3.0000,0.0000,-10.0000,0.0000,0.0423,0.0000,0.0000,-5.0000,0.0000,3.0000
30.0500,0.0000,0.0000,-10.0000,0.0000,0.0424,-3.0000,0.0000,-10.0000,0.0000,0.0423,0.0000,0.0000,-5.0000,0.0000,3.0000
30.1000,0.0000,0.0000,-10.0000,0.0000,0.0427,-3.0000,0.0000,-10.0000,0.0000,0.0422,0.0000,0.0000,-5.0000,0.0000,3.0000
30.1500,0.0000,0.0000,-10.0000,0.0000,0.0420,-3.0000,0.0000,-10.0000,0.0000,0.0451,0.0000,0.0000,-5.0000,0.0000,3.0000
30.2000,0.0000,0.0000,-10.0000,0.0000,0.0418,-3.0000,0.0000,-10.0000,0.0000,0.0419,0.0000,0.0000,-5.0000,0.0000,3.0000
30.2500,0.0000,0.0000,-10.0000,0.0000,0.0423,-3.0000,0.0000,-10.0000,0.0000,0.0420,0.0000,0.0000,-5.0000,0.0000,3.0000
30.3000,0.0000,0.0000,-10.0000,0.0000,0.0423,-3.0000,0.0000,-10.0000,0.0000,0.0429,0.0000,0.0000,-5.0000,0.0000,3.0000
30.3500,0.0000,0.0000,-10.0000,0.0000,0.0420,-3.0000,0.0000,-10.0000,0.0000,0.0444,0.0000,0.0000,-5.0000,0.0000,3.0000
30.4000,0.0000,0.0000,-10.0000,0.0000,0.0422,-3.0000,0.0000,-10.0000,0.0000,0.0419,0.0000,0.0000,-5.0000,0.0000,3.0000
30.4500,0.0000,0.0000,-10.0000,0.0000,0.0419,-3.0000,0.0000,-10.0000,0.0000,0.0419,0.0000,0.0000,-5.0000,0.0000,3.0000
30.5000,0.0000,0.0000,-10.0000,0.0000,0.0418,-3.0000,0.0000,-10.0000,0.0000,0.0418,0.0000,0.0000,-5.0000,0.0000,3.0000
30.5500,0.0000,0.0000,-10.0000,0.0000,0.0432,-3.0000,0.0000,-10.0000,0.0000,0.0430,0.0000,0.0000,-5.0000,0.0000,3.0000
30.6000,0.0000,0.0000,-10.0000,0.0000,0.0442,-3.0000,0.0000,-10.0000,0.0000,0.0422,0.0000,0.0000,-5.0000,0.0000,3.0000
30.6500,0.0000,0.0000,-10.0000,0.0000,0.0426,-3.0000,0.0000,-10.0000,0.0000,0.0422,0.0000,0.0000,-5.0000,0.0000,3.0000
30.7000,0.0000,0.0000,-10.0000,0.0000,0.0424,-3.0000,0.0000,-10.0000,0.0000,0.0418,0.0000,0.0000,-5.0000,0.0000,3.0000
30.7500,0.0000,0.0000,-10.0000,0.0000,0.0420,-3.0000,0.0000,-10.0000,0.0000,0.0430,0.0000,0.0000,-5.0000,0.0000,3.0000
30.8000,0.0000,0.0000,-10.0000,0.0000,0.0442,-3.0000,0.0000,-10.0000,0.0000,0.0417,0.0000,0.0000,-5.0000,0.0000,3.0000
30.8500,0.0000,0.0000,-10.0000,0.0000,0.0419,-3.0000,0.0000,-10.0000,0.0000,0.0420,0.0000,0.0000,-5.0000,0.0000,3.0000
30.9000,0.0000,0.0000,-10.0000,0.0000,0.0422,-3.0000,0.0000,-10.0000,0.0000,0.0418,0.0000,0.0000,-5.0000,0.0000,3.0000
30.9500,0.0000,0.0000,-10.0000,0.0000,0.0422,-3.0000,0.0000,-10.0000,0.0000,0.0421,0.0000,0.0000,-5.0000,0.0000,3.0000
31.0000,0.0000,0.0000,-10.0000,0.0000,0.0445,-3.0000,0.0000,-10.0000,0.0000,0.0445,0.0000,0.0000,-5.0000,0.0000,3.0000
31.0500,0.0000,0.0000,-10.0000,0.0000,0.0444,-3.0000,0.0000,-10.0000,0.0000,0.0424,0.0000,0.0000,-5.0000,0.0000,3.0000
31.1000,0.0000,0.0000,-10.0000,0.0000,0.0454,-3.0000,0.0000,-10.0000,0.0000,0.0426,0.0000,0.0000,-5.0000,0.0000,3.0000
31.1500,0.0000,0.0000,-10.0000,0.0000,0.0421,-3.0000,0.0000,-10.0000,0.0000,0.0420,0.0000,0.0000,-5.0000,0.0000,3.0000
31.2000,0.0000,0.0000,-10.0000,0.0000,0.0416,-3.0000,0.0000,-10.0000,0.0000,0.0443,0.0000,0.0000,-5.0000,0.0000,3.0000
31.2500,0.0000,0.0000,-10.0000,0.0000,0.0419,-3.0000,0.0000,-10.0000,0.0000,0.0420,0.0000,0.0000,-5.0000,0.0000,3.0000
31.3000,0.0000,0.0000,-10.0000,0.0000,0.0416,-3.0000,0.0000,-10.0000,0.0000,0.0421,0.0000,0.0000,-5.0000,0.0000,3.0000
31.3500,0.0000,0.0000,-10.0000,0.0000,0.0418,-3.0000,0.0000,-10.0000,0.0000,0.0416,0.0000,0.0000,-5.0000,0.0000,3.0000
31.4000,0.0000,0.0000,-10.0000,0.0000,0.0419,-3.0000,0.0000,-10.0000,0.0000,0.0420,0.0000,0.0000,-5.0000,0.0000,3.0000
31.4500,0.0000,0.0000,-10.0000,0.0000,0.0428,-3.0000,0.0000,-10.0000,0.0000,0.0418,0.0000,0.0000,-5.0000,0.0000,3.0000
31.5000,0.0000,0.0000,-10.0000,0.0000,0.0423,-3.0000,0.0000,-10.0000,0.0000,0.0420,0.0000,0.0000,-5.0000,0.0000,3.0000
31.5500,0.0000,0.0000,-10.0000,0.0000,0.0421,-3.0000,0.0000,-10.0000,0.0000,0.0419,0.0000,0.0000,-5.0000,0.0000,3.0000
31.6000,0.0000,0.0000,-10.0000,0.0000,0.0419,-3.0000,0.0000,-10.0000,0.0000,0.0417,0.0000,0.0000,-5.0000,0.0000,3.0000
31.6500,0.0000,0.0000,-10.0000,0.0000,0.0421,-3.0000,0.0000,-10.0000,0.0000,0.0426,0.0000,0.0000,-5.0000,0.0000,3.0000
31.7000,0.0000,0.0000,-10.0000,0.0000,0.0419,-3.0000,0.0000,-10.0000,0.0000,0.0420,0.0000,0.0000,-5.0000,0.0000,3.0000
31.7500,0.0000,0.0000,-10.0000,0.0000,0.0422,-3.0000,0.0000,-10.0000,0.0000,0.0422,0.0000,0.0000,-5.0000,0.0000,3.0000
31.8000,0.0000,0.0000,-10.0000,0.0000,0.0424,-3.0000,0.0000,-10.0000,0.0000,0.0434,0.0000,0.0000,-5.0000,0.0000,3.0000
31.8500,0.0000,0.0000,-10.0000,0.0000,0.0422,-3.0000,0.0000,-10.0000,0.0000,0.0424,0.0000,0.0000,-5.0000,0.0000,3.0000
31.9000,0.0000,0.0000,-10.0000,0.0000,0.0434,-3.0000,0.0000,-10.0000,0.0000,0.0424,0.0000,0.0000,-5.0000,0.0000,3.0000
31.9500,0.0000,0.0000,-10.0000,0.0000,0.0423,-3.0000,0.0000,-10.0000,0.0000,0.0449,0.0000,0.0000,-5.0000,0.0000,3.0000
32.0000,0.0000,0.0000,-10.0000,0.0000,0.0426,-3.0000,0.0000,-10.0000,0.0000,0.0431,0.0000,0.0000,-5.0000,0.0000,3.0000
32.0500,0.0000,0.0000,-10.0000,0.0000,0.0421,-3.0000,0.0000,-10.0000,0.0000,0.0418,0.0000,0.0000,-5.0000,0.0000,3.0000
32.1000,0.0000,0.0000,-10.0000,0.0000,0.0418,-3.0000,0.0000,-10.0000,0.0000,0.0415,0.0000,0.0000,-5.0000,0.0000,3.0000
32.1500,0.0000,0.0000,-10.0000,0.0000,0.0424,-3.0000,0.0000,-10.0000,0.0000,0.0419,0.0000,0.0000,-5.0000,0.0000,3.0000
32.2000,0.0000,0.0000,-10.0000,0.0000,0.0418,-3.0000,0.0000,-10.0000,0.0000,0.0420,0.0000,0.0000,-5.0000,0.0000,3.0000
32.2500,0.0000,0.0000,-10.0000,0.0000,0.0418,-3.0000,0.0000,-10.0000,0.0000,0.0419,0.0000,0.0000,-5.0000,0.0000,3.0000
32.3000,0.0000,0.0000,-10.0000,0.0000,0.0421,-3.0000,0.0000,-10.0000,0.0000,0.0421,0.0000,0.0000,-5.0000,0.0000,3.0000
32.3500,0.0000,0.0000,-10.0000,0.0000,0.0420,-3.0000,0.0000,-10.0000,0.0000,0.0429,0.0000,0.0000,-5.0000,0.0000,3.0000
32.4000,0.0000,0.0000,-10.0000,0.0000,0.0416,-3.0000,0.0000,-10.0000,0.0000,0.0421,0.0000,0.0000,-5.0000,0.0000,3.0000
32.4500,0.0000,0.0000,-10.0000,0.0000,0.0436,-3.0000,0.0000,-10.0000,0.0000,0.0415,0.0000,0.0000,-5.0000,0.0000,3.0000
32.5000,0.0000,0.0000,-10.0000,0.0000,0.0418,-3.0000,0.0000,-10.0000,0.0000,0.0421,0.0000,0.0000,-5.0000,0.0000,3.0000
32.5500,0.0000,0.0000,-10.0000,0.0000,0.0416,-3.0000,0.0000,-10.0000,0.0000,0.0421,0.0000,0.0000,-5.0000,0.0000,3.0000
32.6000,0.0000,0.0000,-10.0000,0.0000,0.0429,-3.0000,0.0000,-10.0000,0.0000,0.0421,0.0000,0.0000,-5.0000,0.0000,3.0000
32.6500,0.0000,0.0000,-10.0000,0.0000,0.0421,-3.0000,0.0000,-10.0000,0.0000,0.0414,0.0000,0.0000,-5.0000,0.0000,3.0000
32.7000,0.0000,0.0000,-10.0000,0.0000,0.0420,-3.0000,0.0000,-10.0000,0.0000,0.0422,0.0000,0.0000,-5.0000,0.0000,3.0000
32.7500,0.0000,0.0000,-10.0000,0.0000,0.0422,-3.0000,0.0000,-10.0000,0.0000,0.0420,0.0000,0.0000,-5.0000,0.0000,3.0000
32.8000,0.0000,0.0000,-10.0000,0.0000,0.0420,-3.0000,0.0000,-10.0000,0.0000,0.0431,0.0000,0.0000,-5.0000,0.0000,3.0000
32.8500,0.0000,0.0000,-10.0000,0.0000,0.0418,-3.0000,0.0000,-10.0000,0.0000,0.0432,0.0000,0.0000,-5.0000,0.0000,3.0000
32.9000,0.0000,0.0000,-10.0000,0.0000,0.0422,-3.0000,0.0000,-10.0000,0.0000,0.0418,0.0000,0.0000,-5.0000,0.0000,3.0000
32.9500,0.0000,0.0000,-10.0000,0.0000,0.0418,-3.0000,0.0000,-10.0000,0.0000,0.0420,0.0000,0.0000,-5.0000,0.0000,3.0000
33.0000,0.0000,0.0000,-10.0000,0.0000,0.0418,-3.0000,0.0000,-10.0000,0.0000,0.0431,0.0000,0.0000,-5.0000,0.0000,3.0000
33.0500,0.0000,0.0000,-10.0000,0.0000,0.0450,-3.0000,0.0000,-10.0000,0.0000,0.0444,0.0000,0.0000,-5.0000,0.0000,3.0000
33.1000,0.0000,0.0000,-10.0000,0.0000,0.0450,-3.0000,0.0000,-10.0000,0.0000,0.0420,0.0000,0.0000,-5.0000,0.0000,3.0000
33.1500,0.0000,0.0000,-10.0000,0.0000,0.0419,-3.0000,0.0000,-10.0000,0.0000,0.0420,0.0000,0.0000,-5.0000,0.0000,3.0000
33.2000,0.0000,0.0000,-10.0000,0.0000,0.0421,-3.0000,0.0000,-10.0000,0.0000,0.0417,0.0000,0.0000,-5.0000,0.0000,3.0000
33.2500,0.0000,0.0000,-10.0000,0.0000,0.0419,-3.0000,0.0000,-10.0000,0.0000,0.0431,0.0000,0.0000,-5.0000,0.0000,3.0000
33.3000,0.0000,0.0000,-10.0000,0.0000,0.0455,-3.0000,0.0000,-10.0000,0.0000,0.0423,0.0000,0.0000,-5.0000,0.0000,3.0000
33.3500,0.0000,0.0000,-10.0000,0.0000,0.0421,-3.0000,0.0000,-10.0000,0.0000,0.0423,0.0000,0.0000,-5.0000,0.0000,3.0000
33.4000,0.0000,0.0000,-10.0000,0.0000,0.0420,-3.0000,0.0000,-10.0000,0.0000,0.0427,0.0000,0.0000,-5.0000,0.0000,3.0000
33.4500,0.0000,0.0000,-10.0000,0.0000,0.0421,-3.0000,0.0000,-10.0000,0.0000,0.0421,0.0000,0.0000,-5.0000,0.0000,3.0000
33.5000,0.0000,0.0000,-10.0000,0.0000,0.0422,-3.0000,0.0000,-10.0000,0.0000,0.0453,0.0000,0.0000,-5.0000,0.0000,3.0000
33.5500,0.0000,0.0000,-10.0000,0.0000,0.0423,-3.0000,0.0000,-10.0000,0.0000,0.0419,0.0000,0.0000,-5.0000,0.0000,3.0000
33.6000,0.0000,0.0000,-10.0000,0.0000,0.0423,-3.0000,0.0000,-10.0000,0.0000,0.0419,0.0000,0.0000,-5.0000,0.0000,3.0000
33.6500,0.0000,0.0000,-10.0000,0.0000,0.0421,-3.0000,0.0000,-10.0000,0.0000,0.0446,0.0000,0.0000,-5.0000,0.0000,3.0000
33.7000,0.0000,0.0000,-10.0000,0.0000,0.0443,-3.0000,0.0000,-10.0000,0.0000,0.0444,0.0000,0.0000,-5.0000,0.0000,3.0000
33.7500,0.0000,0.0000,-10.0000,0.0000,0.0431,-3.0000,0.0000,-10.0000,0.0000,0.0418,0.0000,0.0000,-5.0000,0.0000,3.0000
33.8000,0.0000,0.0000,-10.0000,0.0000,0.0419,-3.0000,0.0000,-10.0000,0.0000,0.0420,0.0000,0.0000,-5.0000,0.0000,3.0000
33.8500,0.0000,0.0000,-10.0000,0.0000,0.0422,-3.0000,0.0000,-10.0000,0.0000,0.0417,0.0000,0.0000,-5.0000,0.0000,3.0000
33.9000,0.0000,0.0000,-10.0000,0.0000,0.0419,-3.0000,0.0000,-10.0000,0.0000,0.0442,0.0000,0.0000,-5.0000,0.0000,3.0000
33.9500,0.0000,0.0000,-10.0000,0.0000,0.0416,-3.0000,0.0000,-10.0000,0.0000,0.0427,0.0000,0.0000,-5.0000,0.0000,3.0000
34.0000,0.0000,0.0000,-10.0000,0.0000,0.0418,-3.0000,0.0000,-10.0000,0.0000,0.0418,0.0000,0.0000,-5.0000,0.0000,3.0000
34.0500,0.0000,0.0000,-10.0000,0.0000,0.0420,-3.0000,0.0000,-10.0000,0.0000,0.0420,0.0000,0.0000,-5.0000,0.0000,3.0000
34.1000,0.0000,0.0000,-10.0000,0.0000,0.0417,-3.0000,0.0000,-10.0000,0.0000,0.0441,0.0000,0.0000,-5.0000,0.0000,3.0000
34.1500,0.0000,0.0000,-10.0000,0.0000,0.0420,-3.0000,0.0000,-10.0000,0.0000,0.0418,0.0000,0.0000,-5.0000,0.0000,3.0000
34.2000,0.0000,0.0000,-10.0000,0.0000,0.0429,-3.0000,0.0000,-10.0000,0.0000,0.0419,0.0000,0.0000,-5.0000,0.0000,3.0000
34.2500,0.0000,0.0000,-10.0000,0.0000,0.0418,-3.0000,0.0000,-10.0000,0.0000,0.0425,0.0000,0.0000,-5.0000,0.0000,3.0000
34.3000,0.0000,0.0000,-10.0000,0.0000,0.0420,-3.0000,0.0000,-10.0000,0.0000,0.0438,0.0000,0.0000,-5.0000,0.0000,3.0000
34.3500,0.0000,0.0000,-10.0000,0.0000,0.0421,-3.0000,0.0000,-10.0000,0.0000,0.0418,0.0000,0.0000,-5.0000,0.0000,3.0000
34.4000,0.0000,0.0000,-10.0000,0.0000,0.0418,-3.0000,0.0000,-10.0000,0.0000,0.0424,0.0000,0.0000,-5.0000,0.0000,3.0000
34.4500,0.0000,0.0000,-10.0000,0.0000,0.0422,-3.0000,0.0000,-10.0000,0.0000,0.0419,0.0000,0.0000,-5.0000,0.0000,3.0000
34.5000,0.0000,0.0000,-10.0000,0.0000,0.0418,-3.0000,0.0000,-10.0000,0.0000,0.0420,0.0000,0.0000,-5.0000,0.0000,3.0000
34.5500,0.0000,0.0000,-10.0000,0.0000,0.0443,-3.0000,0.0000,-10.0000,0.0000,0.0419,0.0000,0.0000,-5.0000,0.0000,3.0000
34.6000,0.0000,0.0000,-10.0000,0.0000,0.0420,-3.0000,0.0000,-10.0000,0.0000,0.0418,0.0000,0.0000,-5.0000,0.0000,3.0000
34.6500,0.0000,0.0000,-10.0000,0.0000,0.0435,-3.0000,0.0000,-10.0000,0.0000,0.0421,0.0000,0.0000,-5.0000,0.0000,3.0000
34.7000,0.0000,0.0000,-10.0000,0.0000,0.0426,-3.0000,0.0000,-10.0000,0.0000,0.0424,0.0000,0.0000,-5.0000,0.0000,3.0000
34.7500,0.0000,0.0000,-10.0000,0.0000,0.0443,-3.0000,0.0000,-10.0000,0.0000,0.0438,0.0000,0.0000,-5.0000,0.0000,3.0000
34.8000,0.0000,0.0000,-10.0000,0.0000,0.0424,-3.0000,0.0000,-10.0000,0.0000,0.0423,0.0000,0.0000,-5.0000,0.0000,3.0000
34.8500,0.0000,0.0000,-10.0000,0.0000,0.0422,-3.0000,0.0000,-10.0000,0.0000,0.0427,0.0000,0.0000,-5.0000,0.0000,3.0000
34.9000,0.0000,0.0000,-10.0000,0.0000,0.0428,-3.0000,0.0000,-10.0000,0.0000,0.0423,0.0000,0.0000,-5.0000,0.0000,3.0000
34.9500,0.0000,0.0000,-10.0000,0.0000,0.0423,-3.0000,0.0000,-10.0000,0.0000,0.0420,0.0000,0.0000,-5.0000,0.0000,3.0000
35.0000,0.0000,0.0000,-10.0000,0.0000,0.0423,-3.0000,0.0000,-10.0000,0.0000,0.0418,0.0000,0.0000,-5.0000,0.0000,3.0000
35.0500,0.0000,0.0000,-10.0000,0.0000,0.0422,-3.0000,0.0000,-10.0000,0.0000,0.0426,0.0000,0.0000,-5.0000,0.0000,3.0000
35.1000,0.0000,0.0000,-10.0000,0.0000,0.0425,-3.0000,0.0000,-10.0000,0.0000,0.0422,0.0000,0.0000,-5.0000,0.0000,3.0000
35.1500,0.0000,0.0000,-10.0000,0.0000,0.0424,-3.0000,0.0000,-10.0000,0.0000,0.0453,0.0000,0.0000,-5.0000,0.0000,3.0000
35.2000,0.0000,0.0000,-10.0000,0.0000,0.0441,-3.0000,0.0000,-10.0000,0.0000,0.0420,0.0000,0.0000,-5.0000,0.0000,3.0000
35.2500,0.0000,0.0000,-10.0000,0.0000,0.0425,-3.0000,0.0000,-10.0000,0.0000,0.0422,0.0000,0.0000,-5.0000,0.0000,3.0000
35.3000,0.0000,0.0000,-10.0000,0.0000,0.0430,-3.0000,0.0000,-10.0000,0.0000,0.0434,0.0000,0.0000,-5.0000,0.0000,3.0000
35.3500,0.0000,0.0000,-10.0000,0.0000,0.0425,-3.0000,0.0000,-10.0000,0.0000,0.0451,0.0000,0.0000,-5.0000,0.0000,3.0000
35.4000,0.0000,0.0000,-10.0000,0.0000,0.0426,-3.0000,0.0000,-10.0000,0.0000,0.0419,0.0000,0.0000,-5.0000,0.0000,3.0000
35.4500,0.0000,0.0000,-10.0000,0.0000,0.0420,-3.0000,0.0000,-10.0000,0.0000,0.0416,0.0000,0.0000,-5.0000,0.0000,3.0000
35.5000,0.0000,0.0000,-10.0000,0.0000,0.0420,-3.0000,0.0000,-10.0000,0.0000,0.0421,0.0000,0.0000,-5.0000,0.0000,3.0000
35.5500,0.0000,0.0000,-10.0000,0.0000,0.0417,-3.0000,0.0000,-10.0000,0.0000,0.0424,0.0000,0.0000,-5.0000,0.0000,3.0000
35.6000,0.0000,0.0000,-10.0000,0.0000,0.0422,-3.0000,0.0000,-10.0000,0.0000,0.0420,0.0000,0.0000,-5.0000,0.0000,3.0000
35.6500,0.0000,0.0000,-10.0000,0.0000,0.0419,-3.0000,0.0000,-10.0000,0.0000,0.0417,0.0000,0.0000,-5.0000,0.0000,3.0000
35.7000,0.0000,0.0000,-10.0000,0.0000,0.0417,-3.0000,0.0000,-10.0000,0.0000,0.0421,0.0000,0.0000,-5.0000,0.0000,3.0000
35.7500,0.0000,0.0000,-10.0000,0.0000,0.0418,-3.0000,0.0000,-10.0000,0.0000,0.0429,0.0000,0.0000,-5.0000,0.0000,3.0000
35.8000,0.0000,0.0000,-10.0000,0.0000,0.0447,-3.0000,0.0000,-10.0000,0.0000,0.0434,0.0000,0.0000,-5.0000,0.0000,3.0000
35.8500,0.0000,0.0000,-10.0000,0.0000,0.0420,-3.0000,0.0000,-10.0000,0.0000,0.0417,0.0000,0.0000,-5.0000,0.0000,3.0000
35.9000,0.0000,0.0000,-10.0000,0.0000,0.0417,-3.0000,0.0000,-10.0000,0.0000,0.0419,0.0000,0.0000,-5.0000,0.0000,3.0000
35.9500,0.0000,0.0000,-10.0000,0.0000,0.0422,-3.0000,0.0000,-10.0000,0.0000,0.0420,0.0000,0.0000,-5.0000,0.0000,3.0000
36.0000,0.0000,0.0000,-10.0000,0.0000,0.0416,-3.0000,0.0000,-10.0000,0.0000,0.0426,0.0000,0.0000,-5.0000,0.0000,3.0000
36.0500,0.0000,0.0000,-10.0000,0.0000,0.0420,-3.0000,0.0000,-10.0000,0.0000,0.0417,0.0000,0.0000,-5.0000,0.0000,3.0000
36.1000,0.0000,0.0000,-10.0000,0.0000,0.0419,-3.0000,0.0000,-10.0000,0.0000,0.0421,0.0000,0.0000,-5.0000,0.0000,3.0000
36.1500,0.0000,0.0000,-10.0000,0.0000,0.0419,-3.0000,0.0000,-10.0000,0.0000,0.0421,0.0000,0.0000,-5.0000,0.0000,3.0000
36.2000,0.0000,0.0000,-10.0000,0.0000,0.0417,-3.0000,0.0000,-10.0000,0.0000,0.0444,0.0000,0.0000,-5.0000,0.0000,3.0000
36.2500,0.0000,0.0000,-10.0000,0.0000,0.0424,-3.0000,0.0000,-10.0000,0.0000,0.0421,0.0000,0.0000,-5.0000,0.0000,3.0000
36.3000,0.0000,0.0000,-10.0000,0.0000,0.0421,-3.0000,0.0000,-10.0000,0.0000,0.0419,0.0000,0.0000,-5.0000,0.0000,3.0000
36.3500,0.0000,0.0000,-10.0000,0.0000,0.0423,-3.0000,0.0000,-10.0000,0.0000,0.0419,0.0000,0.0000,-5.0000,0.0000,3.0000
36.4000,0.0000,0.0000,-10.0000,0.0000,0.0419,-3.0000,0.0000,-10.0000,0.0000,0.0416,0.0000,0.0000,-5.0000,0.0000,3.0000
36.4500,0.0000,0.0000,-10.0000,0.0000,0.0446,-3.0000,0.0000,-10.0000,0.0000,0.0450,0.0000,0.0000,-5.0000,0.0000,3.0000
36.5000,0.0000,0.0000,-10.0000,0.0000,0.0419,-3.0000,0.0000,-10.0000,0.0000,0.0444,0.0000,0.0000,-5.0000,0.0000,3.0000
36.5500,0.0000,0.0000,-10.0000,0.0000,0.0444,-3.0000,0.0000,-10.0000,0.0000,0.0442,0.0000,0.0000,-5.0000,0.0000,3.0000
36.6000,0.0000,0.0000,-10.0000,0.0000,0.0442,-3.0000,0.0000,-10.0000,0.0000,0.0445,0.0000,0.0000,-5.0000,0.0000,3.0000
36.6500,0.0000,0.0000,-10.0000,0.0000,0.0425,-3.0000,0.0000,-10.0000,0.0000,0.0442,0.0000,0.0000,-5.0000,0.0000,3.0000
36.7000,0.0000,0.0000,-10.0000,0.0000,0.0436,-3.0000,0.0000,-10.0000,0.0000,0.0442,0.0000,0.0000,-5.0000,0.0000,3.0000
36.7500,0.0000,0.0000,-10.0000,0.0000,0.0422,-3.0000,0.0000,-10.0000,0.0000,0.0426,0.0000,0.0000,-5.0000,0.0000,3.0000
36.8000,0.0000,0.0000,-10.0000,0.0000,0.0439,-3.0000,0.0000,-10.0000,0.0000,0.0456,0.0000,0.0000,-5.0000,0.0000,3.0000
36.8500,0.0000,0.0000,-10.0000,0.0000,0.0451,-3.0000,0.0000,-10.0000,0.0000,0.0436,0.0000,0.0000,-5.0000,0.0000,3.0000
36.9000,0.0000,0.0000,-10.0000,0.0000,0.0447,-3.0000,0.0000,-10.0000,0.0000,0.0433,0.0000,0.0000,-5.0000,0.0000,3.0000
36.9500,0.0000,0.0000,-10.0000,0.0000,0.0426,-3.0000,0.0000,-10.0000,0.0000,0.0422,0.0000,0.0000,-5.0000,0.0000,3.0000
37.0000,0.0000,0.0000,-10.0000,0.0000,0.0425,-3.0000,0.0000,-10.0000,0.0000,0.0450,0.0000,0.0000,-5.0000,0.0000,3.0000
37.0500,0.0000,0.0000,-10.0000,0.0000,0.0450,-3.0000,0.0000,-10.0000,0.0000,0.0417,0.0000,0.0000,-5.0000,0.0000,3.0000
37.1000,0.0000,0.0000,-10.0000,0.0000,0.0417,-3.0000,0.0000,-10.0000,0.0000,0.0418,0.0000,0.0000,-5.0000,0.0000,3.0000
37.1500,0.0000,0.0000,-10.0000,0.0000,0.0418,-3.0000,0.0000,-10.0000,0.0000,0.0421,0.0000,0.0000,-5.0000,0.0000,3.0000
37.2000,0.0000,0.0000,-10.0000,0.0000,0.0416,-3.0000,0.0000,-10.0000,0.0000,0.0456,0.0000,0.0000,-5.0000,0.0000,3.0000
37.2500,0.0000,0.0000,-10.0000,0.0000,0.0445,-3.0000,0.0000,-10.0000,0.0000,0.0443,0.0000,0.0000,-5.0000,0.0000,3.0000
37.3000,0.0000,0.0000,-10.0000,0.0000,0.0418,-3.0000,0.0000,-10.0000,0.0000,0.0423,0.0000,0.0000,-5.0000,0.0000,3.0000
37.3500,0.0000,0.0000,-10.0000,0.0000,0.0417,-3.0000,0.0000,-10.0000,0.0000,0.0425,0.0000,0.0000,-5.0000,0.0000,3.0000
37.4000,0.0000,0.0000,-10.0000,0.0000,0.0421,-3.0000,0.0000,-10.0000,0.0000,0.0442,0.0000,0.0000,-5.0000,0.0000,3.0000
37.4500,0.0000,0.0000,-10.0000,0.0000,0.0420,-3.0000,0.0000,-10.0000,0.0000,0.0416,0.0000,0.0000,-5.0000,0.0000,3.0000
37.5000,0.0000,0.0000,-10.0000,0.0000,0.0419,-3.0000,0.0000,-10.0000,0.0000,0.0420,0.0000,0.0000,-5.0000,0.0000,3.0000
37.5500,0.0000,0.0000,-10.0000,0.0000,0.0417,-3.0000,0.0000,-10.0000,0.0000,0.0419,0.0000,0.0000,-5.0000,0.0000,3.0000
37.6000,0.0000,0.0000,-10.0000,0.0000,0.0424,-3.0000,0.0000,-10.0000,0.0000,0.0419,0.0000,0.0000,-5.0000,0.0000,3.0000
37.6500,0.0000,0.0000,-10.0000,0.0000,0.0440,-3.0000,0.0000,-10.0000,0.0000,0.0420,0.0000,0.0000,-5.0000,0.0000,3.0000
37.7000,0.0000,0.0000,-10.0000,0.0000,0.0468,-3.0000,0.0000,-10.0000,0.0000,0.0474,0.0000,0.0000,-5.0000,0.0000,3.0000
37.7500,0.0000,0.0000,-10.0000,0.0000,0.0443,-3.0000,0.0000,-10.0000,0.0000,0.0424,0.0000,0.0000,-5.0000,0.0000,3.0000
37.8000,0.0000,0.0000,-10.0000,0.0000,0.0443,-3.0000,0.0000,-10.0000,0.0000,0.0460,0.0000,0.0000,-5.0000,0.0000,3.0000
37.8500,0.0000,0.0000,-10.0000,0.0000,0.0678,-3.0000,0.0000,-10.0000,0.0000,0.0495,0.0000,0.0000,-5.0000,0.0000,3.0000
37.9000,0.0000,0.0000,-10.0000,0.0000,0.0463,-3.0000,0.0000,-10.0000,0.0000,0.0451,0.0000,0.0000,-5.0000,0.0000,3.0000
37.9500,0.0000,0.0000,-10.0000,0.0000,0.0487,-3.0000,0.0000,-10.0000,0.0000,0.0447,0.0000,0.0000,-5.0000,0.0000,3.0000
38.0000,0.0000,0.0000,-10.0000,0.0000,0.0447,-3.0000,0.0000,-10.0000,0.0000,0.0444,0.0000,0.0000,-5.0000,0.0000,3.0000
38.0500,0.0000,0.0000,-10.0000,0.0000,0.0446,-3.0000,0.0000,-10.0000,0.0000,0.0445,0.0000,0.0000,-5.0000,0.0000,3.0000
38.1000,0.0000,0.0000,-10.0000,0.0000,0.0446,-3.0000,0.0000,-10.0000,0.0000,0.0444,0.0000,0.0000,-5.0000,0.0000,3.0000
38.1500,0.0000,0.0000,-10.0000,0.0000,0.0444,-3.0000,0.0000,-10.0000,0.0000,0.0451,0.0000,0.0000,-5.0000,0.0000,3.0000
38.2000,0.0000,0.0000,-10.0000,0.0000,0.0442,-3.0000,0.0000,-10.0000,0.0000,0.0420,0.0000,0.0000,-5.0000,0.0000,3.0000
38.2500,0.0000,0.0000,-10.0000,0.0000,0.0439,-3.0000,0.0000,-10.0000,0.0000,0.0431,0.0000,0.0000,-5.0000,0.0000,3.0000
38.3000,0.0000,0.0000,-10.0000,0.0000,0.0422,-3.0000,0.0000,-10.0000,0.0000,0.0416,0.0000,0.0000,-5.0000,0.0000,3.0000
38.3500,0.0000,0.0000,-10.0000,0.0000,0.0442,-3.0000,0.0000,-10.0000,0.0000,0.0448,0.0000,0.0000,-5.0000,0.0000,3.0000
38.4000,0.0000,0.0000,-10.0000,0.0000,0.0452,-3.0000,0.0000,-10.0000,0.0000,0.0441,0.0000,0.0000,-5.0000,0.0000,3.0000
38.4500,0.0000,0.0000,-10.0000,0.0000,0.0443,-3.0000,0.0000,-10.0000,0.0000,0.0443,0.0000,0.0000,-5.0000,0.0000,3.0000
38.5000,0.0000,0.0000,-10.0000,0.0000,0.0443,-3.0000,0.0000,-10.0000,0.0000,0.0441,0.0000,0.0000,-5.0000,0.0000,3.0000
38.5500,0.0000,0.0000,-10.0000,0.0000,0.0434,-3.0000,0.0000,-10.0000,0.0000,0.0433,0.0000,0.0000,-5.0000,0.0000,3.0000
38.6000,0.0000,0.0000,-10.0000,0.0000,0.0441,-3.0000,0.0000,-10.0000,0.0000,0.0427,0.0000,0.0000,-5.0000,0.0000,3.0000
38.6500,0.0000,0.0000,-10.0000,0.0000,0.0422,-3.0000,0.0000,-10.0000,0.0000,0.0425,0.0000,0.0000,-5.0000,0.0000,3.0000
38.7000,0.0000,0.0000,-10.0000,0.0000,0.0425,-3.0000,0.0000,-10.0000,0.0000,0.0422,0.0000,0.0000,-5.0000,0.0000,3.0000
38.7500,0.0000,0.0000,-10.0000,0.0000,0.0436,-3.0000,0.0000,-10.0000,0.0000,0.0434,0.0000,0.0000,-5.0000,0.0000,3.0000
38.8000,0.0000,0.0000,-10.0000,0.0000,0.0449,-3.0000,0.0000,-10.0000,0.0000,0.0417,0.0000,0.0000,-5.0000,0.0000,3.0000
38.8500,0.0000,0.0000,-10.0000,0.0000,0.0426,-3.0000,0.0000,-10.0000,0.0000,0.0418,0.0000,0.0000,-5.0000,0.0000,3.0000
38.9000,0.0000,0.0000,-10.0000,0.0000,0.0419,-3.0000,0.0000,-10.0000,0.0000,0.0420,0.0000,0.0000,-5.0000,0.0000,3.0000
38.9500,0.0000,0.0000,-10.0000,0.0000,0.0419,-3.0000,0.0000,-10.0000,0.0000,0.0445,0.0000,0.0000,-5.0000,0.0000,3.0000
39.0000,0.0000,0.0000,-10.0000,0.0000,0.0443,-3.0000,0.0000,-10.0000,0.0000,0.0420,0.0000,0.0000,-5.0000,0.0000,3.0000
39.0500,0.0000,0.0000,-10.0000,0.0000,0.0418,-3.0000,0.0000,-10.0000,0.0000,0.0432,0.0000,0.0000,-5.0000,0.0000,3.0000
39.1000,0.0000,0.0000,-10.0000,0.0000,0.0428,-3.0000,0.0000,-10.0000,0.0000,0.0425,0.0000,0.0000,-5.0000,0.0000,3.0000
39.1500,0.0000,0.0000,-10.0000,0.0000,0.0425,-3.0000,0.0000,-10.0000,0.0000,0.0419,0.0000,0.0000,-5.0000,0.0000,3.0000
39.2000,0.0000,0.0000,-10.0000,0.0000,0.0416,-3.0000,0.0000,-10.0000,0.0000,0.0418,0.0000,0.0000,-5.0000,0.0000,3.0000
39.2500,0.0000,0.0000,-10.0000,0.0000,0.0418,-3.0000,0.0000,-10.0000,0.0000,0.0417,0.0000,0.0000,-5.0000,0.0000,3.0000
39.3000,0.0000,0.0000,-10.0000,0.0000,0.0428,-3.0000,0.0000,-10.0000,0.0000,0.0413,0.0000,0.0000,-5.0000,0.0000,3.0000
39.3500,0.0000,0.0000,-10.0000,0.0000,0.0416,-3.0000,0.0000,-10.0000,0.0000,0.0444,0.0000,0.0000,-5.0000,0.0000,3.0000
39.4000,0.0000,0.0000,-10.0000,0.0000,0.0417,-3.0000,0.0000,-10.0000,0.0000,0.0421,0.0000,0.0000,-5.0000,0.0000,3.0000
39.4500,0.0000,0.0000,-10.0000,0.0000,0.0417,-3.0000,0.0000,-10.0000,0.0000,0.0419,0.0000,0.0000,-5.0000,0.0000,3.0000
39.5000,0.0000,0.0000,-10.0000,0.0000,0.0421,-3.0000,0.0000,-10.0000,0.0000,0.0432,0.0000,0.0000,-5.0000,0.0000,3.0000
39.5500,0.0000,0.0000,-10.0000,0.0000,0.0416,-3.0000,0.0000,-10.0000,0.0000,0.0420,0.0000,0.0000,-5.0000,0.0000,3.0000
39.6000,0.0000,0.0000,-10.0000,0.0000,0.0416,-3.0000,0.0000,-10.0000,0.0000,0.0418,0.0000,0.0000,-5.0000,0.0000,3.0000
39.6500,0.0000,0.0000,-10.0000,0.0000,0.0418,-3.0000,0.0000,-10.0000,0.0000,0.0419,0.0000,0.0000,-5.0000,0.0000,3.0000
39.7000,0.0000,0.0000,-10.0000,0.0000,0.0424,-3.0000,0.0000,-10.0000,0.0000,0.0418,0.0000,0.0000,-5.0000,0.0000,3.0000
39.7500,0.0000,0.0000,-10.0000,0.0000,0.0425,-3.0000,0.0000,-10.0000,0.0000,0.0417,0.0000,0.0000,-5.0000,0.0000,3.0000
39.8000,0.0000,0.0000,-10.0000,0.0000,0.0444,-3.0000,0.0000,-10.0000,0.0000,0.0436,0.0000,0.0000,-5.0000,0.0000,3.0000
39.8500,0.0000,0.0000,-10.0000,0.0000,0.0422,-3.0000,0.0000,-10.0000,0.0000,0.0418,0.0000,0.0000,-5.0000,0.0000,3.0000
39.9000,0.0000,0.0000,-10.0000,0.0000,0.0438,-3.0000,0.0000,-10.0000,0.0000,0.0420,0.0000,0.0000,-5.0000,0.0000,3.0000
39.9500,0.0000,0.0000,-10.0000,0.0000,0.0441,-3.0000,0.0000,-10.0000,0.0000,0.0449,0.0000,0.0000,-5.0000,0.0000,3.0000
